# ephsrv/houses-rows.tsv -- GENERATED by tools/houses_ref.py --rows;
# do not edit. Numeric conformance rows for 3.5b, made from the
# definitions alone. Columns: system, armc, lat, eps, ayanamsa, then
# cusp1..cusp12, Asc, MC, Vertex, EquAsc. Graded at the row's own
# armc and eps (3.5b); Placidus to 0.01 arcsec, the rest to 0.0001.
# A cell is degrees, `refused` (error 9), or `either` (within 1"
# of the polar boundary, either answer conforms).
# rows-sha256 fadbbaab732b81f667d7f8c3c9b2657a25edb3df1a2491a3d8bd3e4dcc47113d
placidus	0.000	-89.9990	23.4393	0.0	refused	refused	refused	refused	refused	refused	refused	refused	refused	refused	refused	refused	0.0025140	0.0000000	270.0003978	90.0000000
placidus	0.000	-89.9990	23.4393	24.0	refused	refused	refused	refused	refused	refused	refused	refused	refused	refused	refused	refused	336.0025140	336.0000000	246.0003978	66.0000000
placidus	0.000	-80.0000	23.4393	0.0	refused	refused	refused	refused	refused	refused	refused	refused	refused	refused	refused	refused	23.9067834	0.0000000	274.0120907	90.0000000
placidus	0.000	-80.0000	23.4393	24.0	refused	refused	refused	refused	refused	refused	refused	refused	refused	refused	refused	refused	359.9067834	336.0000000	250.0120907	66.0000000
placidus	0.000	-66.5617	23.4393	0.0	refused	refused	refused	refused	refused	refused	refused	refused	refused	refused	refused	refused	47.4628134	0.0000000	279.7843877	90.0000000
placidus	0.000	-66.5617	23.4393	24.0	refused	refused	refused	refused	refused	refused	refused	refused	refused	refused	refused	refused	23.4628134	336.0000000	255.7843877	66.0000000
placidus	0.000	-66.5597	23.4393	0.0	47.4655433	73.4034039	132.5371864	180.0000000	204.2979435	218.3760776	227.4655433	253.4034039	312.5371864	0.0000000	24.2979435	38.3760776	47.4655433	0.0000000	279.7853055	90.0000000
placidus	0.000	-66.5597	23.4393	24.0	23.4655433	49.4034039	108.5371864	156.0000000	180.2979435	194.3760776	203.4655433	229.4034039	288.5371864	336.0000000	0.2979435	14.3760776	23.4655433	336.0000000	255.7853055	66.0000000
placidus	0.000	-60.0000	23.4393	0.0	55.4343048	87.7892852	138.0470572	180.0000000	205.9473204	222.9788888	235.4343048	267.7892852	318.0470572	0.0000000	25.9473204	42.9788888	55.4343048	0.0000000	282.9340888	90.0000000
placidus	0.000	-60.0000	23.4393	24.0	31.4343048	63.7892852	114.0470572	156.0000000	181.9473204	198.9788888	211.4343048	243.7892852	294.0470572	336.0000000	1.9473204	18.9788888	31.4343048	336.0000000	258.9340888	66.0000000
placidus	0.000	-30.0000	23.4393	0.0	77.0659112	109.3922186	145.1400786	180.0000000	209.8504282	234.7338495	257.0659112	289.3922186	325.1400786	0.0000000	29.8504282	54.7338495	77.0659112	0.0000000	304.5656952	90.0000000
placidus	0.000	-30.0000	23.4393	24.0	53.0659112	85.3922186	121.1400786	156.0000000	185.8504282	210.7338495	233.0659112	265.3922186	301.1400786	336.0000000	5.8504282	30.7338495	53.0659112	336.0000000	280.5656952	66.0000000
placidus	0.000	0.5000	23.4393	0.0	90.1988929	118.0299769	147.8563123	180.0000000	212.2189126	242.2091448	270.1988929	298.0299769	327.8563123	0.0000000	32.2189126	62.2091448	90.1988929	0.0000000	181.2568150	90.0000000
placidus	0.000	0.5000	23.4393	24.0	66.1988929	94.0299769	123.8563123	156.0000000	188.2189126	218.2091448	246.1988929	274.0299769	303.8563123	336.0000000	8.2189126	38.2091448	66.1988929	336.0000000	157.2568150	66.0000000
placidus	0.000	17.3000	23.4393	0.0	97.0626042	122.0133160	149.1135158	180.0000000	213.5763613	246.5293912	277.0626042	302.0133160	329.1135158	0.0000000	33.5763613	66.5293912	97.0626042	0.0000000	218.0614522	90.0000000
placidus	0.000	17.3000	23.4393	24.0	73.0626042	98.0133160	125.1135158	156.0000000	189.5763613	222.5293912	253.0626042	278.0133160	305.1135158	336.0000000	9.5763613	42.5293912	73.0626042	336.0000000	194.0614522	66.0000000
placidus	0.000	40.0000	23.4393	0.0	108.4577098	128.2565259	151.1139888	180.0000000	216.2220088	254.9060407	288.4577098	308.2565259	331.1139888	0.0000000	36.2220088	74.9060407	108.4577098	0.0000000	244.6365910	90.0000000
placidus	0.000	40.0000	23.4393	24.0	84.4577098	104.2565259	127.1139888	156.0000000	192.2220088	230.9060407	264.4577098	284.2565259	307.1139888	336.0000000	12.2220088	50.9060407	84.4577098	336.0000000	220.6365910	66.0000000
placidus	0.000	47.6000	23.4393	0.0	113.5389876	130.9887469	152.0090095	180.0000000	217.6677054	259.4118347	293.5389876	310.9887469	332.0090095	0.0000000	37.6677054	79.4118347	113.5389876	0.0000000	250.0379364	90.0000000
placidus	0.000	47.6000	23.4393	24.0	89.5389876	106.9887469	128.0090095	156.0000000	193.6677054	235.4118347	269.5389876	286.9887469	308.0090095	336.0000000	13.6677054	55.4118347	89.5389876	336.0000000	226.0379364	66.0000000
placidus	0.000	60.0000	23.4393	0.0	124.5656952	137.0211112	154.0526796	180.0000000	221.9529428	272.2107148	304.5656952	317.0211112	334.0526796	0.0000000	41.9529428	92.2107148	124.5656952	0.0000000	257.0659112	90.0000000
placidus	0.000	60.0000	23.4393	24.0	100.5656952	113.0211112	130.0526796	156.0000000	197.9529428	248.2107148	280.5656952	293.0211112	310.0526796	336.0000000	17.9529428	68.2107148	100.5656952	336.0000000	233.0659112	66.0000000
placidus	0.000	66.5597	23.4393	0.0	132.5344567	141.6239224	155.7020565	180.0000000	227.4628136	286.5965961	312.5344567	321.6239224	335.7020565	0.0000000	47.4628136	106.5965961	132.5344567	0.0000000	260.2146945	90.0000000
placidus	0.000	66.5597	23.4393	24.0	108.5344567	117.6239224	131.7020565	156.0000000	203.4628136	262.5965961	288.5344567	297.6239224	311.7020565	336.0000000	23.4628136	82.5965961	108.5344567	336.0000000	236.2146945	66.0000000
placidus	0.000	66.5607	23.4393	0.0	either	either	either	either	either	either	either	either	either	either	either	either	132.5358216	0.0000000	260.2151534	90.0000000
placidus	0.000	66.5607	23.4393	24.0	either	either	either	either	either	either	either	either	either	either	either	either	108.5358216	336.0000000	236.2151534	66.0000000
placidus	0.000	66.5617	23.4393	0.0	refused	refused	refused	refused	refused	refused	refused	refused	refused	refused	refused	refused	132.5371866	0.0000000	260.2156123	90.0000000
placidus	0.000	66.5617	23.4393	24.0	refused	refused	refused	refused	refused	refused	refused	refused	refused	refused	refused	refused	108.5371866	336.0000000	236.2156123	66.0000000
placidus	0.000	70.0000	23.4393	0.0	refused	refused	refused	refused	refused	refused	refused	refused	refused	refused	refused	refused	137.5411724	0.0000000	261.7620094	90.0000000
placidus	0.000	70.0000	23.4393	24.0	refused	refused	refused	refused	refused	refused	refused	refused	refused	refused	refused	refused	113.5411724	336.0000000	237.7620094	66.0000000
placidus	0.000	89.9990	23.4393	0.0	refused	refused	refused	refused	refused	refused	refused	refused	refused	refused	refused	refused	179.9974860	0.0000000	269.9996022	90.0000000
placidus	0.000	89.9990	23.4393	24.0	refused	refused	refused	refused	refused	refused	refused	refused	refused	refused	refused	refused	155.9974860	336.0000000	245.9996022	66.0000000
placidus	0.000	90.0000	23.4393	0.0	refused	refused	refused	refused	refused	refused	refused	refused	refused	refused	refused	refused	refused	refused	refused	refused
placidus	0.000	90.0000	23.4393	24.0	refused	refused	refused	refused	refused	refused	refused	refused	refused	refused	refused	refused	refused	refused	refused	refused
placidus	77.100	-89.9990	23.4393	0.0	refused	refused	refused	refused	refused	refused	refused	refused	refused	refused	refused	refused	180.0005613	78.1330088	345.9838421	165.9837376
placidus	77.100	-89.9990	23.4393	24.0	refused	refused	refused	refused	refused	refused	refused	refused	refused	refused	refused	refused	156.0005613	54.1330088	321.9838421	141.9837376
placidus	77.100	-80.0000	23.4393	0.0	refused	refused	refused	refused	refused	refused	refused	refused	refused	refused	refused	refused	189.3115820	78.1330088	346.9669598	165.9837376
placidus	77.100	-80.0000	23.4393	24.0	refused	refused	refused	refused	refused	refused	refused	refused	refused	refused	refused	refused	165.3115820	54.1330088	322.9669598	141.9837376
placidus	77.100	-66.5617	23.4393	0.0	refused	refused	refused	refused	refused	refused	refused	refused	refused	refused	refused	refused	84.0671498	78.1330088	348.1799742	165.9837376
placidus	77.100	-66.5617	23.4393	24.0	refused	refused	refused	refused	refused	refused	refused	refused	refused	refused	refused	refused	60.0671498	54.1330088	324.1799742	141.9837376
placidus	77.100	-66.5597	23.4393	0.0	84.0894317	233.6758753	252.1375873	258.1330088	261.1137538	262.8992853	264.0894317	53.6758753	72.1375873	78.1330088	81.1137538	82.8992853	84.0894317	78.1330088	348.1801518	165.9837376
placidus	77.100	-66.5597	23.4393	24.0	60.0894317	209.6758753	228.1375873	234.1330088	237.1137538	238.8992853	240.0894317	29.6758753	48.1375873	54.1330088	57.1137538	58.8992853	60.0894317	54.1330088	324.1801518	141.9837376
placidus	77.100	-60.0000	23.4393	0.0	132.6092259	215.6623166	242.7991610	258.1330088	270.8062068	285.0830284	312.6092259	35.6623166	62.7991610	78.1330088	90.8062068	105.0830284	132.6092259	78.1330088	348.7658854	165.9837376
placidus	77.100	-60.0000	23.4393	24.0	108.6092259	191.6623166	218.7991610	234.1330088	246.8062068	261.0830284	288.6092259	11.6623166	38.7991610	54.1330088	66.8062068	81.0830284	108.6092259	54.1330088	324.7658854	141.9837376
placidus	77.100	-30.0000	23.4393	0.0	161.4337456	202.1117109	233.2225561	258.1330088	281.3888339	307.2939089	341.4337456	22.1117109	53.2225561	78.1330088	101.3888339	127.2939089	161.4337456	78.1330088	351.9740138	165.9837376
placidus	77.100	-30.0000	23.4393	24.0	137.4337456	178.1117109	209.2225561	234.1330088	257.3888339	283.2939089	317.4337456	358.1117109	29.2225561	54.1330088	77.3888339	103.2939089	137.4337456	54.1330088	327.9740138	141.9837376
placidus	77.100	0.5000	23.4393	0.0	166.0358071	198.4913085	229.4974891	258.1330088	285.8261747	314.7331387	346.0358071	18.4913085	49.4974891	78.1330088	105.8261747	134.7331387	166.0358071	78.1330088	0.2862431	165.9837376
placidus	77.100	0.5000	23.4393	24.0	142.0358071	174.4913085	205.4974891	234.1330088	261.8261747	290.7331387	322.0358071	354.4913085	25.4974891	54.1330088	81.8261747	110.7331387	142.0358071	54.1330088	336.2862431	141.9837376
placidus	77.100	17.3000	23.4393	0.0	167.6332833	197.0372829	227.7282155	258.1330088	288.0335286	317.9521159	347.6332833	17.0372829	47.7282155	78.1330088	108.0335286	137.9521159	167.6332833	78.1330088	30.2515161	165.9837376
placidus	77.100	17.3000	23.4393	24.0	143.6332833	173.0372829	203.7282155	234.1330088	264.0335286	293.9521159	323.6332833	353.0372829	23.7282155	54.1330088	84.0335286	113.9521159	143.6332833	54.1330088	6.2515161	141.9837376
placidus	77.100	40.0000	23.4393	0.0	169.6970010	194.9710603	224.8330048	258.1330088	291.8348234	322.7600910	349.6970010	14.9710603	44.8330048	78.1330088	111.8348234	142.7600910	169.6970010	78.1330088	332.0226615	165.9837376
placidus	77.100	40.0000	23.4393	24.0	145.6970010	170.9710603	200.8330048	234.1330088	267.8348234	298.7600910	325.6970010	350.9710603	20.8330048	54.1330088	87.8348234	118.7600910	145.6970010	54.1330088	308.0226615	141.9837376
placidus	77.100	47.6000	23.4393	0.0	170.4709513	194.1345159	223.4998431	258.1330088	293.6863935	324.7823862	350.4709513	14.1345159	43.4998431	78.1330088	113.6863935	144.7823862	170.4709513	78.1330088	337.2005482	165.9837376
placidus	77.100	47.6000	23.4393	24.0	146.4709513	170.1345159	199.4998431	234.1330088	269.6863935	300.7823862	326.4709513	350.1345159	19.4998431	54.1330088	89.6863935	120.7823862	146.4709513	54.1330088	313.2005482	141.9837376
placidus	77.100	60.0000	23.4393	0.0	171.9740138	192.4016949	220.3504169	258.1330088	298.4207129	329.0977817	351.9740138	12.4016949	40.3504169	78.1330088	118.4207129	149.0977817	171.9740138	78.1330088	341.4337456	165.9837376
placidus	77.100	60.0000	23.4393	24.0	147.9740138	168.4016949	196.3504169	234.1330088	274.4207129	305.0977817	327.9740138	348.4016949	16.3504169	54.1330088	94.4207129	125.0977817	147.9740138	54.1330088	317.4337456	141.9837376
placidus	77.100	66.5597	23.4393	0.0	172.9752810	191.1607511	217.6842334	258.1330088	303.0315770	332.2779665	352.9752810	11.1607511	37.6842334	78.1330088	123.0315770	152.2779665	172.9752810	78.1330088	342.8146954	165.9837376
placidus	77.100	66.5597	23.4393	24.0	148.9752810	167.1607511	193.6842334	234.1330088	279.0315770	308.2779665	328.9752810	347.1607511	13.6842334	54.1330088	99.0315770	128.2779665	148.9752810	54.1330088	318.8146954	141.9837376
placidus	77.100	66.5607	23.4393	0.0	either	either	either	either	either	either	either	either	either	either	either	either	172.9754494	78.1330088	342.8148802	165.9837376
placidus	77.100	66.5607	23.4393	24.0	either	either	either	either	either	either	either	either	either	either	either	either	148.9754494	54.1330088	318.8148802	141.9837376
placidus	77.100	66.5617	23.4393	0.0	refused	refused	refused	refused	refused	refused	refused	refused	refused	refused	refused	refused	172.9756178	78.1330088	342.8150650	165.9837376
placidus	77.100	66.5617	23.4393	24.0	refused	refused	refused	refused	refused	refused	refused	refused	refused	refused	refused	refused	148.9756178	54.1330088	318.8150650	141.9837376
placidus	77.100	70.0000	23.4393	0.0	refused	refused	refused	refused	refused	refused	refused	refused	refused	refused	refused	refused	173.5900684	78.1330088	343.4140046	165.9837376
placidus	77.100	70.0000	23.4393	24.0	refused	refused	refused	refused	refused	refused	refused	refused	refused	refused	refused	refused	149.5900684	54.1330088	319.4140046	141.9837376
placidus	77.100	89.9990	23.4393	0.0	refused	refused	refused	refused	refused	refused	refused	refused	refused	refused	refused	refused	179.9994388	78.1330088	345.9836331	165.9837376
placidus	77.100	89.9990	23.4393	24.0	refused	refused	refused	refused	refused	refused	refused	refused	refused	refused	refused	refused	155.9994388	54.1330088	321.9836331	141.9837376
placidus	77.100	90.0000	23.4393	0.0	refused	refused	refused	refused	refused	refused	refused	refused	refused	refused	refused	refused	refused	refused	refused	refused
placidus	77.100	90.0000	23.4393	24.0	refused	refused	refused	refused	refused	refused	refused	refused	refused	refused	refused	refused	refused	refused	refused	refused
placidus	143.300	-89.9990	23.4393	0.0	refused	refused	refused	refused	refused	refused	refused	refused	refused	refused	refused	refused	179.9979843	140.9090413	55.6326085	235.6329465
placidus	143.300	-89.9990	23.4393	24.0	refused	refused	refused	refused	refused	refused	refused	refused	refused	refused	refused	refused	155.9979843	116.9090413	31.6326085	211.6329465
placidus	143.300	-80.0000	23.4393	0.0	refused	refused	refused	refused	refused	refused	refused	refused	refused	refused	refused	refused	154.8483245	140.9090413	52.3552223	235.6329465
placidus	143.300	-80.0000	23.4393	24.0	refused	refused	refused	refused	refused	refused	refused	refused	refused	refused	refused	refused	130.8483245	116.9090413	28.3552223	211.6329465
placidus	143.300	-66.5617	23.4393	0.0	refused	refused	refused	refused	refused	refused	refused	refused	refused	refused	refused	refused	294.7259454	140.9090413	48.0459048	235.6329465
placidus	143.300	-66.5617	23.4393	24.0	refused	refused	refused	refused	refused	refused	refused	refused	refused	refused	refused	refused	270.7259454	116.9090413	24.0459048	211.6329465
placidus	143.300	-66.5597	23.4393	0.0	294.7207713	299.8050349	307.5658496	320.9090413	349.0672846	71.4264986	114.7207713	119.8050349	127.5658496	140.9090413	169.0672846	251.4264986	294.7207713	140.9090413	48.0452529	235.6329465
placidus	143.300	-66.5597	23.4393	24.0	270.7207713	275.8050349	283.5658496	296.9090413	325.0672846	47.4264986	90.7207713	95.8050349	103.5658496	116.9090413	145.0672846	227.4264986	270.7207713	116.9090413	24.0452529	211.6329465
placidus	143.300	-60.0000	23.4393	0.0	279.9504729	290.8725806	303.4987920	320.9090413	350.2796332	46.9179027	99.9504729	110.8725806	123.4987920	140.9090413	170.2796332	226.9179027	279.9504729	140.9090413	45.8634464	235.6329465
placidus	143.300	-60.0000	23.4393	24.0	255.9504729	266.8725806	279.4987920	296.9090413	326.2796332	22.9179027	75.9504729	86.8725806	99.4987920	116.9090413	146.2796332	202.9179027	255.9504729	116.9090413	21.8634464	211.6329465
placidus	143.300	-30.0000	23.4393	0.0	248.3254087	272.7077696	295.5991530	320.9090413	352.0425492	29.8466391	68.3254087	92.7077696	115.5991530	140.9090413	172.0425492	209.8466391	248.3254087	140.9090413	32.9438141	235.6329465
placidus	143.300	-30.0000	23.4393	24.0	224.3254087	248.7077696	271.5991530	296.9090413	328.0425492	5.8466391	44.3254087	68.7077696	91.5991530	116.9090413	148.0425492	185.8466391	224.3254087	116.9090413	8.9438141	211.6329465
placidus	143.300	0.5000	23.4393	0.0	235.4642676	263.7165019	291.4980077	320.9090413	352.7127885	25.0850721	55.4642676	83.7165019	111.4980077	140.9090413	172.7127885	205.0850721	235.4642676	140.9090413	358.9799910	235.6329465
placidus	143.300	0.5000	23.4393	24.0	211.4642676	239.7165019	267.4980077	296.9090413	328.7127885	1.0850721	31.4642676	59.7165019	87.4980077	116.9090413	148.7127885	181.0850721	211.4642676	116.9090413	334.9799910	211.6329465
placidus	143.300	17.3000	23.4393	0.0	230.0237225	259.1823875	289.2930260	320.9090413	353.0167983	23.1462628	50.0237225	79.1823875	109.2930260	140.9090413	173.0167983	203.1462628	230.0237225	140.9090413	132.2705043	235.6329465
placidus	143.300	17.3000	23.4393	24.0	206.0237225	235.1823875	265.2930260	296.9090413	329.0167983	359.1462628	26.0237225	55.1823875	85.2930260	116.9090413	149.0167983	179.1462628	206.0237225	116.9090413	108.2705043	211.6329465
placidus	143.300	40.0000	23.4393	0.0	222.2694246	251.5111108	285.1993437	320.9090413	353.4904972	20.3671409	42.2694246	71.5111108	105.1993437	140.9090413	173.4904972	200.3671409	222.2694246	140.9090413	84.7085509	235.6329465
placidus	143.300	40.0000	23.4393	24.0	198.2694246	227.5111108	261.1993437	296.9090413	329.4904972	356.3671409	18.2694246	47.5111108	81.1993437	116.9090413	149.4904972	176.3671409	198.2694246	116.9090413	60.7085509	211.6329465
placidus	143.300	47.6000	23.4393	0.0	219.1755211	247.9146575	283.0359266	320.9090413	353.6981216	19.2346961	39.1755211	67.9146575	103.0359266	140.9090413	173.6981216	199.2346961	219.1755211	140.9090413	77.0010017	235.6329465
placidus	143.300	47.6000	23.4393	24.0	195.1755211	223.9146575	259.0359266	296.9090413	329.6981216	355.2346961	15.1755211	43.9146575	79.0359266	116.9090413	149.6981216	175.2346961	195.1755211	116.9090413	53.0010017	211.6329465
placidus	143.300	60.0000	23.4393	0.0	212.9438141	239.4101059	276.6562904	320.9090413	354.1618302	16.8775858	32.9438141	59.4101059	96.6562904	140.9090413	174.1618302	196.8775858	212.9438141	140.9090413	68.3254087	235.6329465
placidus	143.300	60.0000	23.4393	24.0	188.9438141	215.4101059	252.6562904	296.9090413	330.1618302	352.8775858	8.9438141	35.4101059	72.6562904	116.9090413	150.1618302	172.8775858	188.9438141	116.9090413	44.3254087	211.6329465
placidus	143.300	66.5597	23.4393	0.0	208.6789977	232.3904554	265.3949293	320.9090413	354.5256210	15.1818529	28.6789977	52.3904554	85.3949293	140.9090413	174.5256210	195.1818529	208.6789977	140.9090413	64.8844564	235.6329465
placidus	143.300	66.5597	23.4393	24.0	184.6789977	208.3904554	241.3949293	296.9090413	330.5256210	351.1818529	4.6789977	28.3904554	61.3949293	116.9090413	150.5256210	171.1818529	184.6789977	116.9090413	40.8844564	211.6329465
placidus	143.300	66.5607	23.4393	0.0	either	either	either	either	either	either	either	either	either	either	either	either	208.6782757	140.9090413	64.8839732	235.6329465
placidus	143.300	66.5607	23.4393	24.0	either	either	either	either	either	either	either	either	either	either	either	either	184.6782757	116.9090413	40.8839732	211.6329465
placidus	143.300	66.5617	23.4393	0.0	refused	refused	refused	refused	refused	refused	refused	refused	refused	refused	refused	refused	208.6775536	140.9090413	64.8834900	235.6329465
placidus	143.300	66.5617	23.4393	24.0	refused	refused	refused	refused	refused	refused	refused	refused	refused	refused	refused	refused	184.6775536	116.9090413	40.8834900	211.6329465
placidus	143.300	70.0000	23.4393	0.0	refused	refused	refused	refused	refused	refused	refused	refused	refused	refused	refused	refused	206.0369790	140.9090413	63.2840281	235.6329465
placidus	143.300	70.0000	23.4393	24.0	refused	refused	refused	refused	refused	refused	refused	refused	refused	refused	refused	refused	182.0369790	116.9090413	39.2840281	211.6329465
placidus	143.300	89.9990	23.4393	0.0	refused	refused	refused	refused	refused	refused	refused	refused	refused	refused	refused	refused	180.0020156	140.9090413	55.6332845	235.6329465
placidus	143.300	89.9990	23.4393	24.0	refused	refused	refused	refused	refused	refused	refused	refused	refused	refused	refused	refused	156.0020156	116.9090413	31.6332845	211.6329465
placidus	143.300	90.0000	23.4393	0.0	refused	refused	refused	refused	refused	refused	refused	refused	refused	refused	refused	refused	refused	refused	refused	refused
placidus	143.300	90.0000	23.4393	24.0	refused	refused	refused	refused	refused	refused	refused	refused	refused	refused	refused	refused	refused	refused	refused	refused
placidus	200.000	-89.9990	23.4393	0.0	refused	refused	refused	refused	refused	refused	refused	refused	refused	refused	refused	refused	359.9976377	201.6385041	108.4656467	288.4660276
placidus	200.000	-89.9990	23.4393	24.0	refused	refused	refused	refused	refused	refused	refused	refused	refused	refused	refused	refused	335.9976377	177.6385041	84.4656467	264.4660276
placidus	200.000	-80.0000	23.4393	0.0	refused	refused	refused	refused	refused	refused	refused	refused	refused	refused	refused	refused	339.9134840	201.6385041	104.5364229	288.4660276
placidus	200.000	-80.0000	23.4393	24.0	refused	refused	refused	refused	refused	refused	refused	refused	refused	refused	refused	refused	315.9134840	177.6385041	80.5364229	264.4660276
placidus	200.000	-66.5617	23.4393	0.0	refused	refused	refused	refused	refused	refused	refused	refused	refused	refused	refused	refused	322.6506922	201.6385041	98.5542613	288.4660276
placidus	200.000	-66.5617	23.4393	24.0	refused	refused	refused	refused	refused	refused	refused	refused	refused	refused	refused	refused	298.6506922	177.6385041	74.5542613	264.4660276
placidus	200.000	-66.5597	23.4393	0.0	322.6487228	334.1134654	351.8340841	21.6385041	76.1836448	117.9087348	142.6487228	154.1134654	171.8340841	201.6385041	256.1836448	297.9087348	322.6487228	201.6385041	98.5532778	288.4660276
placidus	200.000	-66.5597	23.4393	24.0	298.6487228	310.1134654	327.8340841	357.6385041	52.1836448	93.9087348	118.6487228	130.1134654	147.8340841	177.6385041	232.1836448	273.9087348	298.6487228	177.6385041	74.5532778	264.4660276
placidus	200.000	-60.0000	23.4393	0.0	316.8598438	331.1596659	351.2907632	21.6385041	66.0585114	108.4068010	136.8598438	151.1596659	171.2907632	201.6385041	246.0585114	288.4068010	316.8598438	201.6385041	95.1166445	288.4660276
placidus	200.000	-60.0000	23.4393	24.0	292.8598438	307.1596659	327.2907632	357.6385041	42.0585114	84.4068010	112.8598438	127.1596659	147.2907632	177.6385041	222.0585114	264.4068010	292.8598438	177.6385041	71.1166445	264.4660276
placidus	200.000	-30.0000	23.4393	0.0	300.0421617	323.1036026	349.9530832	21.6385041	56.2052006	89.6915575	120.0421617	143.1036026	169.9530832	201.6385041	236.2052006	269.6915575	300.0421617	201.6385041	68.2355982	288.4660276
placidus	200.000	-30.0000	23.4393	24.0	276.0421617	299.1036026	325.9530832	357.6385041	32.2052006	65.6915575	96.0421617	119.1036026	145.9530832	177.6385041	212.2052006	245.6915575	276.0421617	177.6385041	44.2355982	264.4660276
placidus	200.000	0.5000	23.4393	0.0	288.2753932	317.4608399	349.1075936	21.6385041	52.3545078	80.6793282	108.2753932	137.4608399	169.1075936	201.6385041	232.3545078	260.6793282	288.2753932	201.6385041	178.8270310	288.4660276
placidus	200.000	0.5000	23.4393	24.0	264.2753932	293.4608399	325.1075936	357.6385041	28.3545078	56.6793282	84.2753932	113.4608399	145.1075936	177.6385041	208.3545078	236.6793282	264.2753932	177.6385041	154.8270310	264.4660276
placidus	200.000	17.3000	23.4393	0.0	281.4250878	313.9740141	348.6134264	21.6385041	50.5165817	76.1915474	101.4250878	133.9740141	168.6134264	201.6385041	230.5165817	256.1915474	281.4250878	201.6385041	149.4312502	288.4660276
placidus	200.000	17.3000	23.4393	24.0	257.4250878	289.9740141	324.6134264	357.6385041	26.5165817	52.1915474	77.4250878	109.9740141	144.6134264	177.6385041	206.5165817	232.1915474	257.4250878	177.6385041	125.4312502	264.4660276
placidus	200.000	40.0000	23.4393	0.0	268.7821000	306.6709640	347.6364537	21.6385041	47.4927157	68.6847095	88.7821000	126.6709640	167.6364537	201.6385041	227.4927157	248.6847095	268.7821000	201.6385041	129.9768823	288.4660276
placidus	200.000	40.0000	23.4393	24.0	244.7821000	282.6709640	323.6364537	357.6385041	23.4927157	44.6847095	64.7821000	102.6709640	143.6364537	177.6385041	203.4927157	224.6847095	244.7821000	177.6385041	105.9768823	264.4660276
placidus	200.000	47.6000	23.4393	0.0	262.6132136	302.4062573	347.0990527	21.6385041	46.0922936	65.2028328	82.6132136	122.4062573	167.0990527	201.6385041	226.0922936	245.2028328	262.6132136	201.6385041	125.7715209	288.4660276
placidus	200.000	47.6000	23.4393	24.0	238.6132136	278.4062573	323.0990527	357.6385041	22.0922936	41.2028328	58.6132136	98.4062573	143.0990527	177.6385041	202.0922936	221.2028328	238.6132136	177.6385041	101.7715209	264.4660276
placidus	200.000	60.0000	23.4393	0.0	248.2355982	288.5630559	345.5290366	21.6385041	42.7598712	57.0639786	68.2355982	108.5630559	165.5290366	201.6385041	222.7598712	237.0639786	248.2355982	201.6385041	120.0421617	288.4660276
placidus	200.000	60.0000	23.4393	24.0	224.2355982	264.5630559	321.5290366	357.6385041	18.7598712	33.0639786	44.2355982	84.5630559	141.5290366	177.6385041	198.7598712	213.0639786	224.2355982	177.6385041	96.0421617	264.4660276
placidus	200.000	66.5597	23.4393	0.0	237.2840765	264.5015075	343.7200331	21.6385041	39.9076270	50.4409364	57.2840765	84.5015075	163.7200331	201.6385041	219.9076270	230.4409364	237.2840765	201.6385041	117.3602317	288.4660276
placidus	200.000	66.5597	23.4393	24.0	213.2840765	240.5015075	319.7200331	357.6385041	15.9076270	26.4409364	33.2840765	60.5015075	139.7200331	177.6385041	195.9076270	206.4409364	213.2840765	177.6385041	93.3602317	264.4660276
placidus	200.000	66.5607	23.4393	0.0	either	either	either	either	either	either	either	either	either	either	either	either	237.2821828	201.6385041	117.3598350	288.4660276
placidus	200.000	66.5607	23.4393	24.0	either	either	either	either	either	either	either	either	either	either	either	either	213.2821828	177.6385041	93.3598350	264.4660276
placidus	200.000	66.5617	23.4393	0.0	refused	refused	refused	refused	refused	refused	refused	refused	refused	refused	refused	refused	237.2802890	201.6385041	117.3594383	288.4660276
placidus	200.000	66.5617	23.4393	24.0	refused	refused	refused	refused	refused	refused	refused	refused	refused	refused	refused	refused	213.2802890	177.6385041	93.3594383	264.4660276
placidus	200.000	70.0000	23.4393	0.0	refused	refused	refused	refused	refused	refused	refused	refused	refused	refused	refused	refused	230.3383184	201.6385041	116.0126922	288.4660276
placidus	200.000	70.0000	23.4393	24.0	refused	refused	refused	refused	refused	refused	refused	refused	refused	refused	refused	refused	206.3383184	177.6385041	92.0126922	264.4660276
placidus	200.000	89.9990	23.4393	0.0	refused	refused	refused	refused	refused	refused	refused	refused	refused	refused	refused	refused	0.0023624	201.6385041	108.4664084	288.4660276
placidus	200.000	89.9990	23.4393	24.0	refused	refused	refused	refused	refused	refused	refused	refused	refused	refused	refused	refused	336.0023624	177.6385041	84.4664084	264.4660276
placidus	200.000	90.0000	23.4393	0.0	refused	refused	refused	refused	refused	refused	refused	refused	refused	refused	refused	refused	refused	refused	refused	refused
placidus	200.000	90.0000	23.4393	24.0	refused	refused	refused	refused	refused	refused	refused	refused	refused	refused	refused	refused	refused	refused	refused	refused
placidus	280.457	-89.9990	23.4393	0.0	refused	refused	refused	refused	refused	refused	refused	refused	refused	refused	refused	refused	0.0004563	279.6109051	191.3740424	11.3739572
placidus	280.457	-89.9990	23.4393	24.0	refused	refused	refused	refused	refused	refused	refused	refused	refused	refused	refused	refused	336.0004563	255.6109051	167.3740424	347.3739572
placidus	280.457	-80.0000	23.4393	0.0	refused	refused	refused	refused	refused	refused	refused	refused	refused	refused	refused	refused	3.2891453	279.6109051	192.3045559	11.3739572
placidus	280.457	-80.0000	23.4393	24.0	refused	refused	refused	refused	refused	refused	refused	refused	refused	refused	refused	refused	339.2891453	255.6109051	168.3045559	347.3739572
placidus	280.457	-66.5617	23.4393	0.0	refused	refused	refused	refused	refused	refused	refused	refused	refused	refused	refused	refused	5.6956473	279.6109051	193.9659455	11.3739572
placidus	280.457	-66.5617	23.4393	24.0	refused	refused	refused	refused	refused	refused	refused	refused	refused	refused	refused	refused	341.6956473	255.6109051	169.9659455	347.3739572
placidus	280.457	-66.5597	23.4393	0.0	5.6959202	26.1762949	55.1888944	99.6109051	140.4418048	167.2524443	185.6959202	206.1762949	235.1888944	279.6109051	320.4418048	347.2524443	5.6959202	279.6109051	193.9662488	11.3739572
placidus	280.457	-66.5597	23.4393	24.0	341.6959202	2.1762949	31.1888944	75.6109051	116.4418048	143.2524443	161.6959202	182.1762949	211.1888944	255.6109051	296.4418048	323.2524443	341.6959202	255.6109051	169.9662488	347.3739572
placidus	280.457	-60.0000	23.4393	0.0	6.5071649	29.1655646	59.5775340	99.6109051	137.6192433	165.8327947	186.5071649	209.1655646	239.5775340	279.6109051	317.6192433	345.8327947	6.5071649	279.6109051	195.1015586	11.3739572
placidus	280.457	-60.0000	23.4393	24.0	342.5071649	5.1655646	35.5775340	75.6109051	113.6192433	141.8327947	162.5071649	185.1655646	215.5775340	255.6109051	293.6192433	321.8327947	342.5071649	255.6109051	171.1015586	347.3739572
placidus	280.457	-30.0000	23.4393	0.0	9.1096939	37.3087082	67.8266767	99.6109051	131.4610384	161.8062557	189.1096939	217.3087082	247.8266767	279.6109051	311.4610384	341.8062557	9.1096939	279.6109051	220.3980752	11.3739572
placidus	280.457	-30.0000	23.4393	24.0	345.1096939	13.3087082	43.8266767	75.6109051	107.4610384	137.8062557	165.1096939	193.3087082	223.8266767	255.6109051	287.4610384	317.8062557	345.1096939	255.6109051	196.3980752	347.3739572
placidus	280.457	0.5000	23.4393	0.0	11.4167356	43.0018093	72.0246211	99.6109051	127.9860228	158.7973826	191.4167356	223.0018093	252.0246211	279.6109051	307.9860228	338.7973826	11.4167356	279.6109051	180.2237160	11.3739572
placidus	280.457	0.5000	23.4393	24.0	347.4167356	19.0018093	48.0246211	75.6109051	103.9860228	134.7973826	167.4167356	199.0018093	228.0246211	255.6109051	283.9860228	314.7973826	347.4167356	255.6109051	156.2237160	347.3739572
placidus	280.457	17.3000	23.4393	0.0	13.1258215	46.5148357	74.2652950	99.6109051	126.0563986	156.8406511	193.1258215	226.5148357	254.2652950	279.6109051	306.0563986	336.8406511	13.1258215	279.6109051	184.7606192	11.3739572
placidus	280.457	17.3000	23.4393	24.0	349.1258215	22.5148357	50.2652950	75.6109051	102.0563986	132.8406511	169.1258215	202.5148357	230.2652950	255.6109051	282.0563986	312.8406511	349.1258215	255.6109051	160.7606192	347.3739572
placidus	280.457	40.0000	23.4393	0.0	17.7069435	53.8602512	78.3997574	99.6109051	122.3816995	152.4634719	197.7069435	233.8602512	258.3997574	279.6109051	302.3816995	332.4634719	17.7069435	279.6109051	187.5124678	11.3739572
placidus	280.457	40.0000	23.4393	24.0	353.7069435	29.8602512	54.3997574	75.6109051	98.3816995	128.4634719	173.7069435	209.8602512	234.3997574	255.6109051	278.3816995	308.4634719	353.7069435	255.6109051	163.5124678	347.3739572
placidus	280.457	47.6000	23.4393	0.0	21.2540645	58.1418469	80.5721294	99.6109051	120.3999761	149.7164527	201.2540645	238.1418469	260.5721294	279.6109051	300.3999761	329.7164527	21.2540645	279.6109051	188.1619097	11.3739572
placidus	280.457	47.6000	23.4393	24.0	357.2540645	34.1418469	56.5721294	75.6109051	96.3999761	125.7164527	177.2540645	214.1418469	236.5721294	255.6109051	276.3999761	305.7164527	357.2540645	255.6109051	164.1619097	347.3739572
placidus	280.457	60.0000	23.4393	0.0	40.3980752	71.9985952	86.9200401	99.6109051	114.4498095	139.7653159	220.3980752	251.9985952	266.9200401	279.6109051	294.4498095	319.7653159	40.3980752	279.6109051	189.1096939	11.3739572
placidus	280.457	60.0000	23.4393	24.0	16.3980752	47.9985952	62.9200401	75.6109051	90.4498095	115.7653159	196.3980752	227.9985952	242.9200401	255.6109051	270.4498095	295.7653159	16.3980752	255.6109051	165.1096939	347.3739572
placidus	280.457	66.5597	23.4393	0.0	94.7854057	95.7509419	97.1981054	99.6109051	104.4521228	119.2310954	274.7854057	275.7509419	277.1981054	279.6109051	284.4521228	299.2310954	94.7854057	279.6109051	189.5856940	11.3739572
placidus	280.457	66.5597	23.4393	24.0	70.7854057	71.7509419	73.1981054	75.6109051	80.4521228	95.2310954	250.7854057	251.7509419	253.1981054	255.6109051	260.4521228	275.2310954	70.7854057	255.6109051	165.5856940	347.3739572
placidus	280.457	66.5607	23.4393	0.0	either	either	either	either	either	either	either	either	either	either	either	either	94.7991597	279.6109051	189.5857662	11.3739572
placidus	280.457	66.5607	23.4393	24.0	either	either	either	either	either	either	either	either	either	either	either	either	70.7991597	255.6109051	165.5857662	347.3739572
placidus	280.457	66.5617	23.4393	0.0	refused	refused	refused	refused	refused	refused	refused	refused	refused	refused	refused	refused	94.8129143	279.6109051	189.5858384	11.3739572
placidus	280.457	66.5617	23.4393	24.0	refused	refused	refused	refused	refused	refused	refused	refused	refused	refused	refused	refused	70.8129143	255.6109051	165.5858384	347.3739572
placidus	280.457	70.0000	23.4393	0.0	refused	refused	refused	refused	refused	refused	refused	refused	refused	refused	refused	refused	316.4073609	279.6109051	189.8342845	11.3739572
placidus	280.457	70.0000	23.4393	24.0	refused	refused	refused	refused	refused	refused	refused	refused	refused	refused	refused	refused	292.4073609	255.6109051	165.8342845	347.3739572
placidus	280.457	89.9990	23.4393	0.0	refused	refused	refused	refused	refused	refused	refused	refused	refused	refused	refused	refused	359.9995437	279.6109051	191.3738720	11.3739572
placidus	280.457	89.9990	23.4393	24.0	refused	refused	refused	refused	refused	refused	refused	refused	refused	refused	refused	refused	335.9995437	255.6109051	167.3738720	347.3739572
placidus	280.457	90.0000	23.4393	0.0	refused	refused	refused	refused	refused	refused	refused	refused	refused	refused	refused	refused	refused	refused	refused	refused
placidus	280.457	90.0000	23.4393	24.0	refused	refused	refused	refused	refused	refused	refused	refused	refused	refused	refused	refused	refused	refused	refused	refused
placidus	333.300	-89.9990	23.4393	0.0	refused	refused	refused	refused	refused	refused	refused	refused	refused	refused	refused	refused	0.0022459	331.2692165	245.2296236	65.2292565
placidus	333.300	-89.9990	23.4393	24.0	refused	refused	refused	refused	refused	refused	refused	refused	refused	refused	refused	refused	336.0022459	307.2692165	221.2296236	41.2292565
placidus	333.300	-80.0000	23.4393	0.0	refused	refused	refused	refused	refused	refused	refused	refused	refused	refused	refused	refused	18.5119945	331.2692165	249.0464052	65.2292565
placidus	333.300	-80.0000	23.4393	24.0	refused	refused	refused	refused	refused	refused	refused	refused	refused	refused	refused	refused	354.5119945	307.2692165	225.0464052	41.2292565
placidus	333.300	-66.5617	23.4393	0.0	refused	refused	refused	refused	refused	refused	refused	refused	refused	refused	refused	refused	33.8941933	331.2692165	254.9751963	65.2292565
placidus	333.300	-66.5617	23.4393	24.0	refused	refused	refused	refused	refused	refused	refused	refused	refused	refused	refused	refused	9.8941933	307.2692165	230.9751963	41.2292565
placidus	333.300	-66.5597	23.4393	0.0	33.8959436	58.2309923	94.5577604	151.2692165	182.6973177	201.6175989	213.8959436	238.2309923	274.5577604	331.2692165	2.6973177	21.6175989	33.8959436	331.2692165	254.9761831	65.2292565
placidus	333.300	-66.5597	23.4393	24.0	9.8959436	34.2309923	70.5577604	127.2692165	158.6973177	177.6175989	189.8959436	214.2309923	250.5577604	307.2692165	338.6973177	357.6175989	9.8959436	307.2692165	230.9761831	41.2292565
placidus	333.300	-60.0000	23.4393	0.0	39.0510900	66.6230962	106.7128042	151.2692165	182.8764290	204.0588763	219.0510900	246.6230962	286.7128042	331.2692165	2.8764290	24.0588763	39.0510900	331.2692165	258.4490906	65.2292565
placidus	333.300	-60.0000	23.4393	24.0	15.0510900	42.6230962	82.7128042	127.2692165	158.8764290	180.0588763	195.0510900	222.6230962	262.7128042	307.2692165	338.8764290	0.0588763	15.0510900	307.2692165	234.4490906	41.2292565
placidus	333.300	-30.0000	23.4393	0.0	54.3022646	84.2122491	117.0406191	151.2692165	183.3193305	210.8231500	234.3022646	264.2122491	297.0406191	331.2692165	3.3193305	30.8231500	54.3022646	331.2692165	287.2107540	65.2292565
placidus	333.300	-30.0000	23.4393	24.0	30.3022646	60.2122491	93.0406191	127.2692165	159.3193305	186.8231500	210.3022646	240.2122491	273.0406191	307.2692165	339.3193305	6.8231500	30.3022646	307.2692165	263.2107540	41.2292565
placidus	333.300	0.5000	23.4393	0.0	65.4130769	93.1606493	121.1343883	151.2692165	183.6005906	215.6830249	245.4130769	273.1606493	301.1343883	331.2692165	3.6005906	35.6830249	65.4130769	331.2692165	181.1127773	65.2292565
placidus	333.300	0.5000	23.4393	24.0	41.4130769	69.1606493	97.1343883	127.2692165	159.6005906	191.6830249	221.4130769	249.1606493	277.1343883	307.2692165	339.6005906	11.6830249	41.4130769	307.2692165	157.1127773	41.2292565
placidus	333.300	17.3000	23.4393	0.0	72.1117805	97.7319122	123.1113063	151.2692165	183.7653690	218.7448933	252.1117805	277.7319122	303.1113063	331.2692165	3.7653690	38.7448933	72.1117805	331.2692165	207.8709169	65.2292565
placidus	333.300	17.3000	23.4393	24.0	48.1117805	73.7319122	99.1113063	127.2692165	159.7653690	194.7448933	228.1117805	253.7319122	279.1113063	307.2692165	339.7653690	14.7448933	48.1117805	307.2692165	183.8709169	41.2292565
placidus	333.300	40.0000	23.4393	0.0	84.9804329	105.5587147	126.4062836	151.2692165	184.0917057	225.3146123	264.9804329	285.5587147	306.4062836	331.2692165	4.0917057	45.3146123	84.9804329	331.2692165	225.2278332	65.2292565
placidus	333.300	40.0000	23.4393	24.0	60.9804329	81.5587147	102.4062836	127.2692165	160.0917057	201.3146123	240.9804329	261.5587147	282.4062836	307.2692165	340.0917057	21.3146123	60.9804329	307.2692165	201.2278332	41.2292565
placidus	333.300	47.6000	23.4393	0.0	91.4990950	109.2699644	127.9537534	151.2692165	184.2713537	229.2526110	271.4990950	289.2699644	307.9537534	331.2692165	4.2713537	49.2526110	91.4990950	331.2692165	229.0414226	65.2292565
placidus	333.300	47.6000	23.4393	24.0	67.4990950	85.2699644	103.9537534	127.2692165	160.2713537	205.2526110	247.4990950	265.2699644	283.9537534	307.2692165	340.2713537	25.2526110	67.4990950	307.2692165	205.0414226	41.2292565
placidus	333.300	60.0000	23.4393	0.0	107.2107540	118.1578444	131.7045117	151.2692165	184.7952728	242.5782881	287.2107540	298.1578444	311.7045117	331.2692165	4.7952728	62.5782881	107.2107540	331.2692165	234.3022646	65.2292565
placidus	333.300	60.0000	23.4393	24.0	83.2107540	94.1578444	107.7045117	127.2692165	160.7952728	218.5782881	263.2107540	274.1578444	287.7045117	307.2692165	340.7952728	38.5782881	83.2107540	307.2692165	210.3022646	41.2292565
placidus	333.300	66.5597	23.4393	0.0	119.4878926	125.6126509	135.0102314	151.2692165	185.3925548	271.7877521	299.4878926	305.6126509	315.0102314	331.2692165	5.3925548	91.7877521	119.4878926	331.2692165	236.7954143	65.2292565
placidus	333.300	66.5597	23.4393	24.0	95.4878926	101.6126509	111.0102314	127.2692165	161.3925548	247.7877521	275.4878926	281.6126509	291.0102314	307.2692165	341.3925548	67.7877521	95.4878926	307.2692165	212.7954143	41.2292565
placidus	333.300	66.5607	23.4393	0.0	either	either	either	either	either	either	either	either	either	either	either	either	119.4900247	331.2692165	236.7957846	65.2292565
placidus	333.300	66.5607	23.4393	24.0	either	either	either	either	either	either	either	either	either	either	either	either	95.4900247	307.2692165	212.7957846	41.2292565
placidus	333.300	66.5617	23.4393	0.0	refused	refused	refused	refused	refused	refused	refused	refused	refused	refused	refused	refused	119.4921568	331.2692165	236.7961550	65.2292565
placidus	333.300	66.5617	23.4393	24.0	refused	refused	refused	refused	refused	refused	refused	refused	refused	refused	refused	refused	95.4921568	307.2692165	212.7961550	41.2292565
placidus	333.300	70.0000	23.4393	0.0	refused	refused	refused	refused	refused	refused	refused	refused	refused	refused	refused	refused	127.3030611	331.2692165	238.0562699	65.2292565
placidus	333.300	70.0000	23.4393	24.0	refused	refused	refused	refused	refused	refused	refused	refused	refused	refused	refused	refused	103.3030611	307.2692165	214.0562699	41.2292565
placidus	333.300	89.9990	23.4393	0.0	refused	refused	refused	refused	refused	refused	refused	refused	refused	refused	refused	refused	359.9977541	331.2692165	245.2288894	65.2292565
placidus	333.300	89.9990	23.4393	24.0	refused	refused	refused	refused	refused	refused	refused	refused	refused	refused	refused	refused	335.9977541	307.2692165	221.2288894	41.2292565
placidus	333.300	90.0000	23.4393	0.0	refused	refused	refused	refused	refused	refused	refused	refused	refused	refused	refused	refused	refused	refused	refused	refused
placidus	333.300	90.0000	23.4393	24.0	refused	refused	refused	refused	refused	refused	refused	refused	refused	refused	refused	refused	refused	refused	refused	refused
koch	0.000	-89.9990	23.4393	0.0	refused	refused	refused	refused	refused	refused	refused	refused	refused	refused	refused	refused	0.0025140	0.0000000	270.0003978	90.0000000
koch	0.000	-89.9990	23.4393	24.0	refused	refused	refused	refused	refused	refused	refused	refused	refused	refused	refused	refused	336.0025140	336.0000000	246.0003978	66.0000000
koch	0.000	-80.0000	23.4393	0.0	refused	refused	refused	refused	refused	refused	refused	refused	refused	refused	refused	refused	23.9067834	0.0000000	274.0120907	90.0000000
koch	0.000	-80.0000	23.4393	24.0	refused	refused	refused	refused	refused	refused	refused	refused	refused	refused	refused	refused	359.9067834	336.0000000	250.0120907	66.0000000
koch	0.000	-66.5617	23.4393	0.0	refused	refused	refused	refused	refused	refused	refused	refused	refused	refused	refused	refused	47.4628134	0.0000000	279.7843877	90.0000000
koch	0.000	-66.5617	23.4393	24.0	refused	refused	refused	refused	refused	refused	refused	refused	refused	refused	refused	refused	23.4628134	336.0000000	255.7843877	66.0000000
koch	0.000	-66.5597	23.4393	0.0	47.4655433	62.0917186	76.1931240	180.0000000	196.2807572	212.1820843	227.4655433	242.0917186	256.1931240	0.0000000	16.2807572	32.1820843	47.4655433	0.0000000	279.7853055	90.0000000
koch	0.000	-66.5597	23.4393	24.0	23.4655433	38.0917186	52.1931240	156.0000000	172.2807572	188.1820843	203.4655433	218.0917186	232.1931240	336.0000000	352.2807572	8.1820843	23.4655433	336.0000000	255.7853055	66.0000000
koch	0.000	-60.0000	23.4393	0.0	55.4343048	75.1124846	101.9247617	180.0000000	198.6255266	217.0370055	235.4343048	255.1124846	281.9247617	0.0000000	18.6255266	37.0370055	55.4343048	0.0000000	282.9340888	90.0000000
koch	0.000	-60.0000	23.4393	24.0	31.4343048	51.1124846	77.9247617	156.0000000	174.6255266	193.0370055	211.4343048	231.1124846	257.9247617	336.0000000	354.6255266	13.0370055	31.4343048	336.0000000	258.9340888	66.0000000
koch	0.000	-30.0000	23.4393	0.0	77.0659112	104.8167202	138.4878563	180.0000000	206.0205468	231.5190451	257.0659112	284.8167202	318.4878563	0.0000000	26.0205468	51.5190451	77.0659112	0.0000000	304.5656952	90.0000000
koch	0.000	-30.0000	23.4393	24.0	53.0659112	80.8167202	114.4878563	156.0000000	182.0205468	207.5190451	233.0659112	260.8167202	294.4878563	336.0000000	2.0205468	27.5190451	53.0659112	336.0000000	280.5656952	66.0000000
koch	0.000	0.5000	23.4393	0.0	90.1988929	118.0895919	147.9312242	180.0000000	212.2944523	242.2690902	270.1988929	298.0895919	327.9312242	0.0000000	32.2944523	62.2690902	90.1988929	0.0000000	181.2568150	90.0000000
koch	0.000	0.5000	23.4393	24.0	66.1988929	94.0895919	123.9312242	156.0000000	188.2944523	218.2690902	246.1988929	274.0895919	303.9312242	336.0000000	8.2944523	38.2690902	66.1988929	336.0000000	157.2568150	66.0000000
koch	0.000	17.3000	23.4393	0.0	97.0626042	123.9314336	151.4365003	180.0000000	216.7054265	248.8610954	277.0626042	303.9314336	331.4365003	0.0000000	36.7054265	68.8610954	97.0626042	0.0000000	218.0614522	90.0000000
koch	0.000	17.3000	23.4393	24.0	73.0626042	99.9314336	127.4365003	156.0000000	192.7054265	224.8610954	253.0626042	279.9314336	307.4365003	336.0000000	12.7054265	44.8610954	73.0626042	336.0000000	194.0614522	66.0000000
koch	0.000	40.0000	23.4393	0.0	108.4577098	132.4622058	156.1004396	180.0000000	227.3370814	261.7889788	288.4577098	312.4622058	336.1004396	0.0000000	47.3370814	81.7889788	108.4577098	0.0000000	244.6365910	90.0000000
koch	0.000	40.0000	23.4393	24.0	84.4577098	108.4622058	132.1004396	156.0000000	203.3370814	237.7889788	264.4577098	288.4622058	312.1004396	336.0000000	23.3370814	57.7889788	84.4577098	336.0000000	220.6365910	66.0000000
koch	0.000	47.6000	23.4393	0.0	113.5389876	135.9222221	157.8810550	180.0000000	234.3261148	268.4708044	293.5389876	315.9222221	337.8810550	0.0000000	54.3261148	88.4708044	113.5389876	0.0000000	250.0379364	90.0000000
koch	0.000	47.6000	23.4393	24.0	89.5389876	111.9222221	133.8810550	156.0000000	210.3261148	244.4708044	269.5389876	291.9222221	313.8810550	336.0000000	30.3261148	64.4708044	89.5389876	336.0000000	226.0379364	66.0000000
koch	0.000	60.0000	23.4393	0.0	124.5656952	142.9629945	161.3744734	180.0000000	258.0752383	284.8875154	304.5656952	322.9629945	341.3744734	0.0000000	78.0752383	104.8875154	124.5656952	0.0000000	257.0659112	90.0000000
koch	0.000	60.0000	23.4393	24.0	100.5656952	118.9629945	137.3744734	156.0000000	234.0752383	260.8875154	280.5656952	298.9629945	317.3744734	336.0000000	54.0752383	80.8875154	100.5656952	336.0000000	233.0659112	66.0000000
koch	0.000	66.5597	23.4393	0.0	132.5344567	147.8179157	163.7192428	180.0000000	283.8068760	297.9082814	312.5344567	327.8179157	343.7192428	0.0000000	103.8068760	117.9082814	132.5344567	0.0000000	260.2146945	90.0000000
koch	0.000	66.5597	23.4393	24.0	108.5344567	123.8179157	139.7192428	156.0000000	259.8068760	273.9082814	288.5344567	303.8179157	319.7192428	336.0000000	79.8068760	93.9082814	108.5344567	336.0000000	236.2146945	66.0000000
koch	0.000	66.5607	23.4393	0.0	either	either	either	either	either	either	either	either	either	either	either	either	132.5358216	0.0000000	260.2151534	90.0000000
koch	0.000	66.5607	23.4393	24.0	either	either	either	either	either	either	either	either	either	either	either	either	108.5358216	336.0000000	236.2151534	66.0000000
koch	0.000	66.5617	23.4393	0.0	refused	refused	refused	refused	refused	refused	refused	refused	refused	refused	refused	refused	132.5371866	0.0000000	260.2156123	90.0000000
koch	0.000	66.5617	23.4393	24.0	refused	refused	refused	refused	refused	refused	refused	refused	refused	refused	refused	refused	108.5371866	336.0000000	236.2156123	66.0000000
koch	0.000	70.0000	23.4393	0.0	refused	refused	refused	refused	refused	refused	refused	refused	refused	refused	refused	refused	137.5411724	0.0000000	261.7620094	90.0000000
koch	0.000	70.0000	23.4393	24.0	refused	refused	refused	refused	refused	refused	refused	refused	refused	refused	refused	refused	113.5411724	336.0000000	237.7620094	66.0000000
koch	0.000	89.9990	23.4393	0.0	refused	refused	refused	refused	refused	refused	refused	refused	refused	refused	refused	refused	179.9974860	0.0000000	269.9996022	90.0000000
koch	0.000	89.9990	23.4393	24.0	refused	refused	refused	refused	refused	refused	refused	refused	refused	refused	refused	refused	155.9974860	336.0000000	245.9996022	66.0000000
koch	0.000	90.0000	23.4393	0.0	refused	refused	refused	refused	refused	refused	refused	refused	refused	refused	refused	refused	refused	refused	refused	refused
koch	0.000	90.0000	23.4393	24.0	refused	refused	refused	refused	refused	refused	refused	refused	refused	refused	refused	refused	refused	refused	refused	refused
koch	77.100	-89.9990	23.4393	0.0	refused	refused	refused	refused	refused	refused	refused	refused	refused	refused	refused	refused	180.0005613	78.1330088	345.9838421	165.9837376
koch	77.100	-89.9990	23.4393	24.0	refused	refused	refused	refused	refused	refused	refused	refused	refused	refused	refused	refused	156.0005613	54.1330088	321.9838421	141.9837376
koch	77.100	-80.0000	23.4393	0.0	refused	refused	refused	refused	refused	refused	refused	refused	refused	refused	refused	refused	189.3115820	78.1330088	346.9669598	165.9837376
koch	77.100	-80.0000	23.4393	24.0	refused	refused	refused	refused	refused	refused	refused	refused	refused	refused	refused	refused	165.3115820	54.1330088	322.9669598	141.9837376
koch	77.100	-66.5617	23.4393	0.0	refused	refused	refused	refused	refused	refused	refused	refused	refused	refused	refused	refused	84.0671498	78.1330088	348.1799742	165.9837376
koch	77.100	-66.5617	23.4393	24.0	refused	refused	refused	refused	refused	refused	refused	refused	refused	refused	refused	refused	60.0671498	54.1330088	324.1799742	141.9837376
koch	77.100	-66.5597	23.4393	0.0	84.0894317	86.0722260	88.0644760	258.1330088	260.1218020	262.1068051	264.0894317	266.0722260	268.0644760	78.1330088	80.1218020	82.1068051	84.0894317	78.1330088	348.1801518	165.9837376
koch	77.100	-66.5597	23.4393	24.0	60.0894317	62.0722260	64.0644760	234.1330088	236.1218020	238.1068051	240.0894317	242.0722260	244.0644760	54.1330088	56.1218020	58.1068051	60.0894317	54.1330088	324.1801518	141.9837376
koch	77.100	-60.0000	23.4393	0.0	132.6092259	186.1781704	234.3947612	258.1330088	269.8141991	285.5123496	312.6092259	6.1781704	54.3947612	78.1330088	89.8141991	105.5123496	132.6092259	78.1330088	348.7658854	165.9837376
koch	77.100	-60.0000	23.4393	24.0	108.6092259	162.1781704	210.3947612	234.1330088	245.8141991	261.5123496	288.6092259	342.1781704	30.3947612	54.1330088	65.8141991	81.5123496	108.6092259	54.1330088	324.7658854	141.9837376
koch	77.100	-30.0000	23.4393	0.0	161.4337456	197.8494659	230.9216777	258.1330088	281.3697779	308.4775185	341.4337456	17.8494659	50.9216777	78.1330088	101.3697779	128.4775185	161.4337456	78.1330088	351.9740138	165.9837376
koch	77.100	-30.0000	23.4393	24.0	137.4337456	173.8494659	206.9216777	234.1330088	257.3697779	284.4775185	317.4337456	353.8494659	26.9216777	54.1330088	77.3697779	104.4775185	137.4337456	54.1330088	327.9740138	141.9837376
koch	77.100	0.5000	23.4393	0.0	166.0358071	198.5439310	229.5321518	258.1330088	285.8235796	314.7117981	346.0358071	18.5439310	49.5321518	78.1330088	105.8235796	134.7117981	166.0358071	78.1330088	0.2862431	165.9837376
koch	77.100	0.5000	23.4393	24.0	142.0358071	174.5439310	205.5321518	234.1330088	261.8235796	290.7117981	322.0358071	354.5439310	25.5321518	54.1330088	81.8235796	110.7117981	142.0358071	54.1330088	336.2862431	141.9837376
koch	77.100	17.3000	23.4393	0.0	167.6332833	198.7700593	228.9745251	258.1330088	287.8832590	317.1503880	347.6332833	18.7700593	48.9745251	78.1330088	107.8832590	137.1503880	167.6332833	78.1330088	30.2515161	165.9837376
koch	77.100	17.3000	23.4393	24.0	143.6332833	174.7700593	204.9745251	234.1330088	263.8832590	293.1503880	323.6332833	354.7700593	24.9745251	54.1330088	83.8832590	113.1503880	143.6332833	54.1330088	6.2515161	141.9837376
koch	77.100	40.0000	23.4393	0.0	169.6970010	199.1584925	228.2826651	258.1330088	291.1299591	320.4638748	349.6970010	19.1584925	48.2826651	78.1330088	111.1299591	140.4638748	169.6970010	78.1330088	332.0226615	165.9837376
koch	77.100	40.0000	23.4393	24.0	145.6970010	175.1584925	204.2826651	234.1330088	267.1299591	296.4638748	325.6970010	355.1584925	24.2826651	54.1330088	87.1299591	116.4638748	145.6970010	54.1330088	308.0226615	141.9837376
koch	77.100	47.6000	23.4393	0.0	170.4709513	199.3929540	228.0976349	258.1330088	292.5501726	321.7093043	350.4709513	19.3929540	48.0976349	78.1330088	112.5501726	141.7093043	170.4709513	78.1330088	337.2005482	165.9837376
koch	77.100	47.6000	23.4393	24.0	146.4709513	175.3929540	204.0976349	234.1330088	268.5501726	297.7093043	326.4709513	355.3929540	24.0976349	54.1330088	88.5501726	117.7093043	146.4709513	54.1330088	313.2005482	141.9837376
koch	77.100	60.0000	23.4393	0.0	171.9740138	200.3445951	228.3197082	258.1330088	295.5278785	323.8273240	351.9740138	20.3445951	48.3197082	78.1330088	115.5278785	143.8273240	171.9740138	78.1330088	341.4337456	165.9837376
koch	77.100	60.0000	23.4393	24.0	147.9740138	176.3445951	204.3197082	234.1330088	271.5278785	299.8273240	327.9740138	356.3445951	24.3197082	54.1330088	91.5278785	119.8273240	147.9740138	54.1330088	317.4337456	141.9837376
koch	77.100	66.5597	23.4393	0.0	172.9752810	203.1278474	231.6694008	258.1330088	295.8634403	323.3700495	352.9752810	23.1278474	51.6694008	78.1330088	115.8634403	143.3700495	172.9752810	78.1330088	342.8146954	165.9837376
koch	77.100	66.5597	23.4393	24.0	148.9752810	179.1278474	207.6694008	234.1330088	271.8634403	299.3700495	328.9752810	359.1278474	27.6694008	54.1330088	91.8634403	119.3700495	148.9752810	54.1330088	318.8146954	141.9837376
koch	77.100	66.5607	23.4393	0.0	either	either	either	either	either	either	either	either	either	either	either	either	172.9754494	78.1330088	342.8148802	165.9837376
koch	77.100	66.5607	23.4393	24.0	either	either	either	either	either	either	either	either	either	either	either	either	148.9754494	54.1330088	318.8148802	141.9837376
koch	77.100	66.5617	23.4393	0.0	refused	refused	refused	refused	refused	refused	refused	refused	refused	refused	refused	refused	172.9756178	78.1330088	342.8150650	165.9837376
koch	77.100	66.5617	23.4393	24.0	refused	refused	refused	refused	refused	refused	refused	refused	refused	refused	refused	refused	148.9756178	54.1330088	318.8150650	141.9837376
koch	77.100	70.0000	23.4393	0.0	refused	refused	refused	refused	refused	refused	refused	refused	refused	refused	refused	refused	173.5900684	78.1330088	343.4140046	165.9837376
koch	77.100	70.0000	23.4393	24.0	refused	refused	refused	refused	refused	refused	refused	refused	refused	refused	refused	refused	149.5900684	54.1330088	319.4140046	141.9837376
koch	77.100	89.9990	23.4393	0.0	refused	refused	refused	refused	refused	refused	refused	refused	refused	refused	refused	refused	179.9994388	78.1330088	345.9836331	165.9837376
koch	77.100	89.9990	23.4393	24.0	refused	refused	refused	refused	refused	refused	refused	refused	refused	refused	refused	refused	155.9994388	54.1330088	321.9836331	141.9837376
koch	77.100	90.0000	23.4393	0.0	refused	refused	refused	refused	refused	refused	refused	refused	refused	refused	refused	refused	refused	refused	refused	refused
koch	77.100	90.0000	23.4393	24.0	refused	refused	refused	refused	refused	refused	refused	refused	refused	refused	refused	refused	refused	refused	refused	refused
koch	143.300	-89.9990	23.4393	0.0	refused	refused	refused	refused	refused	refused	refused	refused	refused	refused	refused	refused	179.9979843	140.9090413	55.6326085	235.6329465
koch	143.300	-89.9990	23.4393	24.0	refused	refused	refused	refused	refused	refused	refused	refused	refused	refused	refused	refused	155.9979843	116.9090413	31.6326085	211.6329465
koch	143.300	-80.0000	23.4393	0.0	refused	refused	refused	refused	refused	refused	refused	refused	refused	refused	refused	refused	154.8483245	140.9090413	52.3552223	235.6329465
koch	143.300	-80.0000	23.4393	24.0	refused	refused	refused	refused	refused	refused	refused	refused	refused	refused	refused	refused	130.8483245	116.9090413	28.3552223	211.6329465
koch	143.300	-66.5617	23.4393	0.0	refused	refused	refused	refused	refused	refused	refused	refused	refused	refused	refused	refused	294.7259454	140.9090413	48.0459048	235.6329465
koch	143.300	-66.5617	23.4393	24.0	refused	refused	refused	refused	refused	refused	refused	refused	refused	refused	refused	refused	270.7259454	116.9090413	24.0459048	211.6329465
koch	143.300	-66.5597	23.4393	0.0	294.7207713	303.2328600	311.9544391	320.9090413	98.1519054	106.3781180	114.7207713	123.2328600	131.9544391	140.9090413	278.1519054	286.3781180	294.7207713	140.9090413	48.0452529	235.6329465
koch	143.300	-66.5597	23.4393	24.0	270.7207713	279.2328600	287.9544391	296.9090413	74.1519054	82.3781180	90.7207713	99.2328600	107.9544391	116.9090413	254.1519054	262.3781180	270.7207713	116.9090413	24.0452529	211.6329465
koch	143.300	-60.0000	23.4393	0.0	279.9504729	294.6700142	307.9863123	320.9090413	42.2628562	80.6726414	99.9504729	114.6700142	127.9863123	140.9090413	222.2628562	260.6726414	279.9504729	140.9090413	45.8634464	235.6329465
koch	143.300	-60.0000	23.4393	24.0	255.9504729	270.6700142	283.9863123	296.9090413	18.2628562	56.6726414	75.9504729	90.6700142	103.9863123	116.9090413	198.2628562	236.6726414	255.9504729	116.9090413	21.8634464	211.6329465
koch	143.300	-30.0000	23.4393	0.0	248.3254087	274.4740920	297.9818613	320.9090413	358.5979120	36.6008915	68.3254087	94.4740920	117.9818613	140.9090413	178.5979120	216.6008915	248.3254087	140.9090413	32.9438141	235.6329465
koch	143.300	-30.0000	23.4393	24.0	224.3254087	250.4740920	273.9818613	296.9090413	334.5979120	12.6008915	44.3254087	70.4740920	93.9818613	116.9090413	154.5979120	192.6008915	224.3254087	116.9090413	8.9438141	211.6329465
koch	143.300	0.5000	23.4393	0.0	235.4642676	263.6902501	291.4542688	320.9090413	352.6374836	25.0094016	55.4642676	83.6902501	111.4542688	140.9090413	172.6374836	205.0094016	235.4642676	140.9090413	358.9799910	235.6329465
koch	143.300	0.5000	23.4393	24.0	211.4642676	239.6902501	267.4542688	296.9090413	328.6374836	1.0094016	31.4642676	59.6902501	87.4542688	116.9090413	148.6374836	181.0094016	211.4642676	116.9090413	334.9799910	211.6329465
koch	143.300	17.3000	23.4393	0.0	230.0237225	258.2938933	287.5812773	320.9090413	350.6120034	20.7957443	50.0237225	78.2938933	107.5812773	140.9090413	170.6120034	200.7957443	230.0237225	140.9090413	132.2705043	235.6329465
koch	143.300	17.3000	23.4393	24.0	206.0237225	234.2938933	263.5812773	296.9090413	326.6120034	356.7957443	26.0237225	54.2938933	83.5812773	116.9090413	146.6120034	176.7957443	206.0237225	116.9090413	108.2705043	211.6329465
koch	143.300	40.0000	23.4393	0.0	222.2694246	249.4749084	279.8614717	320.9090413	347.9654902	15.2549973	42.2694246	69.4749084	99.8614717	140.9090413	167.9654902	195.2549973	222.2694246	140.9090413	84.7085509	235.6329465
koch	143.300	40.0000	23.4393	24.0	198.2694246	225.4749084	255.8614717	296.9090413	323.9654902	351.2549973	18.2694246	45.4749084	75.8614717	116.9090413	143.9654902	171.2549973	198.2694246	116.9090413	60.7085509	211.6329465
koch	143.300	47.6000	23.4393	0.0	219.1755211	245.5335032	275.6175453	320.9090413	346.9382879	13.1469678	39.1755211	65.5335032	95.6175453	140.9090413	166.9382879	193.1469678	219.1755211	140.9090413	77.0010017	235.6329465
koch	143.300	47.6000	23.4393	24.0	195.1755211	221.5335032	251.6175453	296.9090413	322.9382879	349.1469678	15.1755211	41.5335032	71.6175453	116.9090413	142.9382879	169.1469678	195.1755211	116.9090413	53.0010017	211.6329465
koch	143.300	60.0000	23.4393	0.0	212.9438141	236.7987600	263.4826265	320.9090413	344.7907102	8.9653028	32.9438141	56.7987600	83.4826265	140.9090413	164.7907102	188.9653028	212.9438141	140.9090413	68.3254087	235.6329465
koch	143.300	60.0000	23.4393	24.0	188.9438141	212.7987600	239.4826265	296.9090413	320.7907102	344.9653028	8.9438141	32.7987600	59.4826265	116.9090413	140.7907102	164.9653028	188.9438141	116.9090413	44.3254087	211.6329465
koch	143.300	66.5597	23.4393	0.0	208.6789977	230.2104081	250.4917438	320.9090413	343.0923671	6.0280000	28.6789977	50.2104081	70.4917438	140.9090413	163.0923671	186.0280000	208.6789977	140.9090413	64.8844564	235.6329465
koch	143.300	66.5597	23.4393	24.0	184.6789977	206.2104081	226.4917438	296.9090413	319.0923671	342.0280000	4.6789977	26.2104081	46.4917438	116.9090413	139.0923671	162.0280000	184.6789977	116.9090413	40.8844564	211.6329465
koch	143.300	66.5607	23.4393	0.0	either	either	either	either	either	either	either	either	either	either	either	either	208.6782757	140.9090413	64.8839732	235.6329465
koch	143.300	66.5607	23.4393	24.0	either	either	either	either	either	either	either	either	either	either	either	either	184.6782757	116.9090413	40.8839732	211.6329465
koch	143.300	66.5617	23.4393	0.0	refused	refused	refused	refused	refused	refused	refused	refused	refused	refused	refused	refused	208.6775536	140.9090413	64.8834900	235.6329465
koch	143.300	66.5617	23.4393	24.0	refused	refused	refused	refused	refused	refused	refused	refused	refused	refused	refused	refused	184.6775536	116.9090413	40.8834900	211.6329465
koch	143.300	70.0000	23.4393	0.0	refused	refused	refused	refused	refused	refused	refused	refused	refused	refused	refused	refused	206.0369790	140.9090413	63.2840281	235.6329465
koch	143.300	70.0000	23.4393	24.0	refused	refused	refused	refused	refused	refused	refused	refused	refused	refused	refused	refused	182.0369790	116.9090413	39.2840281	211.6329465
koch	143.300	89.9990	23.4393	0.0	refused	refused	refused	refused	refused	refused	refused	refused	refused	refused	refused	refused	180.0020156	140.9090413	55.6332845	235.6329465
koch	143.300	89.9990	23.4393	24.0	refused	refused	refused	refused	refused	refused	refused	refused	refused	refused	refused	refused	156.0020156	116.9090413	31.6332845	211.6329465
koch	143.300	90.0000	23.4393	0.0	refused	refused	refused	refused	refused	refused	refused	refused	refused	refused	refused	refused	refused	refused	refused	refused
koch	143.300	90.0000	23.4393	24.0	refused	refused	refused	refused	refused	refused	refused	refused	refused	refused	refused	refused	refused	refused	refused	refused
koch	200.000	-89.9990	23.4393	0.0	refused	refused	refused	refused	refused	refused	refused	refused	refused	refused	refused	refused	359.9976377	201.6385041	108.4656467	288.4660276
koch	200.000	-89.9990	23.4393	24.0	refused	refused	refused	refused	refused	refused	refused	refused	refused	refused	refused	refused	335.9976377	177.6385041	84.4656467	264.4660276
koch	200.000	-80.0000	23.4393	0.0	refused	refused	refused	refused	refused	refused	refused	refused	refused	refused	refused	refused	339.9134840	201.6385041	104.5364229	288.4660276
koch	200.000	-80.0000	23.4393	24.0	refused	refused	refused	refused	refused	refused	refused	refused	refused	refused	refused	refused	315.9134840	177.6385041	80.5364229	264.4660276
koch	200.000	-66.5617	23.4393	0.0	refused	refused	refused	refused	refused	refused	refused	refused	refused	refused	refused	refused	322.6506922	201.6385041	98.5542613	288.4660276
koch	200.000	-66.5617	23.4393	24.0	refused	refused	refused	refused	refused	refused	refused	refused	refused	refused	refused	refused	298.6506922	177.6385041	74.5542613	264.4660276
koch	200.000	-66.5597	23.4393	0.0	322.6487228	341.9275399	1.8161510	21.6385041	106.9067994	124.3330128	142.6487228	161.9275399	181.8161510	201.6385041	286.9067994	304.3330128	322.6487228	201.6385041	98.5532778	288.4660276
koch	200.000	-66.5597	23.4393	24.0	298.6487228	317.9275399	337.8161510	357.6385041	82.9067994	100.3330128	118.6487228	137.9275399	157.8161510	177.6385041	262.9067994	280.3330128	298.6487228	177.6385041	74.5532778	264.4660276
koch	200.000	-60.0000	23.4393	0.0	316.8598438	338.2648155	359.9511818	21.6385041	88.8385002	115.0785803	136.8598438	158.2648155	179.9511818	201.6385041	268.8385002	295.0785803	316.8598438	201.6385041	95.1166445	288.4660276
koch	200.000	-60.0000	23.4393	24.0	292.8598438	314.2648155	335.9511818	357.6385041	64.8385002	91.0785803	112.8598438	134.2648155	155.9511818	177.6385041	244.8385002	271.0785803	292.8598438	177.6385041	71.1166445	264.4660276
koch	200.000	-30.0000	23.4393	0.0	300.0421617	326.8169244	354.1384505	21.6385041	61.2603998	92.6066378	120.0421617	146.8169244	174.1384505	201.6385041	241.2603998	272.6066378	300.0421617	201.6385041	68.2355982	288.4660276
koch	200.000	-30.0000	23.4393	24.0	276.0421617	302.8169244	330.1384505	357.6385041	37.2603998	68.6066378	96.0421617	122.8169244	150.1384505	177.6385041	217.2603998	248.6066378	276.0421617	177.6385041	44.2355982	264.4660276
koch	200.000	0.5000	23.4393	0.0	288.2753932	317.3885943	349.0264921	21.6385041	52.2945701	80.6365590	108.2753932	137.3885943	169.0264921	201.6385041	232.2945701	260.6365590	288.2753932	201.6385041	178.8270310	288.4660276
koch	200.000	0.5000	23.4393	24.0	264.2753932	293.3885943	325.0264921	357.6385041	28.2945701	56.6365590	84.2753932	113.3885943	145.0264921	177.6385041	208.2945701	236.6365590	264.2753932	177.6385041	154.8270310	264.4660276
koch	200.000	17.3000	23.4393	0.0	281.4250878	311.0407231	345.2476313	21.6385041	48.6318321	74.7449855	101.4250878	131.0407231	165.2476313	201.6385041	228.6318321	254.7449855	281.4250878	201.6385041	149.4312502	288.4660276
koch	200.000	17.3000	23.4393	24.0	257.4250878	287.0407231	321.2476313	357.6385041	24.6318321	50.7449855	77.4250878	107.0407231	141.2476313	177.6385041	204.6318321	230.7449855	257.4250878	177.6385041	125.4312502	264.4660276
koch	200.000	40.0000	23.4393	0.0	268.7821000	297.0319791	335.2730869	21.6385041	43.4210653	65.3235980	88.7821000	117.0319791	155.2730869	201.6385041	223.4210653	245.3235980	268.7821000	201.6385041	129.9768823	288.4660276
koch	200.000	40.0000	23.4393	24.0	244.7821000	273.0319791	311.2730869	357.6385041	19.4210653	41.3235980	64.7821000	93.0319791	131.2730869	177.6385041	199.4210653	221.3235980	244.7821000	177.6385041	105.9768823	264.4660276
koch	200.000	47.6000	23.4393	0.0	262.6132136	288.9089097	327.8843312	21.6385041	41.3186091	61.2083239	82.6132136	108.9089097	147.8843312	201.6385041	221.3186091	241.2083239	262.6132136	201.6385041	125.7715209	288.4660276
koch	200.000	47.6000	23.4393	24.0	238.6132136	264.9089097	303.8843312	357.6385041	17.3186091	37.2083239	58.6132136	84.9089097	123.8843312	177.6385041	197.3186091	217.2083239	238.6132136	177.6385041	101.7715209	264.4660276
koch	200.000	60.0000	23.4393	0.0	248.2355982	266.7787773	296.9995772	21.6385041	36.9891305	52.3122688	68.2355982	86.7787773	116.9995772	201.6385041	216.9891305	232.3122688	248.2355982	201.6385041	120.0421617	288.4660276
koch	200.000	60.0000	23.4393	24.0	224.2355982	242.7787773	272.9995772	357.6385041	12.9891305	28.3122688	44.2355982	62.7787773	92.9995772	177.6385041	192.9891305	208.3122688	224.2355982	177.6385041	96.0421617	264.4660276
koch	200.000	66.5597	23.4393	0.0	237.2840765	248.4113130	259.2791729	21.6385041	33.9128710	45.8006390	57.2840765	68.4113130	79.2791729	201.6385041	213.9128710	225.8006390	237.2840765	201.6385041	117.3602317	288.4660276
koch	200.000	66.5597	23.4393	24.0	213.2840765	224.4113130	235.2791729	357.6385041	9.9128710	21.8006390	33.2840765	44.4113130	55.2791729	177.6385041	189.9128710	201.8006390	213.2840765	177.6385041	93.3602317	264.4660276
koch	200.000	66.5607	23.4393	0.0	either	either	either	either	either	either	either	either	either	either	either	either	237.2821828	201.6385041	117.3598350	288.4660276
koch	200.000	66.5607	23.4393	24.0	either	either	either	either	either	either	either	either	either	either	either	either	213.2821828	177.6385041	93.3598350	264.4660276
koch	200.000	66.5617	23.4393	0.0	refused	refused	refused	refused	refused	refused	refused	refused	refused	refused	refused	refused	237.2802890	201.6385041	117.3594383	288.4660276
koch	200.000	66.5617	23.4393	24.0	refused	refused	refused	refused	refused	refused	refused	refused	refused	refused	refused	refused	213.2802890	177.6385041	93.3594383	264.4660276
koch	200.000	70.0000	23.4393	0.0	refused	refused	refused	refused	refused	refused	refused	refused	refused	refused	refused	refused	230.3383184	201.6385041	116.0126922	288.4660276
koch	200.000	70.0000	23.4393	24.0	refused	refused	refused	refused	refused	refused	refused	refused	refused	refused	refused	refused	206.3383184	177.6385041	92.0126922	264.4660276
koch	200.000	89.9990	23.4393	0.0	refused	refused	refused	refused	refused	refused	refused	refused	refused	refused	refused	refused	0.0023624	201.6385041	108.4664084	288.4660276
koch	200.000	89.9990	23.4393	24.0	refused	refused	refused	refused	refused	refused	refused	refused	refused	refused	refused	refused	336.0023624	177.6385041	84.4664084	264.4660276
koch	200.000	90.0000	23.4393	0.0	refused	refused	refused	refused	refused	refused	refused	refused	refused	refused	refused	refused	refused	refused	refused	refused
koch	200.000	90.0000	23.4393	24.0	refused	refused	refused	refused	refused	refused	refused	refused	refused	refused	refused	refused	refused	refused	refused	refused
koch	280.457	-89.9990	23.4393	0.0	refused	refused	refused	refused	refused	refused	refused	refused	refused	refused	refused	refused	0.0004563	279.6109051	191.3740424	11.3739572
koch	280.457	-89.9990	23.4393	24.0	refused	refused	refused	refused	refused	refused	refused	refused	refused	refused	refused	refused	336.0004563	255.6109051	167.3740424	347.3739572
koch	280.457	-80.0000	23.4393	0.0	refused	refused	refused	refused	refused	refused	refused	refused	refused	refused	refused	refused	3.2891453	279.6109051	192.3045559	11.3739572
koch	280.457	-80.0000	23.4393	24.0	refused	refused	refused	refused	refused	refused	refused	refused	refused	refused	refused	refused	339.2891453	255.6109051	168.3045559	347.3739572
koch	280.457	-66.5617	23.4393	0.0	refused	refused	refused	refused	refused	refused	refused	refused	refused	refused	refused	refused	5.6956473	279.6109051	193.9659455	11.3739572
koch	280.457	-66.5617	23.4393	24.0	refused	refused	refused	refused	refused	refused	refused	refused	refused	refused	refused	refused	341.6956473	255.6109051	169.9659455	347.3739572
koch	280.457	-66.5597	23.4393	0.0	5.6959202	35.7908657	63.7484881	99.6109051	126.3344571	155.1439185	185.6959202	215.7908657	243.7484881	279.6109051	306.3344571	335.1439185	5.6959202	279.6109051	193.9662488	11.3739572
koch	280.457	-66.5597	23.4393	24.0	341.6959202	11.7908657	39.7484881	75.6109051	102.3344571	131.1439185	161.6959202	191.7908657	219.7484881	255.6109051	282.3344571	311.1439185	341.6959202	255.6109051	169.9662488	347.3739572
koch	280.457	-60.0000	23.4393	0.0	6.5071649	34.7920787	63.1308385	99.6109051	129.9565241	158.0363421	186.5071649	214.7920787	243.1308385	279.6109051	309.9565241	338.0363421	6.5071649	279.6109051	195.1015586	11.3739572
koch	280.457	-60.0000	23.4393	24.0	342.5071649	10.7920787	39.1308385	75.6109051	105.9565241	134.0363421	162.5071649	190.7920787	219.1308385	255.6109051	285.9565241	314.0363421	342.5071649	255.6109051	171.1015586	347.3739572
koch	280.457	-30.0000	23.4393	0.0	9.1096939	39.0091934	68.4104774	99.6109051	129.2881534	158.8949789	189.1096939	219.0091934	248.4104774	279.6109051	309.2881534	338.8949789	9.1096939	279.6109051	220.3980752	11.3739572
koch	280.457	-30.0000	23.4393	24.0	345.1096939	15.0091934	44.4104774	75.6109051	105.2881534	134.8949789	165.1096939	195.0091934	224.4104774	255.6109051	285.2881534	314.8949789	345.1096939	255.6109051	196.3980752	347.3739572
koch	280.457	0.5000	23.4393	0.0	11.4167356	42.9774219	72.0191339	99.6109051	128.0176164	158.8475502	191.4167356	222.9774219	252.0191339	279.6109051	308.0176164	338.8475502	11.4167356	279.6109051	180.2237160	11.3739572
koch	280.457	0.5000	23.4393	24.0	347.4167356	18.9774219	48.0191339	75.6109051	104.0176164	134.8475502	167.4167356	198.9774219	228.0191339	255.6109051	284.0176164	314.8475502	347.4167356	255.6109051	156.2237160	347.3739572
koch	280.457	17.3000	23.4393	0.0	13.1258215	45.6851476	74.1268882	99.6109051	127.1687955	158.7936518	193.1258215	225.6851476	254.1268882	279.6109051	307.1687955	338.7936518	13.1258215	279.6109051	184.7606192	11.3739572
koch	280.457	17.3000	23.4393	24.0	349.1258215	21.6851476	50.1268882	75.6109051	103.1687955	134.7936518	169.1258215	201.6851476	230.1268882	255.6109051	283.1687955	314.7936518	349.1258215	255.6109051	160.7606192	347.3739572
koch	280.457	40.0000	23.4393	0.0	17.7069435	51.9552267	78.2867304	99.6109051	125.3446314	158.8450423	197.7069435	231.9552267	258.2867304	279.6109051	305.3446314	338.8450423	17.7069435	279.6109051	187.5124678	11.3739572
koch	280.457	40.0000	23.4393	24.0	353.7069435	27.9552267	54.2867304	75.6109051	101.3446314	134.8450423	173.7069435	207.9552267	234.2867304	255.6109051	281.3446314	314.8450423	353.7069435	255.6109051	163.5124678	347.3739572
koch	280.457	47.6000	23.4393	0.0	21.2540645	55.9898676	80.5851535	99.6109051	124.2788696	159.1211209	201.2540645	235.9898676	260.5851535	279.6109051	304.2788696	339.1211209	21.2540645	279.6109051	188.1619097	11.3739572
koch	280.457	47.6000	23.4393	24.0	357.2540645	31.9898676	56.5851535	75.6109051	100.2788696	135.1211209	177.2540645	211.9898676	236.5851535	255.6109051	280.2788696	315.1211209	357.2540645	255.6109051	164.1619097	347.3739572
koch	280.457	60.0000	23.4393	0.0	40.3980752	70.7516458	87.5442525	99.6109051	121.1064806	164.2028914	220.3980752	250.7516458	267.5442525	279.6109051	301.1064806	344.2028914	40.3980752	279.6109051	189.1096939	11.3739572
koch	280.457	60.0000	23.4393	24.0	16.3980752	46.7516458	63.5442525	75.6109051	97.1064806	140.2028914	196.3980752	226.7516458	243.5442525	255.6109051	277.1064806	320.2028914	16.3980752	255.6109051	165.1096939	347.3739572
koch	280.457	66.5597	23.4393	0.0	94.7854057	96.3930330	98.0011491	99.6109051	271.5531250	273.1757280	274.7854057	276.3930330	278.0011491	279.6109051	91.5531250	93.1757280	94.7854057	279.6109051	189.5856940	11.3739572
koch	280.457	66.5597	23.4393	24.0	70.7854057	72.3930330	74.0011491	75.6109051	247.5531250	249.1757280	250.7854057	252.3930330	254.0011491	255.6109051	67.5531250	69.1757280	70.7854057	255.6109051	165.5856940	347.3739572
koch	280.457	66.5607	23.4393	0.0	either	either	either	either	either	either	either	either	either	either	either	either	94.7991597	279.6109051	189.5857662	11.3739572
koch	280.457	66.5607	23.4393	24.0	either	either	either	either	either	either	either	either	either	either	either	either	70.7991597	255.6109051	165.5857662	347.3739572
koch	280.457	66.5617	23.4393	0.0	refused	refused	refused	refused	refused	refused	refused	refused	refused	refused	refused	refused	94.8129143	279.6109051	189.5858384	11.3739572
koch	280.457	66.5617	23.4393	24.0	refused	refused	refused	refused	refused	refused	refused	refused	refused	refused	refused	refused	70.8129143	255.6109051	165.5858384	347.3739572
koch	280.457	70.0000	23.4393	0.0	refused	refused	refused	refused	refused	refused	refused	refused	refused	refused	refused	refused	316.4073609	279.6109051	189.8342845	11.3739572
koch	280.457	70.0000	23.4393	24.0	refused	refused	refused	refused	refused	refused	refused	refused	refused	refused	refused	refused	292.4073609	255.6109051	165.8342845	347.3739572
koch	280.457	89.9990	23.4393	0.0	refused	refused	refused	refused	refused	refused	refused	refused	refused	refused	refused	refused	359.9995437	279.6109051	191.3738720	11.3739572
koch	280.457	89.9990	23.4393	24.0	refused	refused	refused	refused	refused	refused	refused	refused	refused	refused	refused	refused	335.9995437	255.6109051	167.3738720	347.3739572
koch	280.457	90.0000	23.4393	0.0	refused	refused	refused	refused	refused	refused	refused	refused	refused	refused	refused	refused	refused	refused	refused	refused
koch	280.457	90.0000	23.4393	24.0	refused	refused	refused	refused	refused	refused	refused	refused	refused	refused	refused	refused	refused	refused	refused	refused
koch	333.300	-89.9990	23.4393	0.0	refused	refused	refused	refused	refused	refused	refused	refused	refused	refused	refused	refused	0.0022459	331.2692165	245.2296236	65.2292565
koch	333.300	-89.9990	23.4393	24.0	refused	refused	refused	refused	refused	refused	refused	refused	refused	refused	refused	refused	336.0022459	307.2692165	221.2296236	41.2292565
koch	333.300	-80.0000	23.4393	0.0	refused	refused	refused	refused	refused	refused	refused	refused	refused	refused	refused	refused	18.5119945	331.2692165	249.0464052	65.2292565
koch	333.300	-80.0000	23.4393	24.0	refused	refused	refused	refused	refused	refused	refused	refused	refused	refused	refused	refused	354.5119945	307.2692165	225.0464052	41.2292565
koch	333.300	-66.5617	23.4393	0.0	refused	refused	refused	refused	refused	refused	refused	refused	refused	refused	refused	refused	33.8941933	331.2692165	254.9751963	65.2292565
koch	333.300	-66.5617	23.4393	24.0	refused	refused	refused	refused	refused	refused	refused	refused	refused	refused	refused	refused	9.8941933	307.2692165	230.9751963	41.2292565
koch	333.300	-66.5597	23.4393	0.0	33.8959436	53.4883483	72.0510439	151.2692165	172.1061354	193.2605863	213.8959436	233.4883483	252.0510439	331.2692165	352.1061354	13.2605863	33.8959436	331.2692165	254.9761831	65.2292565
koch	333.300	-66.5597	23.4393	24.0	9.8959436	29.4883483	48.0510439	127.2692165	148.1061354	169.2605863	189.8959436	209.4883483	228.0510439	307.2692165	328.1061354	349.2605863	9.8959436	307.2692165	230.9761831	41.2292565
koch	333.300	-60.0000	23.4393	0.0	39.0510900	61.6466647	88.0012224	151.2692165	173.8727503	196.6019897	219.0510900	241.6466647	268.0012224	331.2692165	353.8727503	16.6019897	39.0510900	331.2692165	258.4490906	65.2292565
koch	333.300	-60.0000	23.4393	24.0	15.0510900	37.6466647	64.0012224	127.2692165	149.8727503	172.6019897	195.0510900	217.6466647	244.0012224	307.2692165	329.8727503	352.6019897	15.0510900	307.2692165	234.4490906	41.2292565
koch	333.300	-30.0000	23.4393	0.0	54.3022646	81.8549326	112.6265078	151.2692165	179.1237857	207.0061780	234.3022646	261.8549326	292.6265078	331.2692165	359.1237857	27.0061780	54.3022646	331.2692165	287.2107540	65.2292565
koch	333.300	-30.0000	23.4393	24.0	30.3022646	57.8549326	88.6265078	127.2692165	155.1237857	183.0061780	210.3022646	237.8549326	268.6265078	307.2692165	335.1237857	3.0061780	30.3022646	307.2692165	263.2107540	41.2292565
koch	333.300	0.5000	23.4393	0.0	65.4130769	93.1970514	121.1880221	151.2692165	183.6806977	215.7577358	245.4130769	273.1970514	301.1880221	331.2692165	3.6806977	35.7577358	65.4130769	331.2692165	181.1127773	65.2292565
koch	333.300	0.5000	23.4393	24.0	41.4130769	69.1970514	97.1880221	127.2692165	159.6806977	191.7577358	221.4130769	249.1970514	277.1880221	307.2692165	339.6806977	11.7577358	41.4130769	307.2692165	157.1127773	41.2292565
koch	333.300	17.3000	23.4393	0.0	72.1117805	98.9937213	124.8137528	151.2692165	187.0725318	221.8110352	252.1117805	278.9937213	304.8137528	331.2692165	7.0725318	41.8110352	72.1117805	331.2692165	207.8709169	65.2292565
koch	333.300	17.3000	23.4393	24.0	48.1117805	74.9937213	100.8137528	127.2692165	163.0725318	197.8110352	228.1117805	254.9937213	280.8137528	307.2692165	343.0725318	17.8110352	48.1117805	307.2692165	183.8709169	41.2292565
koch	333.300	40.0000	23.4393	0.0	84.9804329	108.5931218	130.1223975	151.2692165	196.2381746	235.7518965	264.9804329	288.5931218	310.1223975	331.2692165	16.2381746	55.7518965	84.9804329	331.2692165	225.2278332	65.2292565
koch	333.300	40.0000	23.4393	24.0	60.9804329	84.5931218	106.1223975	127.2692165	172.2381746	211.7518965	240.9804329	264.5931218	286.1223975	307.2692165	352.2381746	31.7518965	60.9804329	307.2692165	201.2278332	41.2292565
koch	333.300	47.6000	23.4393	0.0	91.4990950	112.9165732	132.3193074	151.2692165	203.3000187	244.2364127	271.4990950	292.9165732	312.3193074	331.2692165	23.3000187	64.2364127	91.4990950	331.2692165	229.0414226	65.2292565
koch	333.300	47.6000	23.4393	24.0	67.4990950	88.9165732	108.3193074	127.2692165	179.3000187	220.2364127	247.4990950	268.9165732	288.3193074	307.2692165	359.3000187	40.2364127	67.4990950	307.2692165	205.0414226	41.2292565
koch	333.300	60.0000	23.4393	0.0	107.2107540	122.5227037	136.9538103	151.2692165	235.9983571	268.6447860	287.2107540	302.5227037	316.9538103	331.2692165	55.9983571	88.6447860	107.2107540	331.2692165	234.3022646	65.2292565
koch	333.300	60.0000	23.4393	24.0	83.2107540	98.5227037	112.9538103	127.2692165	211.9983571	244.6447860	263.2107540	278.5227037	292.9538103	307.2692165	31.9983571	64.6447860	83.2107540	307.2692165	210.3022646	41.2292565
koch	333.300	66.5597	23.4393	0.0	119.4878926	129.7565452	140.3471489	151.2692165	279.6894729	289.4917888	299.4878926	309.7565452	320.3471489	331.2692165	99.6894729	109.4917888	119.4878926	331.2692165	236.7954143	65.2292565
koch	333.300	66.5597	23.4393	24.0	95.4878926	105.7565452	116.3471489	127.2692165	255.6894729	265.4917888	275.4878926	285.7565452	296.3471489	307.2692165	75.6894729	85.4917888	95.4878926	307.2692165	212.7954143	41.2292565
koch	333.300	66.5607	23.4393	0.0	either	either	either	either	either	either	either	either	either	either	either	either	119.4900247	331.2692165	236.7957846	65.2292565
koch	333.300	66.5607	23.4393	24.0	either	either	either	either	either	either	either	either	either	either	either	either	95.4900247	307.2692165	212.7957846	41.2292565
koch	333.300	66.5617	23.4393	0.0	refused	refused	refused	refused	refused	refused	refused	refused	refused	refused	refused	refused	119.4921568	331.2692165	236.7961550	65.2292565
koch	333.300	66.5617	23.4393	24.0	refused	refused	refused	refused	refused	refused	refused	refused	refused	refused	refused	refused	95.4921568	307.2692165	212.7961550	41.2292565
koch	333.300	70.0000	23.4393	0.0	refused	refused	refused	refused	refused	refused	refused	refused	refused	refused	refused	refused	127.3030611	331.2692165	238.0562699	65.2292565
koch	333.300	70.0000	23.4393	24.0	refused	refused	refused	refused	refused	refused	refused	refused	refused	refused	refused	refused	103.3030611	307.2692165	214.0562699	41.2292565
koch	333.300	89.9990	23.4393	0.0	refused	refused	refused	refused	refused	refused	refused	refused	refused	refused	refused	refused	359.9977541	331.2692165	245.2288894	65.2292565
koch	333.300	89.9990	23.4393	24.0	refused	refused	refused	refused	refused	refused	refused	refused	refused	refused	refused	refused	335.9977541	307.2692165	221.2288894	41.2292565
koch	333.300	90.0000	23.4393	0.0	refused	refused	refused	refused	refused	refused	refused	refused	refused	refused	refused	refused	refused	refused	refused	refused
koch	333.300	90.0000	23.4393	24.0	refused	refused	refused	refused	refused	refused	refused	refused	refused	refused	refused	refused	refused	refused	refused	refused
porphyry	0.000	-89.9990	23.4393	0.0	0.0025140	60.0016760	120.0008380	180.0000000	180.0008380	180.0016760	180.0025140	240.0016760	300.0008380	0.0000000	0.0008380	0.0016760	0.0025140	0.0000000	270.0003978	90.0000000
porphyry	0.000	-89.9990	23.4393	24.0	336.0025140	36.0016760	96.0008380	156.0000000	156.0008380	156.0016760	156.0025140	216.0016760	276.0008380	336.0000000	336.0008380	336.0016760	336.0025140	336.0000000	246.0003978	66.0000000
porphyry	0.000	-80.0000	23.4393	0.0	23.9067834	75.9378556	127.9689278	180.0000000	187.9689278	195.9378556	203.9067834	255.9378556	307.9689278	0.0000000	7.9689278	15.9378556	23.9067834	0.0000000	274.0120907	90.0000000
porphyry	0.000	-80.0000	23.4393	24.0	359.9067834	51.9378556	103.9689278	156.0000000	163.9689278	171.9378556	179.9067834	231.9378556	283.9689278	336.0000000	343.9689278	351.9378556	359.9067834	336.0000000	250.0120907	66.0000000
porphyry	0.000	-66.5617	23.4393	0.0	47.4628134	91.6418756	135.8209378	180.0000000	195.8209378	211.6418756	227.4628134	271.6418756	315.8209378	0.0000000	15.8209378	31.6418756	47.4628134	0.0000000	279.7843877	90.0000000
porphyry	0.000	-66.5617	23.4393	24.0	23.4628134	67.6418756	111.8209378	156.0000000	171.8209378	187.6418756	203.4628134	247.6418756	291.8209378	336.0000000	351.8209378	7.6418756	23.4628134	336.0000000	255.7843877	66.0000000
porphyry	0.000	-66.5597	23.4393	0.0	47.4655433	91.6436955	135.8218478	180.0000000	195.8218478	211.6436955	227.4655433	271.6436955	315.8218478	0.0000000	15.8218478	31.6436955	47.4655433	0.0000000	279.7853055	90.0000000
porphyry	0.000	-66.5597	23.4393	24.0	23.4655433	67.6436955	111.8218478	156.0000000	171.8218478	187.6436955	203.4655433	247.6436955	291.8218478	336.0000000	351.8218478	7.6436955	23.4655433	336.0000000	255.7853055	66.0000000
porphyry	0.000	-60.0000	23.4393	0.0	55.4343048	96.9562032	138.4781016	180.0000000	198.4781016	216.9562032	235.4343048	276.9562032	318.4781016	0.0000000	18.4781016	36.9562032	55.4343048	0.0000000	282.9340888	90.0000000
porphyry	0.000	-60.0000	23.4393	24.0	31.4343048	72.9562032	114.4781016	156.0000000	174.4781016	192.9562032	211.4343048	252.9562032	294.4781016	336.0000000	354.4781016	12.9562032	31.4343048	336.0000000	258.9340888	66.0000000
porphyry	0.000	-30.0000	23.4393	0.0	77.0659112	111.3772741	145.6886371	180.0000000	205.6886371	231.3772741	257.0659112	291.3772741	325.6886371	0.0000000	25.6886371	51.3772741	77.0659112	0.0000000	304.5656952	90.0000000
porphyry	0.000	-30.0000	23.4393	24.0	53.0659112	87.3772741	121.6886371	156.0000000	181.6886371	207.3772741	233.0659112	267.3772741	301.6886371	336.0000000	1.6886371	27.3772741	53.0659112	336.0000000	280.5656952	66.0000000
porphyry	0.000	0.5000	23.4393	0.0	90.1988929	120.1325953	150.0662976	180.0000000	210.0662976	240.1325953	270.1988929	300.1325953	330.0662976	0.0000000	30.0662976	60.1325953	90.1988929	0.0000000	181.2568150	90.0000000
porphyry	0.000	0.5000	23.4393	24.0	66.1988929	96.1325953	126.0662976	156.0000000	186.0662976	216.1325953	246.1988929	276.1325953	306.0662976	336.0000000	6.0662976	36.1325953	66.1988929	336.0000000	157.2568150	66.0000000
porphyry	0.000	17.3000	23.4393	0.0	97.0626042	124.7084028	152.3542014	180.0000000	212.3542014	244.7084028	277.0626042	304.7084028	332.3542014	0.0000000	32.3542014	64.7084028	97.0626042	0.0000000	218.0614522	90.0000000
porphyry	0.000	17.3000	23.4393	24.0	73.0626042	100.7084028	128.3542014	156.0000000	188.3542014	220.7084028	253.0626042	280.7084028	308.3542014	336.0000000	8.3542014	40.7084028	73.0626042	336.0000000	194.0614522	66.0000000
porphyry	0.000	40.0000	23.4393	0.0	108.4577098	132.3051398	156.1525699	180.0000000	216.1525699	252.3051398	288.4577098	312.3051398	336.1525699	0.0000000	36.1525699	72.3051398	108.4577098	0.0000000	244.6365910	90.0000000
porphyry	0.000	40.0000	23.4393	24.0	84.4577098	108.3051398	132.1525699	156.0000000	192.1525699	228.3051398	264.4577098	288.3051398	312.1525699	336.0000000	12.1525699	48.3051398	84.4577098	336.0000000	220.6365910	66.0000000
porphyry	0.000	47.6000	23.4393	0.0	113.5389876	135.6926584	157.8463292	180.0000000	217.8463292	255.6926584	293.5389876	315.6926584	337.8463292	0.0000000	37.8463292	75.6926584	113.5389876	0.0000000	250.0379364	90.0000000
porphyry	0.000	47.6000	23.4393	24.0	89.5389876	111.6926584	133.8463292	156.0000000	193.8463292	231.6926584	269.5389876	291.6926584	313.8463292	336.0000000	13.8463292	51.6926584	89.5389876	336.0000000	226.0379364	66.0000000
porphyry	0.000	60.0000	23.4393	0.0	124.5656952	143.0437968	161.5218984	180.0000000	221.5218984	263.0437968	304.5656952	323.0437968	341.5218984	0.0000000	41.5218984	83.0437968	124.5656952	0.0000000	257.0659112	90.0000000
porphyry	0.000	60.0000	23.4393	24.0	100.5656952	119.0437968	137.5218984	156.0000000	197.5218984	239.0437968	280.5656952	299.0437968	317.5218984	336.0000000	17.5218984	59.0437968	100.5656952	336.0000000	233.0659112	66.0000000
porphyry	0.000	66.5597	23.4393	0.0	132.5344567	148.3563045	164.1781522	180.0000000	224.1781522	268.3563045	312.5344567	328.3563045	344.1781522	0.0000000	44.1781522	88.3563045	132.5344567	0.0000000	260.2146945	90.0000000
porphyry	0.000	66.5597	23.4393	24.0	108.5344567	124.3563045	140.1781522	156.0000000	200.1781522	244.3563045	288.5344567	304.3563045	320.1781522	336.0000000	20.1781522	64.3563045	108.5344567	336.0000000	236.2146945	66.0000000
porphyry	0.000	66.5607	23.4393	0.0	132.5358216	148.3572144	164.1786072	180.0000000	224.1786072	268.3572144	312.5358216	328.3572144	344.1786072	0.0000000	44.1786072	88.3572144	132.5358216	0.0000000	260.2151534	90.0000000
porphyry	0.000	66.5607	23.4393	24.0	108.5358216	124.3572144	140.1786072	156.0000000	200.1786072	244.3572144	288.5358216	304.3572144	320.1786072	336.0000000	20.1786072	64.3572144	108.5358216	336.0000000	236.2151534	66.0000000
porphyry	0.000	66.5617	23.4393	0.0	132.5371866	148.3581244	164.1790622	180.0000000	224.1790622	268.3581244	312.5371866	328.3581244	344.1790622	0.0000000	44.1790622	88.3581244	132.5371866	0.0000000	260.2156123	90.0000000
porphyry	0.000	66.5617	23.4393	24.0	108.5371866	124.3581244	140.1790622	156.0000000	200.1790622	244.3581244	288.5371866	304.3581244	320.1790622	336.0000000	20.1790622	64.3581244	108.5371866	336.0000000	236.2156123	66.0000000
porphyry	0.000	70.0000	23.4393	0.0	137.5411724	151.6941150	165.8470575	180.0000000	225.8470575	271.6941150	317.5411724	331.6941150	345.8470575	0.0000000	45.8470575	91.6941150	137.5411724	0.0000000	261.7620094	90.0000000
porphyry	0.000	70.0000	23.4393	24.0	113.5411724	127.6941150	141.8470575	156.0000000	201.8470575	247.6941150	293.5411724	307.6941150	321.8470575	336.0000000	21.8470575	67.6941150	113.5411724	336.0000000	237.7620094	66.0000000
porphyry	0.000	89.9990	23.4393	0.0	179.9974860	179.9983240	179.9991620	180.0000000	239.9991620	299.9983240	359.9974860	359.9983240	359.9991620	0.0000000	59.9991620	119.9983240	179.9974860	0.0000000	269.9996022	90.0000000
porphyry	0.000	89.9990	23.4393	24.0	155.9974860	155.9983240	155.9991620	156.0000000	215.9991620	275.9983240	335.9974860	335.9983240	335.9991620	336.0000000	35.9991620	95.9983240	155.9974860	336.0000000	245.9996022	66.0000000
porphyry	0.000	90.0000	23.4393	0.0	refused	refused	refused	refused	refused	refused	refused	refused	refused	refused	refused	refused	refused	refused	refused	refused
porphyry	0.000	90.0000	23.4393	24.0	refused	refused	refused	refused	refused	refused	refused	refused	refused	refused	refused	refused	refused	refused	refused	refused
porphyry	77.100	-89.9990	23.4393	0.0	180.0005613	206.0447104	232.0888596	258.1330088	292.0888596	326.0447104	0.0005613	26.0447104	52.0888596	78.1330088	112.0888596	146.0447104	180.0005613	78.1330088	345.9838421	165.9837376
porphyry	77.100	-89.9990	23.4393	24.0	156.0005613	182.0447104	208.0888596	234.1330088	268.0888596	302.0447104	336.0005613	2.0447104	28.0888596	54.1330088	88.0888596	122.0447104	156.0005613	54.1330088	321.9838421	141.9837376
porphyry	77.100	-80.0000	23.4393	0.0	189.3115820	212.2520576	235.1925332	258.1330088	295.1925332	332.2520576	9.3115820	32.2520576	55.1925332	78.1330088	115.1925332	152.2520576	189.3115820	78.1330088	346.9669598	165.9837376
porphyry	77.100	-80.0000	23.4393	24.0	165.3115820	188.2520576	211.1925332	234.1330088	271.1925332	308.2520576	345.3115820	8.2520576	31.1925332	54.1330088	91.1925332	128.2520576	165.3115820	54.1330088	322.9669598	141.9837376
porphyry	77.100	-66.5617	23.4393	0.0	84.0671498	142.0891028	200.1110558	258.1330088	260.1110558	262.0891028	264.0671498	322.0891028	20.1110558	78.1330088	80.1110558	82.0891028	84.0671498	78.1330088	348.1799742	165.9837376
porphyry	77.100	-66.5617	23.4393	24.0	60.0671498	118.0891028	176.1110558	234.1330088	236.1110558	238.0891028	240.0671498	298.0891028	356.1110558	54.1330088	56.1110558	58.0891028	60.0671498	54.1330088	324.1799742	141.9837376
porphyry	77.100	-66.5597	23.4393	0.0	84.0894317	142.1039574	200.1184831	258.1330088	260.1184831	262.1039574	264.0894317	322.1039574	20.1184831	78.1330088	80.1184831	82.1039574	84.0894317	78.1330088	348.1801518	165.9837376
porphyry	77.100	-66.5597	23.4393	24.0	60.0894317	118.1039574	176.1184831	234.1330088	236.1184831	238.1039574	240.0894317	298.1039574	356.1184831	54.1330088	56.1184831	58.1039574	60.0894317	54.1330088	324.1801518	141.9837376
porphyry	77.100	-60.0000	23.4393	0.0	132.6092259	174.4504868	216.2917478	258.1330088	276.2917478	294.4504868	312.6092259	354.4504868	36.2917478	78.1330088	96.2917478	114.4504868	132.6092259	78.1330088	348.7658854	165.9837376
porphyry	77.100	-60.0000	23.4393	24.0	108.6092259	150.4504868	192.2917478	234.1330088	252.2917478	270.4504868	288.6092259	330.4504868	12.2917478	54.1330088	72.2917478	90.4504868	108.6092259	54.1330088	324.7658854	141.9837376
porphyry	77.100	-30.0000	23.4393	0.0	161.4337456	193.6668334	225.8999211	258.1330088	285.8999211	313.6668334	341.4337456	13.6668334	45.8999211	78.1330088	105.8999211	133.6668334	161.4337456	78.1330088	351.9740138	165.9837376
porphyry	77.100	-30.0000	23.4393	24.0	137.4337456	169.6668334	201.8999211	234.1330088	261.8999211	289.6668334	317.4337456	349.6668334	21.8999211	54.1330088	81.8999211	109.6668334	137.4337456	54.1330088	327.9740138	141.9837376
porphyry	77.100	0.5000	23.4393	0.0	166.0358071	196.7348743	227.4339416	258.1330088	287.4339416	316.7348743	346.0358071	16.7348743	47.4339416	78.1330088	107.4339416	136.7348743	166.0358071	78.1330088	0.2862431	165.9837376
porphyry	77.100	0.5000	23.4393	24.0	142.0358071	172.7348743	203.4339416	234.1330088	263.4339416	292.7348743	322.0358071	352.7348743	23.4339416	54.1330088	83.4339416	112.7348743	142.0358071	54.1330088	336.2862431	141.9837376
porphyry	77.100	17.3000	23.4393	0.0	167.6332833	197.7998585	227.9664336	258.1330088	287.9664336	317.7998585	347.6332833	17.7998585	47.9664336	78.1330088	107.9664336	137.7998585	167.6332833	78.1330088	30.2515161	165.9837376
porphyry	77.100	17.3000	23.4393	24.0	143.6332833	173.7998585	203.9664336	234.1330088	263.9664336	293.7998585	323.6332833	353.7998585	23.9664336	54.1330088	83.9664336	113.7998585	143.6332833	54.1330088	6.2515161	141.9837376
porphyry	77.100	40.0000	23.4393	0.0	169.6970010	199.1756703	228.6543395	258.1330088	288.6543395	319.1756703	349.6970010	19.1756703	48.6543395	78.1330088	108.6543395	139.1756703	169.6970010	78.1330088	332.0226615	165.9837376
porphyry	77.100	40.0000	23.4393	24.0	145.6970010	175.1756703	204.6543395	234.1330088	264.6543395	295.1756703	325.6970010	355.1756703	24.6543395	54.1330088	84.6543395	115.1756703	145.6970010	54.1330088	308.0226615	141.9837376
porphyry	77.100	47.6000	23.4393	0.0	170.4709513	199.6916371	228.9123230	258.1330088	288.9123230	319.6916371	350.4709513	19.6916371	48.9123230	78.1330088	108.9123230	139.6916371	170.4709513	78.1330088	337.2005482	165.9837376
porphyry	77.100	47.6000	23.4393	24.0	146.4709513	175.6916371	204.9123230	234.1330088	264.9123230	295.6916371	326.4709513	355.6916371	24.9123230	54.1330088	84.9123230	115.6916371	146.4709513	54.1330088	313.2005482	141.9837376
porphyry	77.100	60.0000	23.4393	0.0	171.9740138	200.6936788	229.4133438	258.1330088	289.4133438	320.6936788	351.9740138	20.6936788	49.4133438	78.1330088	109.4133438	140.6936788	171.9740138	78.1330088	341.4337456	165.9837376
porphyry	77.100	60.0000	23.4393	24.0	147.9740138	176.6936788	205.4133438	234.1330088	265.4133438	296.6936788	327.9740138	356.6936788	25.4133438	54.1330088	85.4133438	116.6936788	147.9740138	54.1330088	317.4337456	141.9837376
porphyry	77.100	66.5597	23.4393	0.0	172.9752810	201.3611903	229.7470995	258.1330088	289.7470995	321.3611903	352.9752810	21.3611903	49.7470995	78.1330088	109.7470995	141.3611903	172.9752810	78.1330088	342.8146954	165.9837376
porphyry	77.100	66.5597	23.4393	24.0	148.9752810	177.3611903	205.7470995	234.1330088	265.7470995	297.3611903	328.9752810	357.3611903	25.7470995	54.1330088	85.7470995	117.3611903	148.9752810	54.1330088	318.8146954	141.9837376
porphyry	77.100	66.5607	23.4393	0.0	172.9754494	201.3613025	229.7471557	258.1330088	289.7471557	321.3613025	352.9754494	21.3613025	49.7471557	78.1330088	109.7471557	141.3613025	172.9754494	78.1330088	342.8148802	165.9837376
porphyry	77.100	66.5607	23.4393	24.0	148.9754494	177.3613025	205.7471557	234.1330088	265.7471557	297.3613025	328.9754494	357.3613025	25.7471557	54.1330088	85.7471557	117.3613025	148.9754494	54.1330088	318.8148802	141.9837376
porphyry	77.100	66.5617	23.4393	0.0	172.9756178	201.3614148	229.7472118	258.1330088	289.7472118	321.3614148	352.9756178	21.3614148	49.7472118	78.1330088	109.7472118	141.3614148	172.9756178	78.1330088	342.8150650	165.9837376
porphyry	77.100	66.5617	23.4393	24.0	148.9756178	177.3614148	205.7472118	234.1330088	265.7472118	297.3614148	328.9756178	357.3614148	25.7472118	54.1330088	85.7472118	117.3614148	148.9756178	54.1330088	318.8150650	141.9837376
porphyry	77.100	70.0000	23.4393	0.0	173.5900684	201.7710486	229.9520287	258.1330088	289.9520287	321.7710486	353.5900684	21.7710486	49.9520287	78.1330088	109.9520287	141.7710486	173.5900684	78.1330088	343.4140046	165.9837376
porphyry	77.100	70.0000	23.4393	24.0	149.5900684	177.7710486	205.9520287	234.1330088	265.9520287	297.7710486	329.5900684	357.7710486	25.9520287	54.1330088	85.9520287	117.7710486	149.5900684	54.1330088	319.4140046	141.9837376
porphyry	77.100	89.9990	23.4393	0.0	179.9994388	206.0439621	232.0884854	258.1330088	292.0884854	326.0439621	359.9994388	26.0439621	52.0884854	78.1330088	112.0884854	146.0439621	179.9994388	78.1330088	345.9836331	165.9837376
porphyry	77.100	89.9990	23.4393	24.0	155.9994388	182.0439621	208.0884854	234.1330088	268.0884854	302.0439621	335.9994388	2.0439621	28.0884854	54.1330088	88.0884854	122.0439621	155.9994388	54.1330088	321.9836331	141.9837376
porphyry	77.100	90.0000	23.4393	0.0	refused	refused	refused	refused	refused	refused	refused	refused	refused	refused	refused	refused	refused	refused	refused	refused
porphyry	77.100	90.0000	23.4393	24.0	refused	refused	refused	refused	refused	refused	refused	refused	refused	refused	refused	refused	refused	refused	refused	refused
porphyry	143.300	-89.9990	23.4393	0.0	179.9979843	226.9683367	273.9386890	320.9090413	333.9386890	346.9683367	359.9979843	46.9683367	93.9386890	140.9090413	153.9386890	166.9683367	179.9979843	140.9090413	55.6326085	235.6329465
porphyry	143.300	-89.9990	23.4393	24.0	155.9979843	202.9683367	249.9386890	296.9090413	309.9386890	322.9683367	335.9979843	22.9683367	69.9386890	116.9090413	129.9386890	142.9683367	155.9979843	116.9090413	31.6326085	211.6329465
porphyry	143.300	-80.0000	23.4393	0.0	154.8483245	210.2018968	265.5554691	320.9090413	325.5554691	330.2018968	334.8483245	30.2018968	85.5554691	140.9090413	145.5554691	150.2018968	154.8483245	140.9090413	52.3552223	235.6329465
porphyry	143.300	-80.0000	23.4393	24.0	130.8483245	186.2018968	241.5554691	296.9090413	301.5554691	306.2018968	310.8483245	6.2018968	61.5554691	116.9090413	121.5554691	126.2018968	130.8483245	116.9090413	28.3552223	211.6329465
porphyry	143.300	-66.5617	23.4393	0.0	294.7259454	303.4536441	312.1813427	320.9090413	12.1813427	63.4536441	114.7259454	123.4536441	132.1813427	140.9090413	192.1813427	243.4536441	294.7259454	140.9090413	48.0459048	235.6329465
porphyry	143.300	-66.5617	23.4393	24.0	270.7259454	279.4536441	288.1813427	296.9090413	348.1813427	39.4536441	90.7259454	99.4536441	108.1813427	116.9090413	168.1813427	219.4536441	270.7259454	116.9090413	24.0459048	211.6329465
porphyry	143.300	-66.5597	23.4393	0.0	294.7207713	303.4501947	312.1796180	320.9090413	12.1796180	63.4501947	114.7207713	123.4501947	132.1796180	140.9090413	192.1796180	243.4501947	294.7207713	140.9090413	48.0452529	235.6329465
porphyry	143.300	-66.5597	23.4393	24.0	270.7207713	279.4501947	288.1796180	296.9090413	348.1796180	39.4501947	90.7207713	99.4501947	108.1796180	116.9090413	168.1796180	219.4501947	270.7207713	116.9090413	24.0452529	211.6329465
porphyry	143.300	-60.0000	23.4393	0.0	279.9504729	293.6033290	307.2561852	320.9090413	7.2561852	53.6033290	99.9504729	113.6033290	127.2561852	140.9090413	187.2561852	233.6033290	279.9504729	140.9090413	45.8634464	235.6329465
porphyry	143.300	-60.0000	23.4393	24.0	255.9504729	269.6033290	283.2561852	296.9090413	343.2561852	29.6033290	75.9504729	89.6033290	103.2561852	116.9090413	163.2561852	209.6033290	255.9504729	116.9090413	21.8634464	211.6329465
porphyry	143.300	-30.0000	23.4393	0.0	248.3254087	272.5199529	296.7144971	320.9090413	356.7144971	32.5199529	68.3254087	92.5199529	116.7144971	140.9090413	176.7144971	212.5199529	248.3254087	140.9090413	32.9438141	235.6329465
porphyry	143.300	-30.0000	23.4393	24.0	224.3254087	248.5199529	272.7144971	296.9090413	332.7144971	8.5199529	44.3254087	68.5199529	92.7144971	116.9090413	152.7144971	188.5199529	224.3254087	116.9090413	8.9438141	211.6329465
porphyry	143.300	0.5000	23.4393	0.0	235.4642676	263.9458588	292.4274501	320.9090413	352.4274501	23.9458588	55.4642676	83.9458588	112.4274501	140.9090413	172.4274501	203.9458588	235.4642676	140.9090413	358.9799910	235.6329465
porphyry	143.300	0.5000	23.4393	24.0	211.4642676	239.9458588	268.4274501	296.9090413	328.4274501	359.9458588	31.4642676	59.9458588	88.4274501	116.9090413	148.4274501	179.9458588	211.4642676	116.9090413	334.9799910	211.6329465
porphyry	143.300	17.3000	23.4393	0.0	230.0237225	260.3188288	290.6139351	320.9090413	350.6139351	20.3188288	50.0237225	80.3188288	110.6139351	140.9090413	170.6139351	200.3188288	230.0237225	140.9090413	132.2705043	235.6329465
porphyry	143.300	17.3000	23.4393	24.0	206.0237225	236.3188288	266.6139351	296.9090413	326.6139351	356.3188288	26.0237225	56.3188288	86.6139351	116.9090413	146.6139351	176.3188288	206.0237225	116.9090413	108.2705043	211.6329465
porphyry	143.300	40.0000	23.4393	0.0	222.2694246	255.1492969	288.0291691	320.9090413	348.0291691	15.1492969	42.2694246	75.1492969	108.0291691	140.9090413	168.0291691	195.1492969	222.2694246	140.9090413	84.7085509	235.6329465
porphyry	143.300	40.0000	23.4393	24.0	198.2694246	231.1492969	264.0291691	296.9090413	324.0291691	351.1492969	18.2694246	51.1492969	84.0291691	116.9090413	144.0291691	171.1492969	198.2694246	116.9090413	60.7085509	211.6329465
porphyry	143.300	47.6000	23.4393	0.0	219.1755211	253.0866945	286.9978679	320.9090413	346.9978679	13.0866945	39.1755211	73.0866945	106.9978679	140.9090413	166.9978679	193.0866945	219.1755211	140.9090413	77.0010017	235.6329465
porphyry	143.300	47.6000	23.4393	24.0	195.1755211	229.0866945	262.9978679	296.9090413	322.9978679	349.0866945	15.1755211	49.0866945	82.9978679	116.9090413	142.9978679	169.0866945	195.1755211	116.9090413	53.0010017	211.6329465
porphyry	143.300	60.0000	23.4393	0.0	212.9438141	248.9322232	284.9206323	320.9090413	344.9206323	8.9322232	32.9438141	68.9322232	104.9206323	140.9090413	164.9206323	188.9322232	212.9438141	140.9090413	68.3254087	235.6329465
porphyry	143.300	60.0000	23.4393	24.0	188.9438141	224.9322232	260.9206323	296.9090413	320.9206323	344.9322232	8.9438141	44.9322232	80.9206323	116.9090413	140.9206323	164.9322232	188.9438141	116.9090413	44.3254087	211.6329465
porphyry	143.300	66.5597	23.4393	0.0	208.6789977	246.0890123	283.4990268	320.9090413	343.4990268	6.0890123	28.6789977	66.0890123	103.4990268	140.9090413	163.4990268	186.0890123	208.6789977	140.9090413	64.8844564	235.6329465
porphyry	143.300	66.5597	23.4393	24.0	184.6789977	222.0890123	259.4990268	296.9090413	319.4990268	342.0890123	4.6789977	42.0890123	79.4990268	116.9090413	139.4990268	162.0890123	184.6789977	116.9090413	40.8844564	211.6329465
porphyry	143.300	66.5607	23.4393	0.0	208.6782757	246.0885309	283.4987861	320.9090413	343.4987861	6.0885309	28.6782757	66.0885309	103.4987861	140.9090413	163.4987861	186.0885309	208.6782757	140.9090413	64.8839732	235.6329465
porphyry	143.300	66.5607	23.4393	24.0	184.6782757	222.0885309	259.4987861	296.9090413	319.4987861	342.0885309	4.6782757	42.0885309	79.4987861	116.9090413	139.4987861	162.0885309	184.6782757	116.9090413	40.8839732	211.6329465
porphyry	143.300	66.5617	23.4393	0.0	208.6775536	246.0880495	283.4985454	320.9090413	343.4985454	6.0880495	28.6775536	66.0880495	103.4985454	140.9090413	163.4985454	186.0880495	208.6775536	140.9090413	64.8834900	235.6329465
porphyry	143.300	66.5617	23.4393	24.0	184.6775536	222.0880495	259.4985454	296.9090413	319.4985454	342.0880495	4.6775536	42.0880495	79.4985454	116.9090413	139.4985454	162.0880495	184.6775536	116.9090413	40.8834900	211.6329465
porphyry	143.300	70.0000	23.4393	0.0	206.0369790	244.3276664	282.6183539	320.9090413	342.6183539	4.3276664	26.0369790	64.3276664	102.6183539	140.9090413	162.6183539	184.3276664	206.0369790	140.9090413	63.2840281	235.6329465
porphyry	143.300	70.0000	23.4393	24.0	182.0369790	220.3276664	258.6183539	296.9090413	318.6183539	340.3276664	2.0369790	40.3276664	78.6183539	116.9090413	138.6183539	160.3276664	182.0369790	116.9090413	39.2840281	211.6329465
porphyry	143.300	89.9990	23.4393	0.0	180.0020156	226.9710242	273.9400328	320.9090413	333.9400328	346.9710242	0.0020156	46.9710242	93.9400328	140.9090413	153.9400328	166.9710242	180.0020156	140.9090413	55.6332845	235.6329465
porphyry	143.300	89.9990	23.4393	24.0	156.0020156	202.9710242	249.9400328	296.9090413	309.9400328	322.9710242	336.0020156	22.9710242	69.9400328	116.9090413	129.9400328	142.9710242	156.0020156	116.9090413	31.6332845	211.6329465
porphyry	143.300	90.0000	23.4393	0.0	refused	refused	refused	refused	refused	refused	refused	refused	refused	refused	refused	refused	refused	refused	refused	refused
porphyry	143.300	90.0000	23.4393	24.0	refused	refused	refused	refused	refused	refused	refused	refused	refused	refused	refused	refused	refused	refused	refused	refused
porphyry	200.000	-89.9990	23.4393	0.0	359.9976377	7.2112598	14.4248820	21.6385041	74.4248820	127.2112598	179.9976377	187.2112598	194.4248820	201.6385041	254.4248820	307.2112598	359.9976377	201.6385041	108.4656467	288.4660276
porphyry	200.000	-89.9990	23.4393	24.0	335.9976377	343.2112598	350.4248820	357.6385041	50.4248820	103.2112598	155.9976377	163.2112598	170.4248820	177.6385041	230.4248820	283.2112598	335.9976377	177.6385041	84.4656467	264.4660276
porphyry	200.000	-80.0000	23.4393	0.0	339.9134840	353.8218240	7.7301641	21.6385041	67.7301641	113.8218240	159.9134840	173.8218240	187.7301641	201.6385041	247.7301641	293.8218240	339.9134840	201.6385041	104.5364229	288.4660276
porphyry	200.000	-80.0000	23.4393	24.0	315.9134840	329.8218240	343.7301641	357.6385041	43.7301641	89.8218240	135.9134840	149.8218240	163.7301641	177.6385041	223.7301641	269.8218240	315.9134840	177.6385041	80.5364229	264.4660276
porphyry	200.000	-66.5617	23.4393	0.0	322.6506922	342.3132962	1.9759002	21.6385041	61.9759002	102.3132962	142.6506922	162.3132962	181.9759002	201.6385041	241.9759002	282.3132962	322.6506922	201.6385041	98.5542613	288.4660276
porphyry	200.000	-66.5617	23.4393	24.0	298.6506922	318.3132962	337.9759002	357.6385041	37.9759002	78.3132962	118.6506922	138.3132962	157.9759002	177.6385041	217.9759002	258.3132962	298.6506922	177.6385041	74.5542613	264.4660276
porphyry	200.000	-66.5597	23.4393	0.0	322.6487228	342.3119833	1.9752437	21.6385041	61.9752437	102.3119833	142.6487228	162.3119833	181.9752437	201.6385041	241.9752437	282.3119833	322.6487228	201.6385041	98.5532778	288.4660276
porphyry	200.000	-66.5597	23.4393	24.0	298.6487228	318.3119833	337.9752437	357.6385041	37.9752437	78.3119833	118.6487228	138.3119833	157.9752437	177.6385041	217.9752437	258.3119833	298.6487228	177.6385041	74.5532778	264.4660276
porphyry	200.000	-60.0000	23.4393	0.0	316.8598438	338.4527306	0.0456174	21.6385041	60.0456174	98.4527306	136.8598438	158.4527306	180.0456174	201.6385041	240.0456174	278.4527306	316.8598438	201.6385041	95.1166445	288.4660276
porphyry	200.000	-60.0000	23.4393	24.0	292.8598438	314.4527306	336.0456174	357.6385041	36.0456174	74.4527306	112.8598438	134.4527306	156.0456174	177.6385041	216.0456174	254.4527306	292.8598438	177.6385041	71.1166445	264.4660276
porphyry	200.000	-30.0000	23.4393	0.0	300.0421617	327.2409425	354.4397233	21.6385041	54.4397233	87.2409425	120.0421617	147.2409425	174.4397233	201.6385041	234.4397233	267.2409425	300.0421617	201.6385041	68.2355982	288.4660276
porphyry	200.000	-30.0000	23.4393	24.0	276.0421617	303.2409425	330.4397233	357.6385041	30.4397233	63.2409425	96.0421617	123.2409425	150.4397233	177.6385041	210.4397233	243.2409425	276.0421617	177.6385041	44.2355982	264.4660276
porphyry	200.000	0.5000	23.4393	0.0	288.2753932	319.3964302	350.5174672	21.6385041	50.5174672	79.3964302	108.2753932	139.3964302	170.5174672	201.6385041	230.5174672	259.3964302	288.2753932	201.6385041	178.8270310	288.4660276
porphyry	200.000	0.5000	23.4393	24.0	264.2753932	295.3964302	326.5174672	357.6385041	26.5174672	55.3964302	84.2753932	115.3964302	146.5174672	177.6385041	206.5174672	235.3964302	264.2753932	177.6385041	154.8270310	264.4660276
porphyry	200.000	17.3000	23.4393	0.0	281.4250878	314.8295599	348.2340320	21.6385041	48.2340320	74.8295599	101.4250878	134.8295599	168.2340320	201.6385041	228.2340320	254.8295599	281.4250878	201.6385041	149.4312502	288.4660276
porphyry	200.000	17.3000	23.4393	24.0	257.4250878	290.8295599	324.2340320	357.6385041	24.2340320	50.8295599	77.4250878	110.8295599	144.2340320	177.6385041	204.2340320	230.8295599	257.4250878	177.6385041	125.4312502	264.4660276
porphyry	200.000	40.0000	23.4393	0.0	268.7821000	306.4009013	344.0197027	21.6385041	44.0197027	66.4009013	88.7821000	126.4009013	164.0197027	201.6385041	224.0197027	246.4009013	268.7821000	201.6385041	129.9768823	288.4660276
porphyry	200.000	40.0000	23.4393	24.0	244.7821000	282.4009013	320.0197027	357.6385041	20.0197027	42.4009013	64.7821000	102.4009013	140.0197027	177.6385041	200.0197027	222.4009013	244.7821000	177.6385041	105.9768823	264.4660276
porphyry	200.000	47.6000	23.4393	0.0	262.6132136	302.2883104	341.9634073	21.6385041	41.9634073	62.2883104	82.6132136	122.2883104	161.9634073	201.6385041	221.9634073	242.2883104	262.6132136	201.6385041	125.7715209	288.4660276
porphyry	200.000	47.6000	23.4393	24.0	238.6132136	278.2883104	317.9634073	357.6385041	17.9634073	38.2883104	58.6132136	98.2883104	137.9634073	177.6385041	197.9634073	218.2883104	238.6132136	177.6385041	101.7715209	264.4660276
porphyry	200.000	60.0000	23.4393	0.0	248.2355982	292.7032335	337.1708688	21.6385041	37.1708688	52.7032335	68.2355982	112.7032335	157.1708688	201.6385041	217.1708688	232.7032335	248.2355982	201.6385041	120.0421617	288.4660276
porphyry	200.000	60.0000	23.4393	24.0	224.2355982	268.7032335	313.1708688	357.6385041	13.1708688	28.7032335	44.2355982	88.7032335	133.1708688	177.6385041	193.1708688	208.7032335	224.2355982	177.6385041	96.0421617	264.4660276
porphyry	200.000	66.5597	23.4393	0.0	237.2840765	285.4022190	333.5203616	21.6385041	33.5203616	45.4022190	57.2840765	105.4022190	153.5203616	201.6385041	213.5203616	225.4022190	237.2840765	201.6385041	117.3602317	288.4660276
porphyry	200.000	66.5597	23.4393	24.0	213.2840765	261.4022190	309.5203616	357.6385041	9.5203616	21.4022190	33.2840765	81.4022190	129.5203616	177.6385041	189.5203616	201.4022190	213.2840765	177.6385041	93.3602317	264.4660276
porphyry	200.000	66.5607	23.4393	0.0	237.2821828	285.4009566	333.5197304	21.6385041	33.5197304	45.4009566	57.2821828	105.4009566	153.5197304	201.6385041	213.5197304	225.4009566	237.2821828	201.6385041	117.3598350	288.4660276
porphyry	200.000	66.5607	23.4393	24.0	213.2821828	261.4009566	309.5197304	357.6385041	9.5197304	21.4009566	33.2821828	81.4009566	129.5197304	177.6385041	189.5197304	201.4009566	213.2821828	177.6385041	93.3598350	264.4660276
porphyry	200.000	66.5617	23.4393	0.0	237.2802890	285.3996940	333.5190991	21.6385041	33.5190991	45.3996940	57.2802890	105.3996940	153.5190991	201.6385041	213.5190991	225.3996940	237.2802890	201.6385041	117.3594383	288.4660276
porphyry	200.000	66.5617	23.4393	24.0	213.2802890	261.3996940	309.5190991	357.6385041	9.5190991	21.3996940	33.2802890	81.3996940	129.5190991	177.6385041	189.5190991	201.3996940	213.2802890	177.6385041	93.3594383	264.4660276
porphyry	200.000	70.0000	23.4393	0.0	230.3383184	280.7717136	331.2051089	21.6385041	31.2051089	40.7717136	50.3383184	100.7717136	151.2051089	201.6385041	211.2051089	220.7717136	230.3383184	201.6385041	116.0126922	288.4660276
porphyry	200.000	70.0000	23.4393	24.0	206.3383184	256.7717136	307.2051089	357.6385041	7.2051089	16.7717136	26.3383184	76.7717136	127.2051089	177.6385041	187.2051089	196.7717136	206.3383184	177.6385041	92.0126922	264.4660276
porphyry	200.000	89.9990	23.4393	0.0	0.0023624	7.2144096	14.4264569	21.6385041	74.4264569	127.2144096	180.0023624	187.2144096	194.4264569	201.6385041	254.4264569	307.2144096	0.0023624	201.6385041	108.4664084	288.4660276
porphyry	200.000	89.9990	23.4393	24.0	336.0023624	343.2144096	350.4264569	357.6385041	50.4264569	103.2144096	156.0023624	163.2144096	170.4264569	177.6385041	230.4264569	283.2144096	336.0023624	177.6385041	84.4664084	264.4660276
porphyry	200.000	90.0000	23.4393	0.0	refused	refused	refused	refused	refused	refused	refused	refused	refused	refused	refused	refused	refused	refused	refused	refused
porphyry	200.000	90.0000	23.4393	24.0	refused	refused	refused	refused	refused	refused	refused	refused	refused	refused	refused	refused	refused	refused	refused	refused
porphyry	280.457	-89.9990	23.4393	0.0	0.0004563	33.2039392	66.4074222	99.6109051	126.4074222	153.2039392	180.0004563	213.2039392	246.4074222	279.6109051	306.4074222	333.2039392	0.0004563	279.6109051	191.3740424	11.3739572
porphyry	280.457	-89.9990	23.4393	24.0	336.0004563	9.2039392	42.4074222	75.6109051	102.4074222	129.2039392	156.0004563	189.2039392	222.4074222	255.6109051	282.4074222	309.2039392	336.0004563	255.6109051	167.3740424	347.3739572
porphyry	280.457	-80.0000	23.4393	0.0	3.2891453	35.3963986	67.5036519	99.6109051	127.5036519	155.3963986	183.2891453	215.3963986	247.5036519	279.6109051	307.5036519	335.3963986	3.2891453	279.6109051	192.3045559	11.3739572
porphyry	280.457	-80.0000	23.4393	24.0	339.2891453	11.3963986	43.5036519	75.6109051	103.5036519	131.3963986	159.2891453	191.3963986	223.5036519	255.6109051	283.5036519	311.3963986	339.2891453	255.6109051	168.3045559	347.3739572
porphyry	280.457	-66.5617	23.4393	0.0	5.6956473	37.0007332	68.3058192	99.6109051	128.3058192	157.0007332	185.6956473	217.0007332	248.3058192	279.6109051	308.3058192	337.0007332	5.6956473	279.6109051	193.9659455	11.3739572
porphyry	280.457	-66.5617	23.4393	24.0	341.6956473	13.0007332	44.3058192	75.6109051	104.3058192	133.0007332	161.6956473	193.0007332	224.3058192	255.6109051	284.3058192	313.0007332	341.6956473	255.6109051	169.9659455	347.3739572
porphyry	280.457	-66.5597	23.4393	0.0	5.6959202	37.0009152	68.3059102	99.6109051	128.3059102	157.0009152	185.6959202	217.0009152	248.3059102	279.6109051	308.3059102	337.0009152	5.6959202	279.6109051	193.9662488	11.3739572
porphyry	280.457	-66.5597	23.4393	24.0	341.6959202	13.0009152	44.3059102	75.6109051	104.3059102	133.0009152	161.6959202	193.0009152	224.3059102	255.6109051	284.3059102	313.0009152	341.6959202	255.6109051	169.9662488	347.3739572
porphyry	280.457	-60.0000	23.4393	0.0	6.5071649	37.5417450	68.5763251	99.6109051	128.5763251	157.5417450	186.5071649	217.5417450	248.5763251	279.6109051	308.5763251	337.5417450	6.5071649	279.6109051	195.1015586	11.3739572
porphyry	280.457	-60.0000	23.4393	24.0	342.5071649	13.5417450	44.5763251	75.6109051	104.5763251	133.5417450	162.5071649	193.5417450	224.5763251	255.6109051	284.5763251	313.5417450	342.5071649	255.6109051	171.1015586	347.3739572
porphyry	280.457	-30.0000	23.4393	0.0	9.1096939	39.2767643	69.4438347	99.6109051	129.4438347	159.2767643	189.1096939	219.2767643	249.4438347	279.6109051	309.4438347	339.2767643	9.1096939	279.6109051	220.3980752	11.3739572
porphyry	280.457	-30.0000	23.4393	24.0	345.1096939	15.2767643	45.4438347	75.6109051	105.4438347	135.2767643	165.1096939	195.2767643	225.4438347	255.6109051	285.4438347	315.2767643	345.1096939	255.6109051	196.3980752	347.3739572
porphyry	280.457	0.5000	23.4393	0.0	11.4167356	40.8147921	70.2128486	99.6109051	130.2128486	160.8147921	191.4167356	220.8147921	250.2128486	279.6109051	310.2128486	340.8147921	11.4167356	279.6109051	180.2237160	11.3739572
porphyry	280.457	0.5000	23.4393	24.0	347.4167356	16.8147921	46.2128486	75.6109051	106.2128486	136.8147921	167.4167356	196.8147921	226.2128486	255.6109051	286.2128486	316.8147921	347.4167356	255.6109051	156.2237160	347.3739572
porphyry	280.457	17.3000	23.4393	0.0	13.1258215	41.9541827	70.7825439	99.6109051	130.7825439	161.9541827	193.1258215	221.9541827	250.7825439	279.6109051	310.7825439	341.9541827	13.1258215	279.6109051	184.7606192	11.3739572
porphyry	280.457	17.3000	23.4393	24.0	349.1258215	17.9541827	46.7825439	75.6109051	106.7825439	137.9541827	169.1258215	197.9541827	226.7825439	255.6109051	286.7825439	317.9541827	349.1258215	255.6109051	160.7606192	347.3739572
porphyry	280.457	40.0000	23.4393	0.0	17.7069435	45.0082641	72.3095846	99.6109051	132.3095846	165.0082641	197.7069435	225.0082641	252.3095846	279.6109051	312.3095846	345.0082641	17.7069435	279.6109051	187.5124678	11.3739572
porphyry	280.457	40.0000	23.4393	24.0	353.7069435	21.0082641	48.3095846	75.6109051	108.3095846	141.0082641	173.7069435	201.0082641	228.3095846	255.6109051	288.3095846	321.0082641	353.7069435	255.6109051	163.5124678	347.3739572
porphyry	280.457	47.6000	23.4393	0.0	21.2540645	47.3730114	73.4919583	99.6109051	133.4919583	167.3730114	201.2540645	227.3730114	253.4919583	279.6109051	313.4919583	347.3730114	21.2540645	279.6109051	188.1619097	11.3739572
porphyry	280.457	47.6000	23.4393	24.0	357.2540645	23.3730114	49.4919583	75.6109051	109.4919583	143.3730114	177.2540645	203.3730114	229.4919583	255.6109051	289.4919583	323.3730114	357.2540645	255.6109051	164.1619097	347.3739572
porphyry	280.457	60.0000	23.4393	0.0	40.3980752	60.1356852	79.8732952	99.6109051	139.8732952	180.1356852	220.3980752	240.1356852	259.8732952	279.6109051	319.8732952	0.1356852	40.3980752	279.6109051	189.1096939	11.3739572
porphyry	280.457	60.0000	23.4393	24.0	16.3980752	36.1356852	55.8732952	75.6109051	115.8732952	156.1356852	196.3980752	216.1356852	235.8732952	255.6109051	295.8732952	336.1356852	16.3980752	255.6109051	165.1096939	347.3739572
porphyry	280.457	66.5597	23.4393	0.0	94.7854057	96.3939055	98.0024053	99.6109051	158.0024053	216.3939055	274.7854057	276.3939055	278.0024053	279.6109051	338.0024053	36.3939055	94.7854057	279.6109051	189.5856940	11.3739572
porphyry	280.457	66.5597	23.4393	24.0	70.7854057	72.3939055	74.0024053	75.6109051	134.0024053	192.3939055	250.7854057	252.3939055	254.0024053	255.6109051	314.0024053	12.3939055	70.7854057	255.6109051	165.5856940	347.3739572
porphyry	280.457	66.5607	23.4393	0.0	94.7991597	96.4030748	98.0069900	99.6109051	158.0069900	216.4030748	274.7991597	276.4030748	278.0069900	279.6109051	338.0069900	36.4030748	94.7991597	279.6109051	189.5857662	11.3739572
porphyry	280.457	66.5607	23.4393	24.0	70.7991597	72.4030748	74.0069900	75.6109051	134.0069900	192.4030748	250.7991597	252.4030748	254.0069900	255.6109051	314.0069900	12.4030748	70.7991597	255.6109051	165.5857662	347.3739572
porphyry	280.457	66.5617	23.4393	0.0	94.8129143	96.4122446	98.0115749	99.6109051	158.0115749	216.4122446	274.8129143	276.4122446	278.0115749	279.6109051	338.0115749	36.4122446	94.8129143	279.6109051	189.5858384	11.3739572
porphyry	280.457	66.5617	23.4393	24.0	70.8129143	72.4122446	74.0115749	75.6109051	134.0115749	192.4122446	250.8129143	252.4122446	254.0115749	255.6109051	314.0115749	12.4122446	70.8129143	255.6109051	165.5858384	347.3739572
porphyry	280.457	70.0000	23.4393	0.0	316.4073609	4.1418756	51.8763904	99.6109051	111.8763904	124.1418756	136.4073609	184.1418756	231.8763904	279.6109051	291.8763904	304.1418756	316.4073609	279.6109051	189.8342845	11.3739572
porphyry	280.457	70.0000	23.4393	24.0	292.4073609	340.1418756	27.8763904	75.6109051	87.8763904	100.1418756	112.4073609	160.1418756	207.8763904	255.6109051	267.8763904	280.1418756	292.4073609	255.6109051	165.8342845	347.3739572
porphyry	280.457	89.9990	23.4393	0.0	359.9995437	33.2033308	66.4071180	99.6109051	126.4071180	153.2033308	179.9995437	213.2033308	246.4071180	279.6109051	306.4071180	333.2033308	359.9995437	279.6109051	191.3738720	11.3739572
porphyry	280.457	89.9990	23.4393	24.0	335.9995437	9.2033308	42.4071180	75.6109051	102.4071180	129.2033308	155.9995437	189.2033308	222.4071180	255.6109051	282.4071180	309.2033308	335.9995437	255.6109051	167.3738720	347.3739572
porphyry	280.457	90.0000	23.4393	0.0	refused	refused	refused	refused	refused	refused	refused	refused	refused	refused	refused	refused	refused	refused	refused	refused
porphyry	280.457	90.0000	23.4393	24.0	refused	refused	refused	refused	refused	refused	refused	refused	refused	refused	refused	refused	refused	refused	refused	refused
porphyry	333.300	-89.9990	23.4393	0.0	0.0022459	50.4245694	100.8468929	151.2692165	160.8468929	170.4245694	180.0022459	230.4245694	280.8468929	331.2692165	340.8468929	350.4245694	0.0022459	331.2692165	245.2296236	65.2292565
porphyry	333.300	-89.9990	23.4393	24.0	336.0022459	26.4245694	76.8468929	127.2692165	136.8468929	146.4245694	156.0022459	206.4245694	256.8468929	307.2692165	316.8468929	326.4245694	336.0022459	307.2692165	221.2296236	41.2292565
porphyry	333.300	-80.0000	23.4393	0.0	18.5119945	62.7644018	107.0168092	151.2692165	167.0168092	182.7644018	198.5119945	242.7644018	287.0168092	331.2692165	347.0168092	2.7644018	18.5119945	331.2692165	249.0464052	65.2292565
porphyry	333.300	-80.0000	23.4393	24.0	354.5119945	38.7644018	83.0168092	127.2692165	143.0168092	158.7644018	174.5119945	218.7644018	263.0168092	307.2692165	323.0168092	338.7644018	354.5119945	307.2692165	225.0464052	41.2292565
porphyry	333.300	-66.5617	23.4393	0.0	33.8941933	73.0192010	112.1442088	151.2692165	172.1442088	193.0192010	213.8941933	253.0192010	292.1442088	331.2692165	352.1442088	13.0192010	33.8941933	331.2692165	254.9751963	65.2292565
porphyry	333.300	-66.5617	23.4393	24.0	9.8941933	49.0192010	88.1442088	127.2692165	148.1442088	169.0192010	189.8941933	229.0192010	268.1442088	307.2692165	328.1442088	349.0192010	9.8941933	307.2692165	230.9751963	41.2292565
porphyry	333.300	-66.5597	23.4393	0.0	33.8959436	73.0203679	112.1447922	151.2692165	172.1447922	193.0203679	213.8959436	253.0203679	292.1447922	331.2692165	352.1447922	13.0203679	33.8959436	331.2692165	254.9761831	65.2292565
porphyry	333.300	-66.5597	23.4393	24.0	9.8959436	49.0203679	88.1447922	127.2692165	148.1447922	169.0203679	189.8959436	229.0203679	268.1447922	307.2692165	328.1447922	349.0203679	9.8959436	307.2692165	230.9761831	41.2292565
porphyry	333.300	-60.0000	23.4393	0.0	39.0510900	76.4571322	113.8631743	151.2692165	173.8631743	196.4571322	219.0510900	256.4571322	293.8631743	331.2692165	353.8631743	16.4571322	39.0510900	331.2692165	258.4490906	65.2292565
porphyry	333.300	-60.0000	23.4393	24.0	15.0510900	52.4571322	89.8631743	127.2692165	149.8631743	172.4571322	195.0510900	232.4571322	269.8631743	307.2692165	329.8631743	352.4571322	15.0510900	307.2692165	234.4490906	41.2292565
porphyry	333.300	-30.0000	23.4393	0.0	54.3022646	86.6245819	118.9468992	151.2692165	178.9468992	206.6245819	234.3022646	266.6245819	298.9468992	331.2692165	358.9468992	26.6245819	54.3022646	331.2692165	287.2107540	65.2292565
porphyry	333.300	-30.0000	23.4393	24.0	30.3022646	62.6245819	94.9468992	127.2692165	154.9468992	182.6245819	210.3022646	242.6245819	274.9468992	307.2692165	334.9468992	2.6245819	30.3022646	307.2692165	263.2107540	41.2292565
porphyry	333.300	0.5000	23.4393	0.0	65.4130769	94.0317901	122.6505033	151.2692165	182.6505033	214.0317901	245.4130769	274.0317901	302.6505033	331.2692165	2.6505033	34.0317901	65.4130769	331.2692165	181.1127773	65.2292565
porphyry	333.300	0.5000	23.4393	24.0	41.4130769	70.0317901	98.6505033	127.2692165	158.6505033	190.0317901	221.4130769	250.0317901	278.6505033	307.2692165	338.6505033	10.0317901	41.4130769	307.2692165	157.1127773	41.2292565
porphyry	333.300	17.3000	23.4393	0.0	72.1117805	98.4975925	124.8834045	151.2692165	184.8834045	218.4975925	252.1117805	278.4975925	304.8834045	331.2692165	4.8834045	38.4975925	72.1117805	331.2692165	207.8709169	65.2292565
porphyry	333.300	17.3000	23.4393	24.0	48.1117805	74.4975925	100.8834045	127.2692165	160.8834045	194.4975925	228.1117805	254.4975925	280.8834045	307.2692165	340.8834045	14.4975925	48.1117805	307.2692165	183.8709169	41.2292565
porphyry	333.300	40.0000	23.4393	0.0	84.9804329	107.0766941	129.1729553	151.2692165	189.1729553	227.0766941	264.9804329	287.0766941	309.1729553	331.2692165	9.1729553	47.0766941	84.9804329	331.2692165	225.2278332	65.2292565
porphyry	333.300	40.0000	23.4393	24.0	60.9804329	83.0766941	105.1729553	127.2692165	165.1729553	203.0766941	240.9804329	263.0766941	285.1729553	307.2692165	345.1729553	23.0766941	60.9804329	307.2692165	201.2278332	41.2292565
porphyry	333.300	47.6000	23.4393	0.0	91.4990950	111.4224688	131.3458427	151.2692165	191.3458427	231.4224688	271.4990950	291.4224688	311.3458427	331.2692165	11.3458427	51.4224688	91.4990950	331.2692165	229.0414226	65.2292565
porphyry	333.300	47.6000	23.4393	24.0	67.4990950	87.4224688	107.3458427	127.2692165	167.3458427	207.4224688	247.4990950	267.4224688	287.3458427	307.2692165	347.3458427	27.4224688	67.4990950	307.2692165	205.0414226	41.2292565
porphyry	333.300	60.0000	23.4393	0.0	107.2107540	121.8969081	136.5830623	151.2692165	196.5830623	241.8969081	287.2107540	301.8969081	316.5830623	331.2692165	16.5830623	61.8969081	107.2107540	331.2692165	234.3022646	65.2292565
porphyry	333.300	60.0000	23.4393	24.0	83.2107540	97.8969081	112.5830623	127.2692165	172.5830623	217.8969081	263.2107540	277.8969081	292.5830623	307.2692165	352.5830623	37.8969081	83.2107540	307.2692165	210.3022646	41.2292565
porphyry	333.300	66.5597	23.4393	0.0	119.4878926	130.0816672	140.6754419	151.2692165	200.6754419	250.0816672	299.4878926	310.0816672	320.6754419	331.2692165	20.6754419	70.0816672	119.4878926	331.2692165	236.7954143	65.2292565
porphyry	333.300	66.5597	23.4393	24.0	95.4878926	106.0816672	116.6754419	127.2692165	176.6754419	226.0816672	275.4878926	286.0816672	296.6754419	307.2692165	356.6754419	46.0816672	95.4878926	307.2692165	212.7954143	41.2292565
porphyry	333.300	66.5607	23.4393	0.0	119.4900247	130.0830886	140.6761525	151.2692165	200.6761525	250.0830886	299.4900247	310.0830886	320.6761525	331.2692165	20.6761525	70.0830886	119.4900247	331.2692165	236.7957846	65.2292565
porphyry	333.300	66.5607	23.4393	24.0	95.4900247	106.0830886	116.6761525	127.2692165	176.6761525	226.0830886	275.4900247	286.0830886	296.6761525	307.2692165	356.6761525	46.0830886	95.4900247	307.2692165	212.7957846	41.2292565
porphyry	333.300	66.5617	23.4393	0.0	119.4921568	130.0845100	140.6768633	151.2692165	200.6768633	250.0845100	299.4921568	310.0845100	320.6768633	331.2692165	20.6768633	70.0845100	119.4921568	331.2692165	236.7961550	65.2292565
porphyry	333.300	66.5617	23.4393	24.0	95.4921568	106.0845100	116.6768633	127.2692165	176.6768633	226.0845100	275.4921568	286.0845100	296.6768633	307.2692165	356.6768633	46.0845100	95.4921568	307.2692165	212.7961550	41.2292565
porphyry	333.300	70.0000	23.4393	0.0	127.3030611	135.2917795	143.2804980	151.2692165	203.2804980	255.2917795	307.3030611	315.2917795	323.2804980	331.2692165	23.2804980	75.2917795	127.3030611	331.2692165	238.0562699	65.2292565
porphyry	333.300	70.0000	23.4393	24.0	103.3030611	111.2917795	119.2804980	127.2692165	179.2804980	231.2917795	283.3030611	291.2917795	299.2804980	307.2692165	359.2804980	51.2917795	103.3030611	307.2692165	214.0562699	41.2292565
porphyry	333.300	89.9990	23.4393	0.0	359.9977541	50.4215749	100.8453957	151.2692165	160.8453957	170.4215749	179.9977541	230.4215749	280.8453957	331.2692165	340.8453957	350.4215749	359.9977541	331.2692165	245.2288894	65.2292565
porphyry	333.300	89.9990	23.4393	24.0	335.9977541	26.4215749	76.8453957	127.2692165	136.8453957	146.4215749	155.9977541	206.4215749	256.8453957	307.2692165	316.8453957	326.4215749	335.9977541	307.2692165	221.2288894	41.2292565
porphyry	333.300	90.0000	23.4393	0.0	refused	refused	refused	refused	refused	refused	refused	refused	refused	refused	refused	refused	refused	refused	refused	refused
porphyry	333.300	90.0000	23.4393	24.0	refused	refused	refused	refused	refused	refused	refused	refused	refused	refused	refused	refused	refused	refused	refused	refused
regiomontanus	0.000	-89.9990	23.4393	0.0	0.0025140	0.0025140	0.0025141	180.0000000	180.0025138	180.0025139	180.0025140	180.0025140	180.0025141	0.0000000	0.0025138	0.0025139	0.0025140	0.0000000	270.0003978	90.0000000
regiomontanus	0.000	-89.9990	23.4393	24.0	336.0025140	336.0025140	336.0025141	156.0000000	156.0025138	156.0025139	156.0025140	156.0025140	156.0025141	336.0000000	336.0025138	336.0025139	336.0025140	336.0000000	246.0003978	66.0000000
regiomontanus	0.000	-80.0000	23.4393	0.0	23.9067834	30.0840384	56.3053690	180.0000000	194.5782851	199.7474818	203.9067834	210.0840384	236.3053690	0.0000000	14.5782851	19.7474818	23.9067834	0.0000000	274.0120907	90.0000000
regiomontanus	0.000	-80.0000	23.4393	24.0	359.9067834	6.0840384	32.3053690	156.0000000	170.5782851	175.7474818	179.9067834	186.0840384	212.3053690	336.0000000	350.5782851	355.7474818	359.9067834	336.0000000	250.0120907	66.0000000
regiomontanus	0.000	-66.5617	23.4393	0.0	47.4628134	68.8028407	123.8852920	180.0000000	201.7489653	214.6434296	227.4628134	248.8028407	303.8852920	0.0000000	21.7489653	34.6434296	47.4628134	0.0000000	279.7843877	90.0000000
regiomontanus	0.000	-66.5617	23.4393	24.0	23.4628134	44.8028407	99.8852920	156.0000000	177.7489653	190.6434296	203.4628134	224.8028407	279.8852920	336.0000000	357.7489653	10.6434296	23.4628134	336.0000000	255.7843877	66.0000000
regiomontanus	0.000	-66.5597	23.4393	0.0	47.4655433	68.8072115	123.8887569	180.0000000	201.7496557	214.6450544	227.4655433	248.8072115	303.8887569	0.0000000	21.7496557	34.6450544	47.4655433	0.0000000	279.7853055	90.0000000
regiomontanus	0.000	-66.5597	23.4393	24.0	23.4655433	44.8072115	99.8887569	156.0000000	177.7496557	190.6450544	203.4655433	224.8072115	279.8887569	336.0000000	357.7496557	10.6450544	23.4655433	336.0000000	255.7853055	66.0000000
regiomontanus	0.000	-60.0000	23.4393	0.0	55.4343048	80.9509560	131.9921170	180.0000000	203.6997006	219.3709548	235.4343048	260.9509560	311.9921170	0.0000000	23.6997006	39.3709548	55.4343048	0.0000000	282.9340888	90.0000000
regiomontanus	0.000	-60.0000	23.4393	24.0	31.4343048	56.9509560	107.9921170	156.0000000	179.6997006	195.3709548	211.4343048	236.9509560	287.9921170	336.0000000	359.6997006	15.3709548	31.4343048	336.0000000	258.9340888	66.0000000
regiomontanus	0.000	-30.0000	23.4393	0.0	77.0659112	106.7019592	143.6624869	180.0000000	208.8028057	232.7882239	257.0659112	286.7019592	323.6624869	0.0000000	28.8028057	52.7882239	77.0659112	0.0000000	304.5656952	90.0000000
regiomontanus	0.000	-30.0000	23.4393	24.0	53.0659112	82.7019592	119.6624869	156.0000000	184.8028057	208.7882239	233.0659112	262.7019592	299.6624869	336.0000000	4.8028057	28.7882239	53.0659112	336.0000000	280.5656952	66.0000000
regiomontanus	0.000	0.5000	23.4393	0.0	90.1988929	118.0656391	147.8750696	180.0000000	212.2377679	242.2449887	270.1988929	298.0656391	327.8750696	0.0000000	32.2377679	62.2449887	90.1988929	0.0000000	181.2568150	90.0000000
regiomontanus	0.000	0.5000	23.4393	24.0	66.1988929	94.0656391	123.8750696	156.0000000	188.2377679	218.2449887	246.1988929	274.0656391	303.8750696	336.0000000	8.2377679	38.2449887	66.1988929	336.0000000	157.2568150	66.0000000
regiomontanus	0.000	17.3000	23.4393	0.0	97.0626042	123.1687235	149.7251302	180.0000000	214.3129877	247.9119652	277.0626042	303.1687235	329.7251302	0.0000000	34.3129877	67.9119652	97.0626042	0.0000000	218.0614522	90.0000000
regiomontanus	0.000	17.3000	23.4393	24.0	73.0626042	99.1687235	125.7251302	156.0000000	190.3129877	223.9119652	253.0626042	279.1687235	305.7251302	336.0000000	10.3129877	43.9119652	73.0626042	336.0000000	194.0614522	66.0000000
regiomontanus	0.000	40.0000	23.4393	0.0	108.4577098	130.8100591	152.5234133	180.0000000	218.5404828	258.9142629	288.4577098	310.8100591	332.5234133	0.0000000	38.5404828	78.9142629	108.4577098	0.0000000	244.6365910	90.0000000
regiomontanus	0.000	40.0000	23.4393	24.0	84.4577098	106.8100591	128.5234133	156.0000000	194.5404828	234.9142629	264.4577098	286.8100591	308.5234133	336.0000000	14.5404828	54.9142629	84.4577098	336.0000000	220.6365910	66.0000000
regiomontanus	0.000	47.6000	23.4393	0.0	113.5389876	133.9893674	153.7157486	180.0000000	220.9228005	264.6250491	293.5389876	313.9893674	333.7157486	0.0000000	40.9228005	84.6250491	113.5389876	0.0000000	250.0379364	90.0000000
regiomontanus	0.000	47.6000	23.4393	24.0	89.5389876	109.9893674	129.7157486	156.0000000	196.9228005	240.6250491	269.5389876	289.9893674	309.7157486	336.0000000	16.9228005	60.6250491	89.5389876	336.0000000	226.0379364	66.0000000
regiomontanus	0.000	60.0000	23.4393	0.0	124.5656952	140.6290452	156.3002994	180.0000000	228.0078830	279.0490440	304.5656952	320.6290452	336.3002994	0.0000000	48.0078830	99.0490440	124.5656952	0.0000000	257.0659112	90.0000000
regiomontanus	0.000	60.0000	23.4393	24.0	100.5656952	116.6290452	132.3002994	156.0000000	204.0078830	255.0490440	280.5656952	296.6290452	312.3002994	336.0000000	24.0078830	75.0490440	100.5656952	336.0000000	233.0659112	66.0000000
regiomontanus	0.000	66.5597	23.4393	0.0	132.5344567	145.3549456	158.2503443	180.0000000	236.1112431	291.1927885	312.5344567	325.3549456	338.2503443	0.0000000	56.1112431	111.1927885	132.5344567	0.0000000	260.2146945	90.0000000
regiomontanus	0.000	66.5597	23.4393	24.0	108.5344567	121.3549456	134.2503443	156.0000000	212.1112431	267.1927885	288.5344567	301.3549456	314.2503443	336.0000000	32.1112431	87.1927885	108.5344567	336.0000000	236.2146945	66.0000000
regiomontanus	0.000	66.5607	23.4393	0.0	132.5358216	145.3557580	158.2506895	180.0000000	236.1129755	291.1949738	312.5358216	325.3557580	338.2506895	0.0000000	56.1129755	111.1949738	132.5358216	0.0000000	260.2151534	90.0000000
regiomontanus	0.000	66.5607	23.4393	24.0	108.5358216	121.3557580	134.2506895	156.0000000	212.1129755	267.1949738	288.5358216	301.3557580	314.2506895	336.0000000	32.1129755	87.1949738	108.5358216	336.0000000	236.2151534	66.0000000
regiomontanus	0.000	66.5617	23.4393	0.0	132.5371866	145.3565704	158.2510347	180.0000000	236.1147080	291.1971593	312.5371866	325.3565704	338.2510347	0.0000000	56.1147080	111.1971593	132.5371866	0.0000000	260.2156123	90.0000000
regiomontanus	0.000	66.5617	23.4393	24.0	108.5371866	121.3565704	134.2510347	156.0000000	212.1147080	267.1971593	288.5371866	301.3565704	314.2510347	336.0000000	32.1147080	87.1971593	108.5371866	336.0000000	236.2156123	66.0000000
regiomontanus	0.000	70.0000	23.4393	0.0	137.5411724	148.3545700	159.5517910	180.0000000	243.6074941	299.3871530	317.5411724	328.3545700	339.5517910	0.0000000	63.6074941	119.3871530	137.5411724	0.0000000	261.7620094	90.0000000
regiomontanus	0.000	70.0000	23.4393	24.0	113.5411724	124.3545700	135.5517910	156.0000000	219.6074941	275.3871530	293.5411724	304.3545700	315.5517910	336.0000000	39.6074941	95.3871530	113.5411724	336.0000000	237.7620094	66.0000000
regiomontanus	0.000	89.9990	23.4393	0.0	179.9974860	179.9974861	179.9974862	180.0000000	359.9974859	359.9974860	359.9974860	359.9974861	359.9974862	0.0000000	179.9974859	179.9974860	179.9974860	0.0000000	269.9996022	90.0000000
regiomontanus	0.000	89.9990	23.4393	24.0	155.9974860	155.9974861	155.9974862	156.0000000	335.9974859	335.9974860	335.9974860	335.9974861	335.9974862	336.0000000	155.9974859	155.9974860	155.9974860	336.0000000	245.9996022	66.0000000
regiomontanus	0.000	90.0000	23.4393	0.0	refused	refused	refused	refused	refused	refused	refused	refused	refused	refused	refused	refused	refused	refused	refused	refused
regiomontanus	0.000	90.0000	23.4393	24.0	refused	refused	refused	refused	refused	refused	refused	refused	refused	refused	refused	refused	refused	refused	refused	refused
regiomontanus	77.100	-89.9990	23.4393	0.0	180.0005613	179.9991464	179.9963166	78.1330088	0.0048058	0.0019761	0.0005613	359.9991464	359.9963166	258.1330088	180.0048058	180.0019761	180.0005613	78.1330088	345.9838421	165.9837376
regiomontanus	77.100	-89.9990	23.4393	24.0	156.0005613	155.9991464	155.9963166	54.1330088	336.0048058	336.0019761	336.0005613	335.9991464	335.9963166	234.1330088	156.0048058	156.0019761	156.0005613	54.1330088	321.9838421	141.9837376
regiomontanus	77.100	-80.0000	23.4393	0.0	189.3115820	164.7260016	124.4969002	78.1330088	48.0803176	27.9753796	9.3115820	344.7260016	304.4969002	258.1330088	228.0803176	207.9753796	189.3115820	78.1330088	346.9669598	165.9837376
regiomontanus	77.100	-80.0000	23.4393	24.0	165.3115820	140.7260016	100.4969002	54.1330088	24.0803176	3.9753796	345.3115820	320.7260016	280.4969002	234.1330088	204.0803176	183.9753796	165.3115820	54.1330088	322.9669598	141.9837376
regiomontanus	77.100	-66.5617	23.4393	0.0	84.0671498	254.3594022	257.2478668	258.1330088	258.8153379	259.7979797	264.0671498	74.3594022	77.2478668	78.1330088	78.8153379	79.7979797	84.0671498	78.1330088	348.1799742	165.9837376
regiomontanus	77.100	-66.5617	23.4393	24.0	60.0671498	230.3594022	233.2478668	234.1330088	234.8153379	235.7979797	240.0671498	50.3594022	53.2478668	54.1330088	54.8153379	55.7979797	60.0671498	54.1330088	324.1799742	141.9837376
regiomontanus	77.100	-66.5597	23.4393	0.0	84.0894317	254.3456709	257.2446022	258.1330088	258.8178692	259.8041758	264.0894317	74.3456709	77.2446022	78.1330088	78.8178692	79.8041758	84.0894317	78.1330088	348.1801518	165.9837376
regiomontanus	77.100	-66.5597	23.4393	24.0	60.0894317	230.3456709	233.2446022	234.1330088	234.8178692	235.8041758	240.0894317	50.3456709	53.2446022	54.1330088	54.8178692	55.8041758	60.0894317	54.1330088	324.1801518	141.9837376
regiomontanus	77.100	-60.0000	23.4393	0.0	132.6092259	226.3748598	249.0772747	258.1330088	265.5306239	276.3230076	312.6092259	46.3748598	69.0772747	78.1330088	85.5306239	96.3230076	132.6092259	78.1330088	348.7658854	165.9837376
regiomontanus	77.100	-60.0000	23.4393	24.0	108.6092259	202.3748598	225.0772747	234.1330088	241.5306239	252.3230076	288.6092259	22.3748598	45.0772747	54.1330088	61.5306239	72.3230076	108.6092259	54.1330088	324.7658854	141.9837376
regiomontanus	77.100	-30.0000	23.4393	0.0	161.4337456	203.4447329	235.1688876	258.1330088	279.2083881	304.8052747	341.4337456	23.4447329	55.1688876	78.1330088	99.2083881	124.8052747	161.4337456	78.1330088	351.9740138	165.9837376
regiomontanus	77.100	-30.0000	23.4393	24.0	137.4337456	179.4447329	211.1688876	234.1330088	255.2083881	280.8052747	317.4337456	359.4447329	31.1688876	54.1330088	75.2083881	100.8052747	137.4337456	54.1330088	327.9740138	141.9837376
regiomontanus	77.100	0.5000	23.4393	0.0	166.0358071	198.4777535	229.4713359	258.1330088	285.8582721	314.7625194	346.0358071	18.4777535	49.4713359	78.1330088	105.8582721	134.7625194	166.0358071	78.1330088	0.2862431	165.9837376
regiomontanus	77.100	0.5000	23.4393	24.0	142.0358071	174.4777535	205.4713359	234.1330088	261.8582721	290.7625194	322.0358071	354.4777535	25.4713359	54.1330088	81.8582721	110.7625194	142.0358071	54.1330088	336.2862431	141.9837376
regiomontanus	77.100	17.3000	23.4393	0.0	167.6332833	196.6337918	226.8585565	258.1330088	289.1401687	318.8659734	347.6332833	16.6337918	46.8585565	78.1330088	109.1401687	138.8659734	167.6332833	78.1330088	30.2515161	165.9837376
regiomontanus	77.100	17.3000	23.4393	24.0	143.6332833	172.6337918	202.8585565	234.1330088	265.1401687	294.8659734	323.6332833	352.6337918	22.8585565	54.1330088	85.1401687	114.8659734	143.6332833	54.1330088	6.2515161	141.9837376
regiomontanus	77.100	40.0000	23.4393	0.0	169.6970010	194.1538978	222.7869264	258.1330088	294.5537896	324.6925733	349.6970010	14.1538978	42.7869264	78.1330088	114.5537896	144.6925733	169.6970010	78.1330088	332.0226615	165.9837376
regiomontanus	77.100	40.0000	23.4393	24.0	145.6970010	170.1538978	198.7869264	234.1330088	270.5537896	300.6925733	325.6970010	350.1538978	18.7869264	54.1330088	90.5537896	120.6925733	145.6970010	54.1330088	308.0226615	141.9837376
regiomontanus	77.100	47.6000	23.4393	0.0	170.4709513	193.1945658	221.0112533	258.1330088	297.0279146	327.0283459	350.4709513	13.1945658	41.0112533	78.1330088	117.0279146	147.0283459	170.4709513	78.1330088	337.2005482	165.9837376
regiomontanus	77.100	47.6000	23.4393	24.0	146.4709513	169.1945658	197.0112533	234.1330088	273.0279146	303.0283459	326.4709513	349.1945658	17.0112533	54.1330088	93.0279146	123.0283459	146.4709513	54.1330088	313.2005482	141.9837376
regiomontanus	77.100	60.0000	23.4393	0.0	171.9740138	191.2846032	217.0875084	258.1330088	302.7277427	331.7853668	351.9740138	11.2846032	37.0875084	78.1330088	122.7277427	151.7853668	171.9740138	78.1330088	341.4337456	165.9837376
regiomontanus	77.100	60.0000	23.4393	24.0	147.9740138	167.2846032	193.0875084	234.1330088	278.7277427	307.7853668	327.9740138	347.2846032	13.0875084	54.1330088	98.7277427	127.7853668	147.9740138	54.1330088	317.4337456	141.9837376
regiomontanus	77.100	66.5597	23.4393	0.0	172.9752810	189.9773587	214.0678983	258.1330088	307.3142831	335.1019704	352.9752810	9.9773587	34.0678983	78.1330088	127.3142831	155.1019704	172.9752810	78.1330088	342.8146954	165.9837376
regiomontanus	77.100	66.5597	23.4393	24.0	148.9752810	165.9773587	190.0678983	234.1330088	283.3142831	311.1019704	328.9752810	345.9773587	10.0678983	54.1330088	103.3142831	131.1019704	148.9752810	54.1330088	318.8146954	141.9837376
regiomontanus	77.100	66.5607	23.4393	0.0	172.9754494	189.9771365	214.0673599	258.1330088	307.3151149	335.1025373	352.9754494	9.9771365	34.0673599	78.1330088	127.3151149	155.1025373	172.9754494	78.1330088	342.8148802	165.9837376
regiomontanus	77.100	66.5607	23.4393	24.0	148.9754494	165.9771365	190.0673599	234.1330088	283.3151149	311.1025373	328.9754494	345.9771365	10.0673599	54.1330088	103.3151149	131.1025373	148.9754494	54.1330088	318.8148802	141.9837376
regiomontanus	77.100	66.5617	23.4393	0.0	172.9756178	189.9769142	214.0668214	258.1330088	307.3159468	335.1031042	352.9756178	9.9769142	34.0668214	78.1330088	127.3159468	155.1031042	172.9756178	78.1330088	342.8150650	165.9837376
regiomontanus	77.100	66.5617	23.4393	24.0	148.9756178	165.9769142	190.0668214	234.1330088	283.3159468	311.1031042	328.9756178	345.9769142	10.0668214	54.1330088	103.3159468	131.1031042	148.9756178	54.1330088	318.8150650	141.9837376
regiomontanus	77.100	70.0000	23.4393	0.0	173.5900684	189.1606759	212.0290703	258.1330088	310.4963404	337.1897500	353.5900684	9.1606759	32.0290703	78.1330088	130.4963404	157.1897500	173.5900684	78.1330088	343.4140046	165.9837376
regiomontanus	77.100	70.0000	23.4393	24.0	149.5900684	165.1606759	188.0290703	234.1330088	286.4963404	313.1897500	329.5900684	345.1606759	8.0290703	54.1330088	106.4963404	133.1897500	149.5900684	54.1330088	319.4140046	141.9837376
regiomontanus	77.100	89.9990	23.4393	0.0	179.9994388	180.0008535	180.0036830	258.1330088	359.9951944	359.9980240	359.9994388	0.0008535	0.0036830	78.1330088	179.9951944	179.9980240	179.9994388	78.1330088	345.9836331	165.9837376
regiomontanus	77.100	89.9990	23.4393	24.0	155.9994388	156.0008535	156.0036830	234.1330088	335.9951944	335.9980240	335.9994388	336.0008535	336.0036830	54.1330088	155.9951944	155.9980240	155.9994388	54.1330088	321.9836331	141.9837376
regiomontanus	77.100	90.0000	23.4393	0.0	refused	refused	refused	refused	refused	refused	refused	refused	refused	refused	refused	refused	refused	refused	refused	refused
regiomontanus	77.100	90.0000	23.4393	24.0	refused	refused	refused	refused	refused	refused	refused	refused	refused	refused	refused	refused	refused	refused	refused	refused
regiomontanus	143.300	-89.9990	23.4393	0.0	179.9979843	179.9971169	179.9953823	140.9090413	0.0005867	359.9988517	359.9979843	359.9971169	359.9953823	320.9090413	180.0005867	179.9988517	179.9979843	140.9090413	55.6326085	235.6329465
regiomontanus	143.300	-89.9990	23.4393	24.0	155.9979843	155.9971169	155.9953823	116.9090413	336.0005867	335.9988517	335.9979843	335.9971169	335.9953823	296.9090413	156.0005867	155.9988517	155.9979843	116.9090413	31.6326085	211.6329465
regiomontanus	143.300	-80.0000	23.4393	0.0	154.8483245	151.7273547	148.3647868	140.9090413	28.2937856	340.4031627	334.8483245	331.7273547	328.3647868	320.9090413	208.2937856	160.4031627	154.8483245	140.9090413	52.3552223	235.6329465
regiomontanus	143.300	-80.0000	23.4393	24.0	130.8483245	127.7273547	124.3647868	116.9090413	4.2937856	316.4031627	310.8483245	307.7273547	304.3647868	296.9090413	184.2937856	136.4031627	130.8483245	116.9090413	28.3552223	211.6329465
regiomontanus	143.300	-66.5617	23.4393	0.0	294.7259454	304.6942854	311.8167398	320.9090413	345.5405572	83.0727286	114.7259454	124.6942854	131.8167398	140.9090413	165.5405572	263.0727286	294.7259454	140.9090413	48.0459048	235.6329465
regiomontanus	143.300	-66.5617	23.4393	24.0	270.7259454	280.6942854	287.8167398	296.9090413	321.5405572	59.0727286	90.7259454	100.6942854	107.8167398	116.9090413	141.5405572	239.0727286	270.7259454	116.9090413	24.0459048	211.6329465
regiomontanus	143.300	-66.5597	23.4393	0.0	294.7207713	304.6913214	311.8152194	320.9090413	345.5419005	83.0618806	114.7207713	124.6913214	131.8152194	140.9090413	165.5419005	263.0618806	294.7207713	140.9090413	48.0452529	235.6329465
regiomontanus	143.300	-66.5597	23.4393	24.0	270.7207713	280.6913214	287.8152194	296.9090413	321.5419005	59.0618806	90.7207713	100.6913214	107.8152194	116.9090413	141.5419005	239.0618806	270.7207713	116.9090413	24.0452529	211.6329465
regiomontanus	143.300	-60.0000	23.4393	0.0	279.9504729	296.2428107	307.6036101	320.9090413	348.3672548	58.1222762	99.9504729	116.2428107	127.6036101	140.9090413	168.3672548	238.1222762	279.9504729	140.9090413	45.8634464	235.6329465
regiomontanus	143.300	-60.0000	23.4393	24.0	255.9504729	272.2428107	283.6036101	296.9090413	324.3672548	34.1222762	75.9504729	92.2428107	103.6036101	116.9090413	144.3672548	214.1222762	255.9504729	116.9090413	21.8634464	211.6329465
regiomontanus	143.300	-30.0000	23.4393	0.0	248.3254087	275.2835091	297.4814128	320.9090413	351.6654620	31.5674444	68.3254087	95.2835091	117.4814128	140.9090413	171.6654620	211.5674444	248.3254087	140.9090413	32.9438141	235.6329465
regiomontanus	143.300	-30.0000	23.4393	24.0	224.3254087	251.2835091	273.4814128	296.9090413	327.6654620	7.5674444	44.3254087	71.2835091	93.4814128	116.9090413	147.6654620	187.5674444	224.3254087	116.9090413	8.9438141	211.6329465
regiomontanus	143.300	0.5000	23.4393	0.0	235.4642676	263.6770595	291.4667559	320.9090413	352.7173570	25.0670657	55.4642676	83.6770595	111.4667559	140.9090413	172.7173570	205.0670657	235.4642676	140.9090413	358.9799910	235.6329465
regiomontanus	143.300	0.5000	23.4393	24.0	211.4642676	239.6770595	267.4667559	296.9090413	328.7173570	1.0670657	31.4642676	59.6770595	87.4667559	116.9090413	148.7173570	181.0670657	211.4642676	116.9090413	334.9799910	211.6329465
regiomontanus	143.300	17.3000	23.4393	0.0	230.0237225	257.8216386	288.1430733	320.9090413	353.1635435	22.6060729	50.0237225	77.8216386	108.1430733	140.9090413	173.1635435	202.6060729	230.0237225	140.9090413	132.2705043	235.6329465
regiomontanus	143.300	17.3000	23.4393	24.0	206.0237225	233.8216386	264.1430733	296.9090413	329.1635435	358.6060729	26.0237225	53.8216386	84.1430733	116.9090413	149.1635435	178.6060729	206.0237225	116.9090413	108.2705043	211.6329465
regiomontanus	143.300	40.0000	23.4393	0.0	222.2694246	248.2566776	282.0475429	320.9090413	353.8235739	19.2650146	42.2694246	68.2566776	102.0475429	140.9090413	173.8235739	199.2650146	222.2694246	140.9090413	84.7085509	235.6329465
regiomontanus	143.300	40.0000	23.4393	24.0	198.2694246	224.2566776	258.0475429	296.9090413	329.8235739	355.2650146	18.2694246	44.2566776	78.0475429	116.9090413	149.8235739	175.2650146	198.2694246	116.9090413	60.7085509	211.6329465
regiomontanus	143.300	47.6000	23.4393	0.0	219.1755211	244.0046097	278.9773233	320.9090413	354.1001436	17.9647447	39.1755211	64.0046097	98.9773233	140.9090413	174.1001436	197.9647447	219.1755211	140.9090413	77.0010017	235.6329465
regiomontanus	143.300	47.6000	23.4393	24.0	195.1755211	220.0046097	254.9773233	296.9090413	330.1001436	353.9647447	15.1755211	40.0046097	74.9773233	116.9090413	150.1001436	173.9647447	195.1755211	116.9090413	53.0010017	211.6329465
regiomontanus	143.300	60.0000	23.4393	0.0	212.9438141	234.6805906	271.1489871	320.9090413	354.6917287	15.3663106	32.9438141	54.6805906	91.1489871	140.9090413	174.6917287	195.3663106	212.9438141	140.9090413	68.3254087	235.6329465
regiomontanus	143.300	60.0000	23.4393	24.0	188.9438141	210.6805906	247.1489871	296.9090413	330.6917287	351.3663106	8.9438141	30.6805906	67.1489871	116.9090413	150.6917287	171.3663106	188.9438141	116.9090413	44.3254087	211.6329465
regiomontanus	143.300	66.5597	23.4393	0.0	208.6789977	227.7678542	264.0443931	320.9090413	355.1321429	13.5824533	28.6789977	47.7678542	84.0443931	140.9090413	175.1321429	193.5824533	208.6789977	140.9090413	64.8844564	235.6329465
regiomontanus	143.300	66.5597	23.4393	24.0	184.6789977	203.7678542	240.0443931	296.9090413	331.1321429	349.5824533	4.6789977	23.7678542	60.0443931	116.9090413	151.1321429	169.5824533	184.6789977	116.9090413	40.8844564	211.6329465
regiomontanus	143.300	66.5607	23.4393	0.0	208.6782757	227.7666525	264.0430393	320.9090413	355.1322205	13.5821498	28.6782757	47.7666525	84.0430393	140.9090413	175.1322205	193.5821498	208.6782757	140.9090413	64.8839732	235.6329465
regiomontanus	143.300	66.5607	23.4393	24.0	184.6782757	203.7666525	240.0430393	296.9090413	331.1322205	349.5821498	4.6782757	23.7666525	60.0430393	116.9090413	151.1322205	169.5821498	184.6782757	116.9090413	40.8839732	211.6329465
regiomontanus	143.300	66.5617	23.4393	0.0	208.6775536	227.7654507	264.0416854	320.9090413	355.1322980	13.5818462	28.6775536	47.7654507	84.0416854	140.9090413	175.1322980	193.5818462	208.6775536	140.9090413	64.8834900	235.6329465
regiomontanus	143.300	66.5617	23.4393	24.0	184.6775536	203.7654507	240.0416854	296.9090413	331.1322980	349.5818462	4.6775536	23.7654507	60.0416854	116.9090413	151.1322980	169.5818462	184.6775536	116.9090413	40.8834900	211.6329465
regiomontanus	143.300	70.0000	23.4393	0.0	206.0369790	223.3113542	258.6992503	320.9090413	355.4238105	12.4666138	26.0369790	43.3113542	78.6992503	140.9090413	175.4238105	192.4666138	206.0369790	140.9090413	63.2840281	235.6329465
regiomontanus	143.300	70.0000	23.4393	24.0	182.0369790	199.3113542	234.6992503	296.9090413	331.4238105	348.4666138	2.0369790	19.3113542	54.6992503	116.9090413	151.4238105	168.4666138	182.0369790	116.9090413	39.2840281	211.6329465
regiomontanus	143.300	89.9990	23.4393	0.0	180.0020156	180.0028830	180.0046180	320.9090413	359.9994134	0.0011482	0.0020156	0.0028830	0.0046180	140.9090413	179.9994134	180.0011482	180.0020156	140.9090413	55.6332845	235.6329465
regiomontanus	143.300	89.9990	23.4393	24.0	156.0020156	156.0028830	156.0046180	296.9090413	335.9994134	336.0011482	336.0020156	336.0028830	336.0046180	116.9090413	155.9994134	156.0011482	156.0020156	116.9090413	31.6332845	211.6329465
regiomontanus	143.300	90.0000	23.4393	0.0	refused	refused	refused	refused	refused	refused	refused	refused	refused	refused	refused	refused	refused	refused	refused	refused
regiomontanus	143.300	90.0000	23.4393	24.0	refused	refused	refused	refused	refused	refused	refused	refused	refused	refused	refused	refused	refused	refused	refused	refused
regiomontanus	200.000	-89.9990	23.4393	0.0	359.9976377	359.9981341	359.9991270	21.6385041	179.9961482	179.9971412	179.9976377	179.9981341	179.9991270	201.6385041	359.9961482	359.9971412	359.9976377	201.6385041	108.4656467	288.4660276
regiomontanus	200.000	-89.9990	23.4393	24.0	335.9976377	335.9981341	335.9991270	357.6385041	155.9961482	155.9971412	155.9976377	155.9981341	155.9991270	177.6385041	335.9961482	335.9971412	335.9976377	177.6385041	84.4656467	264.4660276
regiomontanus	200.000	-80.0000	23.4393	0.0	339.9134840	346.3977294	355.1143506	21.6385041	125.0911108	151.2403912	159.9134840	166.3977294	175.1143506	201.6385041	305.0911108	331.2403912	339.9134840	201.6385041	104.5364229	288.4660276
regiomontanus	200.000	-80.0000	23.4393	24.0	315.9134840	322.3977294	331.1143506	357.6385041	101.0911108	127.2403912	135.9134840	142.3977294	151.1143506	177.6385041	281.0911108	307.2403912	315.9134840	177.6385041	80.5364229	264.4660276
regiomontanus	200.000	-66.5617	23.4393	0.0	322.6506922	336.7680989	352.7358903	21.6385041	80.2970388	122.8253293	142.6506922	156.7680989	172.7358903	201.6385041	260.2970388	302.8253293	322.6506922	201.6385041	98.5542613	288.4660276
regiomontanus	200.000	-66.5617	23.4393	24.0	298.6506922	312.7680989	328.7358903	357.6385041	56.2970388	98.8253293	118.6506922	132.7680989	148.7358903	177.6385041	236.2970388	278.8253293	298.6506922	177.6385041	74.5542613	264.4660276
regiomontanus	200.000	-66.5597	23.4393	0.0	322.6487228	336.7670449	352.7356588	21.6385041	80.2938503	122.8222069	142.6487228	156.7670449	172.7356588	201.6385041	260.2938503	302.8222069	322.6487228	201.6385041	98.5532778	288.4660276
regiomontanus	200.000	-66.5597	23.4393	24.0	298.6487228	312.7670449	328.7356588	357.6385041	56.2938503	98.8222069	118.6487228	132.7670449	148.7356588	177.6385041	236.2938503	278.8222069	298.6487228	177.6385041	74.5532778	264.4660276
regiomontanus	200.000	-60.0000	23.4393	0.0	316.8598438	333.6810195	352.0788362	21.6385041	72.2467397	113.9457031	136.8598438	153.6810195	172.0788362	201.6385041	252.2467397	293.9457031	316.8598438	201.6385041	95.1166445	288.4660276
regiomontanus	200.000	-60.0000	23.4393	24.0	292.8598438	309.6810195	328.0788362	357.6385041	48.2467397	89.9457031	112.8598438	129.6810195	148.0788362	177.6385041	228.2467397	269.9457031	292.8598438	177.6385041	71.1166445	264.4660276
regiomontanus	200.000	-30.0000	23.4393	0.0	300.0421617	324.5169952	350.3232507	21.6385041	58.2027030	92.3009065	120.0421617	144.5169952	170.3232507	201.6385041	238.2027030	272.3009065	300.0421617	201.6385041	68.2355982	288.4660276
regiomontanus	200.000	-30.0000	23.4393	24.0	276.0421617	300.5169952	326.3232507	357.6385041	34.2027030	68.3009065	96.0421617	120.5169952	146.3232507	177.6385041	214.2027030	248.3009065	276.0421617	177.6385041	44.2355982	264.4660276
regiomontanus	200.000	0.5000	23.4393	0.0	288.2753932	317.4326278	349.1007729	21.6385041	52.3273876	80.6401260	108.2753932	137.4326278	169.1007729	201.6385041	232.3273876	260.6401260	288.2753932	201.6385041	178.8270310	288.4660276
regiomontanus	200.000	0.5000	23.4393	24.0	264.2753932	293.4326278	325.1007729	357.6385041	28.3273876	56.6401260	84.2753932	113.4326278	145.1007729	177.6385041	208.3273876	236.6401260	264.2753932	177.6385041	154.8270310	264.4660276
regiomontanus	200.000	17.3000	23.4393	0.0	281.4250878	312.8148212	348.3416598	21.6385041	49.6113641	74.8515955	101.4250878	132.8148212	168.3416598	201.6385041	229.6113641	254.8515955	281.4250878	201.6385041	149.4312502	288.4660276
regiomontanus	200.000	17.3000	23.4393	24.0	257.4250878	288.8148212	324.3416598	357.6385041	25.6113641	50.8515955	77.4250878	108.8148212	144.3416598	177.6385041	205.6113641	230.8515955	257.4250878	177.6385041	125.4312502	264.4660276
regiomontanus	200.000	40.0000	23.4393	0.0	268.7821000	302.7701502	346.7360939	21.6385041	45.3541150	65.5205368	88.7821000	122.7701502	166.7360939	201.6385041	225.3541150	245.5205368	268.7821000	201.6385041	129.9768823	288.4660276
regiomontanus	200.000	40.0000	23.4393	24.0	244.7821000	278.7701502	322.7360939	357.6385041	21.3541150	41.5205368	64.7821000	98.7701502	142.7360939	177.6385041	201.3541150	221.5205368	244.7821000	177.6385041	105.9768823	264.4660276
regiomontanus	200.000	47.6000	23.4393	0.0	262.6132136	296.8622552	345.7896999	21.6385041	43.4888559	61.4159709	82.6132136	116.8622552	165.7896999	201.6385041	223.4888559	241.4159709	262.6132136	201.6385041	125.7715209	288.4660276
regiomontanus	200.000	47.6000	23.4393	24.0	238.6132136	272.8622552	321.7896999	357.6385041	19.4888559	37.4159709	58.6132136	92.8622552	141.7896999	177.6385041	199.4888559	217.4159709	238.6132136	177.6385041	101.7715209	264.4660276
regiomontanus	200.000	60.0000	23.4393	0.0	248.2355982	279.3785903	342.7447646	21.6385041	39.3508274	52.4884501	68.2355982	99.3785903	162.7447646	201.6385041	219.3508274	232.4884501	248.2355982	201.6385041	120.0421617	288.4660276
regiomontanus	200.000	60.0000	23.4393	24.0	224.2355982	255.3785903	318.7447646	357.6385041	15.3508274	28.4884501	44.2355982	75.3785903	138.7447646	177.6385041	195.3508274	208.4884501	224.2355982	177.6385041	96.0421617	264.4660276
regiomontanus	200.000	66.5597	23.4393	0.0	237.2840765	261.8816092	338.6755826	21.6385041	36.1531405	45.9150448	57.2840765	81.8816092	158.6755826	201.6385041	216.1531405	225.9150448	237.2840765	201.6385041	117.3602317	288.4660276
regiomontanus	200.000	66.5597	23.4393	24.0	213.2840765	237.8816092	314.6755826	357.6385041	12.1531405	21.9150448	33.2840765	57.8816092	134.6755826	177.6385041	192.1531405	201.9150448	213.2840765	177.6385041	93.3602317	264.4660276
regiomontanus	200.000	66.5607	23.4393	0.0	237.2821828	261.8782899	338.6746253	21.6385041	36.1525694	45.9139042	57.2821828	81.8782899	158.6746253	201.6385041	216.1525694	225.9139042	237.2821828	201.6385041	117.3598350	288.4660276
regiomontanus	200.000	66.5607	23.4393	24.0	213.2821828	237.8782899	314.6746253	357.6385041	12.1525694	21.9139042	33.2821828	57.8782899	134.6746253	177.6385041	192.1525694	201.9139042	213.2821828	177.6385041	93.3598350	264.4660276
regiomontanus	200.000	66.5617	23.4393	0.0	237.2802890	261.8749703	338.6736679	21.6385041	36.1519984	45.9127635	57.2802890	81.8749703	158.6736679	201.6385041	216.1519984	225.9127635	237.2802890	201.6385041	117.3594383	288.4660276
regiomontanus	200.000	66.5617	23.4393	24.0	213.2802890	237.8749703	314.6736679	357.6385041	12.1519984	21.9127635	33.2802890	57.8749703	134.6736679	177.6385041	192.1519984	201.9127635	213.2802890	177.6385041	93.3594383	264.4660276
regiomontanus	200.000	70.0000	23.4393	0.0	230.3383184	249.2419715	334.0676677	21.6385041	33.9887644	41.6881461	50.3383184	69.2419715	154.0676677	201.6385041	213.9887644	221.6881461	230.3383184	201.6385041	116.0126922	288.4660276
regiomontanus	200.000	70.0000	23.4393	24.0	206.3383184	225.2419715	310.0676677	357.6385041	9.9887644	17.6881461	26.3383184	45.2419715	130.0676677	177.6385041	189.9887644	197.6881461	206.3383184	177.6385041	92.0126922	264.4660276
regiomontanus	200.000	89.9990	23.4393	0.0	0.0023624	0.0018660	0.0008732	201.6385041	180.0038514	180.0028588	180.0023624	180.0018660	180.0008732	21.6385041	0.0038514	0.0028588	0.0023624	201.6385041	108.4664084	288.4660276
regiomontanus	200.000	89.9990	23.4393	24.0	336.0023624	336.0018660	336.0008732	177.6385041	156.0038514	156.0028588	156.0023624	156.0018660	156.0008732	357.6385041	336.0038514	336.0028588	336.0023624	177.6385041	84.4664084	264.4660276
regiomontanus	200.000	90.0000	23.4393	0.0	refused	refused	refused	refused	refused	refused	refused	refused	refused	refused	refused	refused	refused	refused	refused	refused
regiomontanus	200.000	90.0000	23.4393	24.0	refused	refused	refused	refused	refused	refused	refused	refused	refused	refused	refused	refused	refused	refused	refused	refused
regiomontanus	280.457	-89.9990	23.4393	0.0	0.0004563	0.0018835	0.0047382	99.6109051	179.9961745	179.9990290	180.0004563	180.0018835	180.0047382	279.6109051	359.9961745	359.9990290	0.0004563	279.6109051	191.3740424	11.3739572
regiomontanus	280.457	-89.9990	23.4393	24.0	336.0004563	336.0018835	336.0047382	75.6109051	155.9961745	155.9990290	156.0004563	156.0018835	156.0047382	255.6109051	335.9961745	335.9990290	336.0004563	255.6109051	167.3740424	347.3739572
regiomontanus	280.457	-80.0000	23.4393	0.0	3.2891453	13.7498180	33.2961224	99.6109051	156.1768146	173.2310245	183.2891453	193.7498180	213.2961224	279.6109051	336.1768146	353.2310245	3.2891453	279.6109051	192.3045559	11.3739572
regiomontanus	280.457	-80.0000	23.4393	24.0	339.2891453	349.7498180	9.2961224	75.6109051	132.1768146	149.2310245	159.2891453	169.7498180	189.2961224	255.6109051	312.1768146	329.2310245	339.2891453	255.6109051	168.3045559	347.3739572
regiomontanus	280.457	-66.5617	23.4393	0.0	5.6956473	23.4945098	50.9068275	99.6109051	144.1765834	168.6014828	185.6956473	203.4945098	230.9068275	279.6109051	324.1765834	348.6014828	5.6956473	279.6109051	193.9659455	11.3739572
regiomontanus	280.457	-66.5617	23.4393	24.0	341.6956473	359.4945098	26.9068275	75.6109051	120.1765834	144.6014828	161.6956473	179.4945098	206.9068275	255.6109051	300.1765834	324.6014828	341.6956473	255.6109051	169.9659455	347.3739572
regiomontanus	280.457	-66.5597	23.4393	0.0	5.6959202	23.4955764	50.9084345	99.6109051	144.1754516	168.6009744	185.6959202	203.4955764	230.9084345	279.6109051	324.1754516	348.6009744	5.6959202	279.6109051	193.9662488	11.3739572
regiomontanus	280.457	-66.5597	23.4393	24.0	341.6959202	359.4955764	26.9084345	75.6109051	120.1754516	144.6009744	161.6959202	179.4955764	206.9084345	255.6109051	300.1754516	324.6009744	341.6959202	255.6109051	169.9662488	347.3739572
regiomontanus	280.457	-60.0000	23.4393	0.0	6.5071649	26.6178217	55.3471318	99.6109051	141.0057726	167.1062009	186.5071649	206.6178217	235.3471318	279.6109051	321.0057726	347.1062009	6.5071649	279.6109051	195.1015586	11.3739572
regiomontanus	280.457	-60.0000	23.4393	24.0	342.5071649	2.6178217	31.3471318	75.6109051	117.0057726	143.1062009	162.5071649	182.6178217	211.3471318	255.6109051	297.0057726	323.1062009	342.5071649	255.6109051	171.1015586	347.3739572
regiomontanus	280.457	-30.0000	23.4393	0.0	9.1096939	35.8816174	65.8905044	99.6109051	133.0248490	162.5397415	189.1096939	215.8816174	245.8905044	279.6109051	313.0248490	342.5397415	9.1096939	279.6109051	220.3980752	11.3739572
regiomontanus	280.457	-30.0000	23.4393	24.0	345.1096939	11.8816174	41.8905044	75.6109051	109.0248490	138.5397415	165.1096939	191.8816174	221.8905044	255.6109051	289.0248490	318.5397415	345.1096939	255.6109051	196.3980752	347.3739572
regiomontanus	280.457	0.5000	23.4393	0.0	11.4167356	43.0302486	72.0564521	99.6109051	127.9589499	158.7818672	191.4167356	223.0302486	252.0564521	279.6109051	307.9589499	338.7818672	11.4167356	279.6109051	180.2237160	11.3739572
regiomontanus	280.457	0.5000	23.4393	24.0	347.4167356	19.0302486	48.0564521	75.6109051	103.9589499	134.7818672	167.4167356	199.0302486	228.0564521	255.6109051	283.9589499	314.7818672	347.4167356	255.6109051	156.2237160	347.3739572
regiomontanus	280.457	17.3000	23.4393	0.0	13.1258215	47.6817577	75.4290717	99.6109051	125.0304618	156.1688909	193.1258215	227.6817577	255.4290717	279.6109051	305.0304618	336.1688909	13.1258215	279.6109051	184.7606192	11.3739572
regiomontanus	280.457	17.3000	23.4393	24.0	349.1258215	23.6817577	51.4290717	75.6109051	101.0304618	132.1688909	169.1258215	203.6817577	231.4290717	255.6109051	281.0304618	312.1688909	349.1258215	255.6109051	160.7606192	347.3739572
regiomontanus	280.457	40.0000	23.4393	0.0	17.7069435	57.7729117	81.5486444	99.6109051	119.3831074	149.8353319	197.7069435	237.7729117	261.5486444	279.6109051	299.3831074	329.8353319	17.7069435	279.6109051	187.5124678	11.3739572
regiomontanus	280.457	40.0000	23.4393	24.0	353.7069435	33.7729117	57.5486444	75.6109051	95.3831074	125.8353319	173.7069435	213.7729117	237.5486444	255.6109051	275.3831074	305.8353319	353.7069435	255.6109051	163.5124678	347.3739572
regiomontanus	280.457	47.6000	23.4393	0.0	21.2540645	63.6892701	84.5989302	99.6109051	116.3886189	145.5354563	201.2540645	243.6892701	264.5989302	279.6109051	296.3886189	325.5354563	21.2540645	279.6109051	188.1619097	11.3739572
regiomontanus	280.457	47.6000	23.4393	24.0	357.2540645	39.6892701	60.5989302	75.6109051	92.3886189	121.5354563	177.2540645	219.6892701	240.5989302	255.6109051	272.3886189	301.5354563	357.2540645	255.6109051	164.1619097	347.3739572
regiomontanus	280.457	60.0000	23.4393	0.0	40.3980752	81.1147926	92.2832561	99.6109051	108.2461260	128.6962594	220.3980752	261.1147926	272.2832561	279.6109051	288.2461260	308.6962594	40.3980752	279.6109051	189.1096939	11.3739572
regiomontanus	280.457	60.0000	23.4393	24.0	16.3980752	57.1147926	68.2832561	75.6109051	84.2461260	104.6962594	196.3980752	237.1147926	248.2832561	255.6109051	264.2461260	284.6962594	16.3980752	255.6109051	165.1096939	347.3739572
regiomontanus	280.457	66.5597	23.4393	0.0	94.7854057	98.4519375	99.1510758	99.6109051	100.1786849	101.8357941	274.7854057	278.4519375	279.1510758	279.6109051	280.1786849	281.8357941	94.7854057	279.6109051	189.5856940	11.3739572
regiomontanus	280.457	66.5597	23.4393	24.0	70.7854057	74.4519375	75.1510758	75.6109051	76.1786849	77.8357941	250.7854057	254.4519375	255.1510758	255.6109051	256.1786849	257.8357941	70.7854057	255.6109051	165.5856940	347.3739572
regiomontanus	280.457	66.5607	23.4393	0.0	94.7991597	98.4552201	99.1523758	99.6109051	100.1770846	101.8295596	274.7991597	278.4552201	279.1523758	279.6109051	280.1770846	281.8295596	94.7991597	279.6109051	189.5857662	11.3739572
regiomontanus	280.457	66.5607	23.4393	24.0	70.7991597	74.4552201	75.1523758	75.6109051	76.1770846	77.8295596	250.7991597	254.4552201	255.1523758	255.6109051	256.1770846	257.8295596	70.7991597	255.6109051	165.5857662	347.3739572
regiomontanus	280.457	66.5617	23.4393	0.0	94.8129143	98.4585029	99.1536759	99.6109051	100.1754841	101.8233243	274.8129143	278.4585029	279.1536759	279.6109051	280.1754841	281.8233243	94.8129143	279.6109051	189.5858384	11.3739572
regiomontanus	280.457	66.5617	23.4393	24.0	70.8129143	74.4585029	75.1536759	75.6109051	76.1754841	77.8233243	250.8129143	254.4585029	255.1536759	255.6109051	256.1754841	257.8233243	70.8129143	255.6109051	165.5858384	347.3739572
regiomontanus	280.457	70.0000	23.4393	0.0	316.4073609	290.9444947	284.2611114	279.6109051	273.6764770	256.2526154	136.4073609	110.9444947	104.2611114	99.6109051	93.6764770	76.2526154	316.4073609	279.6109051	189.8342845	11.3739572
regiomontanus	280.457	70.0000	23.4393	24.0	292.4073609	266.9444947	260.2611114	255.6109051	249.6764770	232.2526154	112.4073609	86.9444947	80.2611114	75.6109051	69.6764770	52.2526154	292.4073609	255.6109051	165.8342845	347.3739572
regiomontanus	280.457	89.9990	23.4393	0.0	359.9995437	359.9981163	359.9952616	279.6109051	180.0038259	180.0009711	179.9995437	179.9981163	179.9952616	99.6109051	0.0038259	0.0009711	359.9995437	279.6109051	191.3738720	11.3739572
regiomontanus	280.457	89.9990	23.4393	24.0	335.9995437	335.9981163	335.9952616	255.6109051	156.0038259	156.0009711	155.9995437	155.9981163	155.9952616	75.6109051	336.0038259	336.0009711	335.9995437	255.6109051	167.3738720	347.3739572
regiomontanus	280.457	90.0000	23.4393	0.0	refused	refused	refused	refused	refused	refused	refused	refused	refused	refused	refused	refused	refused	refused	refused	refused
regiomontanus	280.457	90.0000	23.4393	24.0	refused	refused	refused	refused	refused	refused	refused	refused	refused	refused	refused	refused	refused	refused	refused	refused
regiomontanus	333.300	-89.9990	23.4393	0.0	0.0022459	0.0028981	0.0042026	151.2692165	180.0002894	180.0015937	180.0022459	180.0028981	180.0042026	331.2692165	0.0002894	0.0015937	0.0022459	331.2692165	245.2296236	65.2292565
regiomontanus	333.300	-89.9990	23.4393	24.0	336.0022459	336.0028981	336.0042026	127.2692165	156.0002894	156.0015937	156.0022459	156.0028981	156.0042026	307.2692165	336.0002894	336.0015937	336.0022459	307.2692165	221.2296236	41.2292565
regiomontanus	333.300	-80.0000	23.4393	0.0	18.5119945	27.7087079	53.2452442	151.2692165	181.6132302	191.4095429	198.5119945	207.7087079	233.2452442	331.2692165	1.6132302	11.4095429	18.5119945	331.2692165	249.0464052	65.2292565
regiomontanus	333.300	-80.0000	23.4393	24.0	354.5119945	3.7087079	29.2452442	127.2692165	157.6132302	167.4095429	174.5119945	183.7087079	209.2452442	307.2692165	337.6132302	347.4095429	354.5119945	307.2692165	225.0464052	41.2292565
regiomontanus	333.300	-66.5617	23.4393	0.0	33.8941933	53.3869562	93.0788043	151.2692165	182.3977549	199.3723565	213.8941933	233.3869562	273.0788043	331.2692165	2.3977549	19.3723565	33.8941933	331.2692165	254.9751963	65.2292565
regiomontanus	333.300	-66.5617	23.4393	24.0	9.8941933	29.3869562	69.0788043	127.2692165	158.3977549	175.3723565	189.8941933	209.3869562	249.0788043	307.2692165	338.3977549	355.3723565	9.8941933	307.2692165	230.9751963	41.2292565
regiomontanus	333.300	-66.5597	23.4393	0.0	33.8959436	53.3897665	93.0818034	151.2692165	182.3978313	199.3732292	213.8959436	233.3897665	273.0818034	331.2692165	2.3978313	19.3732292	33.8959436	331.2692165	254.9761831	65.2292565
regiomontanus	333.300	-66.5597	23.4393	24.0	9.8959436	29.3897665	69.0818034	127.2692165	158.3978313	175.3732292	189.8959436	209.3897665	249.0818034	307.2692165	338.3978313	355.3732292	9.8959436	307.2692165	230.9761831	41.2292565
regiomontanus	333.300	-60.0000	23.4393	0.0	39.0510900	61.4204269	100.7864085	151.2692165	182.6148569	201.9324655	219.0510900	241.4204269	280.7864085	331.2692165	2.6148569	21.9324655	39.0510900	331.2692165	258.4490906	65.2292565
regiomontanus	333.300	-60.0000	23.4393	24.0	15.0510900	37.4204269	76.7864085	127.2692165	158.6148569	177.9324655	195.0510900	217.4204269	256.7864085	307.2692165	338.6148569	357.9324655	15.0510900	307.2692165	234.4490906	41.2292565
regiomontanus	333.300	-30.0000	23.4393	0.0	54.3022646	81.6757045	114.9519375	151.2692165	183.1963413	209.6185486	234.3022646	261.6757045	294.9519375	331.2692165	3.1963413	29.6185486	54.3022646	331.2692165	287.2107540	65.2292565
regiomontanus	333.300	-30.0000	23.4393	24.0	30.3022646	57.6757045	90.9519375	127.2692165	159.1963413	185.6185486	210.3022646	237.6757045	270.9519375	307.2692165	339.1963413	5.6185486	30.3022646	307.2692165	263.2107540	41.2292565
regiomontanus	333.300	0.5000	23.4393	0.0	65.4130769	93.2002439	121.1634374	151.2692165	183.6028632	215.7076122	245.4130769	273.2002439	301.1634374	331.2692165	3.6028632	35.7076122	65.4130769	331.2692165	181.1127773	65.2292565
regiomontanus	333.300	0.5000	23.4393	24.0	41.4130769	69.2002439	97.1634374	127.2692165	159.6028632	191.7076122	221.4130769	249.2002439	277.1634374	307.2692165	339.6028632	11.7076122	41.4130769	307.2692165	157.1127773	41.2292565
regiomontanus	333.300	17.3000	23.4393	0.0	72.1117805	99.1112306	124.0897209	151.2692165	183.8561376	219.7749833	252.1117805	279.1112306	304.0897209	331.2692165	3.8561376	39.7749833	72.1117805	331.2692165	207.8709169	65.2292565
regiomontanus	333.300	17.3000	23.4393	24.0	48.1117805	75.1112306	100.0897209	127.2692165	159.8561376	195.7749833	228.1117805	255.1112306	280.0897209	307.2692165	339.8561376	15.7749833	48.1117805	307.2692165	183.8709169	41.2292565
regiomontanus	333.300	40.0000	23.4393	0.0	84.9804329	108.9032156	128.7416442	151.2692165	184.3943717	228.9689555	264.9804329	288.9032156	308.7416442	331.2692165	4.3943717	48.9689555	84.9804329	331.2692165	225.2278332	65.2292565
regiomontanus	333.300	40.0000	23.4393	24.0	60.9804329	84.9032156	104.7416442	127.2692165	160.3943717	204.9689555	240.9804329	264.9032156	284.7416442	307.2692165	340.3943717	24.9689555	60.9804329	307.2692165	201.2278332	41.2292565
regiomontanus	333.300	47.6000	23.4393	0.0	91.4990950	113.3057863	130.8031368	151.2692165	184.7135044	234.6410341	271.4990950	293.3057863	310.8031368	331.2692165	4.7135044	54.6410341	91.4990950	331.2692165	229.0414226	65.2292565
regiomontanus	333.300	47.6000	23.4393	24.0	67.4990950	89.3057863	106.8031368	127.2692165	160.7135044	210.6410341	247.4990950	269.3057863	286.8031368	307.2692165	340.7135044	30.6410341	67.4990950	307.2692165	205.0414226	41.2292565
regiomontanus	333.300	60.0000	23.4393	0.0	107.2107540	123.0463633	135.4217613	151.2692165	185.7519334	252.7789261	287.2107540	303.0463633	315.4217613	331.2692165	5.7519334	72.7789261	107.2107540	331.2692165	234.3022646	65.2292565
regiomontanus	333.300	60.0000	23.4393	24.0	83.2107540	99.0463633	111.4217613	127.2692165	161.7519334	228.7789261	263.2107540	279.0463633	291.4217613	307.2692165	341.7519334	48.7789261	83.2107540	307.2692165	210.3022646	41.2292565
regiomontanus	333.300	66.5597	23.4393	0.0	119.4878926	130.3228007	139.0280507	151.2692165	187.1754520	272.8869068	299.4878926	310.3228007	319.0280507	331.2692165	7.1754520	92.8869068	119.4878926	331.2692165	236.7954143	65.2292565
regiomontanus	333.300	66.5597	23.4393	24.0	95.4878926	106.3228007	115.0280507	127.2692165	163.1754520	248.8869068	275.4878926	286.3228007	295.0280507	307.2692165	343.1754520	68.8869068	95.4878926	307.2692165	212.7954143	41.2292565
regiomontanus	333.300	66.5607	23.4393	0.0	119.4900247	130.3240682	139.0286973	151.2692165	187.1757926	272.8908621	299.4900247	310.3240682	319.0286973	331.2692165	7.1757926	92.8908621	119.4900247	331.2692165	236.7957846	65.2292565
regiomontanus	333.300	66.5607	23.4393	24.0	95.4900247	106.3240682	115.0286973	127.2692165	163.1757926	248.8908621	275.4900247	286.3240682	295.0286973	307.2692165	343.1757926	68.8908621	95.4900247	307.2692165	212.7957846	41.2292565
regiomontanus	333.300	66.5617	23.4393	0.0	119.4921568	130.3253358	139.0293439	151.2692165	187.1761334	272.8948176	299.4921568	310.3253358	319.0293439	331.2692165	7.1761334	92.8948176	119.4921568	331.2692165	236.7961550	65.2292565
regiomontanus	333.300	66.5617	23.4393	24.0	95.4921568	106.3253358	115.0293439	127.2692165	163.1761334	248.8948176	275.4921568	286.3253358	295.0293439	307.2692165	343.1761334	68.8948176	95.4921568	307.2692165	212.7961550	41.2292565
regiomontanus	333.300	70.0000	23.4393	0.0	127.3030611	135.0268915	141.4842350	151.2692165	188.8544341	288.1168668	307.3030611	315.0268915	321.4842350	331.2692165	8.8544341	108.1168668	127.3030611	331.2692165	238.0562699	65.2292565
regiomontanus	333.300	70.0000	23.4393	24.0	103.3030611	111.0268915	117.4842350	127.2692165	164.8544341	264.1168668	283.3030611	291.0268915	297.4842350	307.2692165	344.8544341	84.1168668	103.3030611	307.2692165	214.0562699	41.2292565
regiomontanus	333.300	89.9990	23.4393	0.0	359.9977541	359.9971019	359.9957978	331.2692165	179.9997105	179.9984062	179.9977541	179.9971019	179.9957978	151.2692165	359.9997105	359.9984062	359.9977541	331.2692165	245.2288894	65.2292565
regiomontanus	333.300	89.9990	23.4393	24.0	335.9977541	335.9971019	335.9957978	307.2692165	155.9997105	155.9984062	155.9977541	155.9971019	155.9957978	127.2692165	335.9997105	335.9984062	335.9977541	307.2692165	221.2288894	41.2292565
regiomontanus	333.300	90.0000	23.4393	0.0	refused	refused	refused	refused	refused	refused	refused	refused	refused	refused	refused	refused	refused	refused	refused	refused
regiomontanus	333.300	90.0000	23.4393	24.0	refused	refused	refused	refused	refused	refused	refused	refused	refused	refused	refused	refused	refused	refused	refused	refused
campanus	0.000	-89.9990	23.4393	0.0	0.0025140	179.9924203	179.9991606	180.0000000	180.0005033	180.0010782	180.0025140	359.9924203	359.9991606	0.0000000	0.0005033	0.0010782	0.0025140	0.0000000	270.0003978	90.0000000
campanus	0.000	-89.9990	23.4393	24.0	336.0025140	155.9924203	155.9991606	156.0000000	156.0005033	156.0010782	156.0025140	335.9924203	335.9991606	336.0000000	336.0005033	336.0010782	336.0025140	336.0000000	246.0003978	66.0000000
campanus	0.000	-80.0000	23.4393	0.0	23.9067834	128.4693332	171.7483735	180.0000000	185.0099151	190.6723674	203.9067834	308.4693332	351.7483735	0.0000000	5.0099151	10.6723674	23.9067834	0.0000000	274.0120907	90.0000000
campanus	0.000	-80.0000	23.4393	24.0	359.9067834	104.4693332	147.7483735	156.0000000	161.0099151	166.6723674	179.9067834	284.4693332	327.7483735	336.0000000	341.0099151	346.6723674	359.9067834	336.0000000	250.0120907	66.0000000
campanus	0.000	-66.5617	23.4393	0.0	47.4628134	112.4992731	161.9998048	180.0000000	191.5055991	203.9695748	227.4628134	292.4992731	341.9998048	0.0000000	11.5055991	23.9695748	47.4628134	0.0000000	279.7843877	90.0000000
campanus	0.000	-66.5617	23.4393	24.0	23.4628134	88.4992731	137.9998048	156.0000000	167.5055991	179.9695748	203.4628134	268.4992731	317.9998048	336.0000000	347.5055991	359.9695748	23.4628134	336.0000000	255.7843877	66.0000000
campanus	0.000	-66.5597	23.4393	0.0	47.4655433	112.4983213	161.9985250	180.0000000	191.5065325	203.9714186	227.4655433	292.4983213	341.9985250	0.0000000	11.5065325	23.9714186	47.4655433	0.0000000	279.7853055	90.0000000
campanus	0.000	-66.5597	23.4393	24.0	23.4655433	88.4983213	137.9985250	156.0000000	167.5065325	179.9714186	203.4655433	268.4983213	317.9985250	336.0000000	347.5065325	359.9714186	23.4655433	336.0000000	255.7853055	66.0000000
campanus	0.000	-60.0000	23.4393	0.0	55.4343048	110.3269709	158.1135606	180.0000000	194.4981746	209.7676398	235.4343048	290.3269709	338.1135606	0.0000000	14.4981746	29.7676398	55.4343048	0.0000000	282.9340888	90.0000000
campanus	0.000	-60.0000	23.4393	24.0	31.4343048	86.3269709	134.1135606	156.0000000	170.4981746	185.7676398	211.4343048	266.3269709	314.1135606	336.0000000	350.4981746	5.7676398	31.4343048	336.0000000	258.9340888	66.0000000
campanus	0.000	-30.0000	23.4393	0.0	77.0659112	110.9067487	148.0798288	180.0000000	205.8432476	229.9257124	257.0659112	290.9067487	328.0798288	0.0000000	25.8432476	49.9257124	77.0659112	0.0000000	304.5656952	90.0000000
campanus	0.000	-30.0000	23.4393	24.0	53.0659112	86.9067487	124.0798288	156.0000000	181.8432476	205.9257124	233.0659112	266.9067487	304.0798288	336.0000000	1.8432476	25.9257124	53.0659112	336.0000000	280.5656952	66.0000000
campanus	0.000	0.5000	23.4393	0.0	90.1988929	118.0665390	147.8760499	180.0000000	212.2367814	242.2440837	270.1988929	298.0665390	327.8760499	0.0000000	32.2367814	62.2440837	90.1988929	0.0000000	181.2568150	90.0000000
campanus	0.000	0.5000	23.4393	24.0	66.1988929	94.0665390	123.8760499	156.0000000	188.2367814	218.2440837	246.1988929	274.0665390	303.8760499	336.0000000	8.2367814	38.2440837	66.1988929	336.0000000	157.2568150	66.0000000
campanus	0.000	17.3000	23.4393	0.0	97.0626042	124.1647917	150.7867273	180.0000000	212.9887218	246.6881281	277.0626042	304.1647917	330.7867273	0.0000000	32.9887218	66.6881281	97.0626042	0.0000000	218.0614522	90.0000000
campanus	0.000	17.3000	23.4393	24.0	73.0626042	100.1647917	126.7867273	156.0000000	188.9887218	222.6881281	253.0626042	280.1647917	306.7867273	336.0000000	8.9887218	42.6881281	73.0626042	336.0000000	194.0614522	66.0000000
campanus	0.000	40.0000	23.4393	0.0	108.4577098	135.7145856	157.4496929	180.0000000	209.8768399	250.3173354	288.4577098	315.7145856	337.4496929	0.0000000	29.8768399	70.3173354	108.4577098	0.0000000	244.6365910	90.0000000
campanus	0.000	40.0000	23.4393	24.0	84.4577098	111.7145856	133.4496929	156.0000000	185.8768399	226.3173354	264.4577098	291.7145856	313.4496929	336.0000000	5.8768399	46.3173354	84.4577098	336.0000000	220.6365910	66.0000000
campanus	0.000	47.6000	23.4393	0.0	113.5389876	140.6867948	160.2962595	180.0000000	207.4988798	250.7128399	293.5389876	320.6867948	340.2962595	0.0000000	27.4988798	70.7128399	113.5389876	0.0000000	250.0379364	90.0000000
campanus	0.000	47.6000	23.4393	24.0	89.5389876	116.6867948	136.2962595	156.0000000	183.4988798	226.7128399	269.5389876	296.6867948	316.2962595	336.0000000	3.4988798	46.7128399	89.5389876	336.0000000	226.0379364	66.0000000
campanus	0.000	60.0000	23.4393	0.0	124.5656952	150.2323602	165.5018254	180.0000000	201.8864394	249.6730291	304.5656952	330.2323602	345.5018254	0.0000000	21.8864394	69.6730291	124.5656952	0.0000000	257.0659112	90.0000000
campanus	0.000	60.0000	23.4393	24.0	100.5656952	126.2323602	141.5018254	156.0000000	177.8864394	225.6730291	280.5656952	306.2323602	321.5018254	336.0000000	357.8864394	45.6730291	100.5656952	336.0000000	233.0659112	66.0000000
campanus	0.000	66.5597	23.4393	0.0	132.5344567	156.0285814	168.4934675	180.0000000	198.0014750	247.5016787	312.5344567	336.0285814	348.4934675	0.0000000	18.0014750	67.5016787	132.5344567	0.0000000	260.2146945	90.0000000
campanus	0.000	66.5597	23.4393	24.0	108.5344567	132.0285814	144.4934675	156.0000000	174.0014750	223.5016787	288.5344567	312.0285814	324.4934675	336.0000000	354.0014750	43.5016787	108.5344567	336.0000000	236.2146945	66.0000000
campanus	0.000	66.5607	23.4393	0.0	132.5358216	156.0295033	168.4939342	180.0000000	198.0008351	247.5012028	312.5358216	336.0295033	348.4939342	0.0000000	18.0008351	67.5012028	132.5358216	0.0000000	260.2151534	90.0000000
campanus	0.000	66.5607	23.4393	24.0	108.5358216	132.0295033	144.4939342	156.0000000	174.0008351	223.5012028	288.5358216	312.0295033	324.4939342	336.0000000	354.0008351	43.5012028	108.5358216	336.0000000	236.2151534	66.0000000
campanus	0.000	66.5617	23.4393	0.0	132.5371866	156.0304252	168.4944009	180.0000000	198.0001952	247.5007269	312.5371866	336.0304252	348.4944009	0.0000000	18.0001952	67.5007269	132.5371866	0.0000000	260.2156123	90.0000000
campanus	0.000	66.5617	23.4393	24.0	108.5371866	132.0304252	144.4944009	156.0000000	174.0001952	223.5007269	288.5371866	312.0304252	324.4944009	336.0000000	354.0001952	43.5007269	108.5371866	336.0000000	236.2156123	66.0000000
campanus	0.000	70.0000	23.4393	0.0	137.5411724	159.2657621	170.1159531	180.0000000	195.7176633	245.4927140	317.5411724	339.2657621	350.1159531	0.0000000	15.7176633	65.4927140	137.5411724	0.0000000	261.7620094	90.0000000
campanus	0.000	70.0000	23.4393	24.0	113.5411724	135.2657621	146.1159531	156.0000000	171.7176633	221.4927140	293.5411724	315.2657621	326.1159531	336.0000000	351.7176633	41.4927140	113.5411724	336.0000000	237.7620094	66.0000000
campanus	0.000	89.9990	23.4393	0.0	179.9974860	179.9989218	179.9994967	180.0000000	180.0008394	180.0075797	359.9974860	359.9989218	359.9994967	0.0000000	0.0008394	0.0075797	179.9974860	0.0000000	269.9996022	90.0000000
campanus	0.000	89.9990	23.4393	24.0	155.9974860	155.9989218	155.9994967	156.0000000	156.0008394	156.0075797	335.9974860	335.9989218	335.9994967	336.0000000	336.0008394	336.0075797	155.9974860	336.0000000	245.9996022	66.0000000
campanus	0.000	90.0000	23.4393	0.0	refused	refused	refused	refused	refused	refused	refused	refused	refused	refused	refused	refused	refused	refused	refused	refused
campanus	0.000	90.0000	23.4393	24.0	refused	refused	refused	refused	refused	refused	refused	refused	refused	refused	refused	refused	refused	refused	refused	refused
campanus	77.100	-89.9990	23.4393	0.0	180.0005613	116.4114671	91.4585819	78.1330088	65.9763042	47.4820754	0.0005613	296.4114671	271.4585819	258.1330088	245.9763042	227.4820754	180.0005613	78.1330088	345.9838421	165.9837376
campanus	77.100	-89.9990	23.4393	24.0	156.0005613	92.4114671	67.4585819	54.1330088	41.9763042	23.4820754	336.0005613	272.4114671	247.4585819	234.1330088	221.9763042	203.4820754	156.0005613	54.1330088	321.9838421	141.9837376
campanus	77.100	-80.0000	23.4393	0.0	189.3115820	102.7091051	85.8967602	78.1330088	71.1032941	59.4748226	9.3115820	282.7091051	265.8967602	258.1330088	251.1032941	239.4748226	189.3115820	78.1330088	346.9669598	165.9837376
campanus	77.100	-80.0000	23.4393	24.0	165.3115820	78.7091051	61.8967602	54.1330088	47.1032941	35.4748226	345.3115820	258.7091051	241.8967602	234.1330088	227.1032941	215.4748226	165.3115820	54.1330088	322.9669598	141.9837376
campanus	77.100	-66.5617	23.4393	0.0	84.0671498	257.0455848	257.8098383	258.1330088	258.4245399	258.9295665	264.0671498	77.0455848	77.8098383	78.1330088	78.4245399	78.9295665	84.0671498	78.1330088	348.1799742	165.9837376
campanus	77.100	-66.5617	23.4393	24.0	60.0671498	233.0455848	233.8098383	234.1330088	234.4245399	234.9295665	240.0671498	53.0455848	53.8098383	54.1330088	54.4245399	54.9295665	60.0671498	54.1330088	324.1799742	141.9837376
campanus	77.100	-66.5597	23.4393	0.0	84.0894317	257.0414736	257.8086162	258.1330088	258.4256424	258.9325785	264.0894317	77.0414736	77.8086162	78.1330088	78.4256424	78.9325785	84.0894317	78.1330088	348.1801518	165.9837376
campanus	77.100	-66.5597	23.4393	24.0	60.0894317	233.0414736	233.8086162	234.1330088	234.4256424	234.9325785	240.0894317	53.0414736	53.8086162	54.1330088	54.4256424	54.9325785	60.0894317	54.1330088	324.1801518	141.9837376
campanus	77.100	-60.0000	23.4393	0.0	132.6092259	243.9084705	253.8210042	258.1330088	262.0272607	268.6766116	312.6092259	63.9084705	73.8210042	78.1330088	82.0272607	88.6766116	132.6092259	78.1330088	348.7658854	165.9837376
campanus	77.100	-60.0000	23.4393	24.0	108.6092259	219.9084705	229.8210042	234.1330088	238.0272607	244.6766116	288.6092259	39.9084705	49.8210042	54.1330088	58.0272607	64.6766116	108.6092259	54.1330088	324.7658854	141.9837376
campanus	77.100	-30.0000	23.4393	0.0	161.4337456	208.0319862	238.1044236	258.1330088	276.6940431	301.1689919	341.4337456	28.0319862	58.1044236	78.1330088	96.6940431	121.1689919	161.4337456	78.1330088	351.9740138	165.9837376
campanus	77.100	-30.0000	23.4393	24.0	137.4337456	184.0319862	214.1044236	234.1330088	252.6940431	277.1689919	317.4337456	4.0319862	34.1044236	54.1330088	72.6940431	97.1689919	137.4337456	54.1330088	327.9740138	141.9837376
campanus	77.100	0.5000	23.4393	0.0	166.0358071	198.4787642	229.4722725	258.1330088	285.8573909	314.7615730	346.0358071	18.4787642	49.4722725	78.1330088	105.8573909	134.7615730	166.0358071	78.1330088	0.2862431	165.9837376
campanus	77.100	0.5000	23.4393	24.0	142.0358071	174.4787642	205.4722725	234.1330088	261.8573909	290.7615730	322.0358071	354.4787642	25.4722725	54.1330088	81.8573909	110.7615730	142.0358071	54.1330088	336.2862431	141.9837376
campanus	77.100	17.3000	23.4393	0.0	167.6332833	197.7778297	228.0286327	258.1330088	287.9878279	317.7388961	347.6332833	17.7778297	48.0286327	78.1330088	107.9878279	137.7388961	167.6332833	78.1330088	30.2515161	165.9837376
campanus	77.100	17.3000	23.4393	24.0	143.6332833	173.7778297	204.0286327	234.1330088	263.9878279	293.7388961	323.6332833	353.7778297	24.0286327	54.1330088	83.9878279	113.7388961	143.6332833	54.1330088	6.2515161	141.9837376
campanus	77.100	40.0000	23.4393	0.0	169.6970010	200.3004469	229.5078291	258.1330088	287.4931248	318.2628350	349.6970010	20.3004469	49.5078291	78.1330088	107.4931248	138.2628350	169.6970010	78.1330088	332.0226615	165.9837376
campanus	77.100	40.0000	23.4393	24.0	145.6970010	176.3004469	205.5078291	234.1330088	263.4931248	294.2628350	325.6970010	356.3004469	25.5078291	54.1330088	83.4931248	114.2628350	145.6970010	54.1330088	308.0226615	141.9837376
campanus	77.100	47.6000	23.4393	0.0	170.4709513	202.1035760	230.8590759	258.1330088	286.4230611	317.5029599	350.4709513	22.1035760	50.8590759	78.1330088	106.4230611	137.5029599	170.4709513	78.1330088	337.2005482	165.9837376
campanus	77.100	47.6000	23.4393	24.0	146.4709513	178.1035760	206.8590759	234.1330088	262.4230611	293.5029599	326.4709513	358.1035760	26.8590759	54.1330088	82.4230611	113.5029599	146.4709513	54.1330088	313.2005482	141.9837376
campanus	77.100	60.0000	23.4393	0.0	171.9740138	206.3733442	233.9792392	258.1330088	283.6426743	314.9569364	351.9740138	26.3733442	53.9792392	78.1330088	103.6426743	134.9569364	171.9740138	78.1330088	341.4337456	165.9837376
campanus	77.100	60.0000	23.4393	24.0	147.9740138	182.3733442	209.9792392	234.1330088	259.6426743	290.9569364	327.9740138	2.3733442	29.9792392	54.1330088	79.6426743	110.9569364	147.9740138	54.1330088	317.4337456	141.9837376
campanus	77.100	66.5597	23.4393	0.0	172.9752810	209.4641689	236.0841729	258.1330088	281.6352641	312.7561716	352.9752810	29.4641689	56.0841729	78.1330088	101.6352641	132.7561716	172.9752810	78.1330088	342.8146954	165.9837376
campanus	77.100	66.5597	23.4393	24.0	148.9752810	185.4641689	212.0841729	234.1330088	257.6352641	288.7561716	328.9752810	5.4641689	32.0841729	54.1330088	77.6352641	108.7561716	148.9752810	54.1330088	318.8146954	141.9837376
campanus	77.100	66.5607	23.4393	0.0	172.9754494	209.4646920	236.0845174	258.1330088	281.6349294	312.7557803	352.9754494	29.4646920	56.0845174	78.1330088	101.6349294	132.7557803	172.9754494	78.1330088	342.8148802	165.9837376
campanus	77.100	66.5607	23.4393	24.0	148.9754494	185.4646920	212.0845174	234.1330088	257.6349294	288.7557803	328.9754494	5.4646920	32.0845174	54.1330088	77.6349294	108.7557803	148.9754494	54.1330088	318.8148802	141.9837376
campanus	77.100	66.5617	23.4393	0.0	172.9756178	209.4652152	236.0848618	258.1330088	281.6345946	312.7553890	352.9756178	29.4652152	56.0848618	78.1330088	101.6345946	132.7553890	172.9756178	78.1330088	342.8150650	165.9837376
campanus	77.100	66.5617	23.4393	24.0	148.9756178	185.4652152	212.0848618	234.1330088	257.6345946	288.7553890	328.9756178	5.4652152	32.0848618	54.1330088	77.6345946	108.7553890	148.9756178	54.1330088	318.8150650	141.9837376
campanus	77.100	70.0000	23.4393	0.0	173.5900684	211.3669321	237.3109352	258.1330088	280.4317781	311.2956908	353.5900684	31.3669321	57.3109352	78.1330088	100.4317781	131.2956908	173.5900684	78.1330088	343.4140046	165.9837376
campanus	77.100	70.0000	23.4393	24.0	149.5900684	187.3669321	213.3109352	234.1330088	256.4317781	287.2956908	329.5900684	7.3669321	33.3109352	54.1330088	76.4317781	107.2956908	149.5900684	54.1330088	319.4140046	141.9837376
campanus	77.100	89.9990	23.4393	0.0	179.9994388	227.4799536	245.9753220	258.1330088	271.4596339	296.4137004	359.9994388	47.4799536	65.9753220	78.1330088	91.4596339	116.4137004	179.9994388	78.1330088	345.9836331	165.9837376
campanus	77.100	89.9990	23.4393	24.0	155.9994388	203.4799536	221.9753220	234.1330088	247.4596339	272.4137004	335.9994388	23.4799536	41.9753220	54.1330088	67.4596339	92.4137004	155.9994388	54.1330088	321.9836331	141.9837376
campanus	77.100	90.0000	23.4393	0.0	refused	refused	refused	refused	refused	refused	refused	refused	refused	refused	refused	refused	refused	refused	refused	refused
campanus	77.100	90.0000	23.4393	24.0	refused	refused	refused	refused	refused	refused	refused	refused	refused	refused	refused	refused	refused	refused	refused	refused
campanus	143.300	-89.9990	23.4393	0.0	179.9979843	157.2404856	148.2367613	140.9090413	130.2524139	94.4646086	359.9979843	337.2404856	328.2367613	320.9090413	310.2524139	274.4646086	179.9979843	140.9090413	55.6326085	235.6329465
campanus	143.300	-89.9990	23.4393	24.0	155.9979843	133.2404856	124.2367613	116.9090413	106.2524139	70.4646086	335.9979843	313.2404856	304.2367613	296.9090413	286.2524139	250.4646086	155.9979843	116.9090413	31.6326085	211.6329465
campanus	143.300	-80.0000	23.4393	0.0	154.8483245	146.1207736	143.2151406	140.9090413	137.4973249	121.9159470	334.8483245	326.1207736	323.2151406	320.9090413	317.4973249	301.9159470	154.8483245	140.9090413	52.3552223	235.6329465
campanus	143.300	-80.0000	23.4393	24.0	130.8483245	122.1207736	119.2151406	116.9090413	113.4973249	97.9159470	310.8483245	302.1207736	299.2151406	296.9090413	293.4973249	277.9159470	130.8483245	116.9090413	28.3552223	211.6329465
campanus	143.300	-66.5617	23.4393	0.0	294.7259454	310.7236098	316.3820356	320.9090413	327.5703221	354.6287405	114.7259454	130.7236098	136.3820356	140.9090413	147.5703221	174.6287405	294.7259454	140.9090413	48.0459048	235.6329465
campanus	143.300	-66.5617	23.4393	24.0	270.7259454	286.7236098	292.3820356	296.9090413	303.5703221	330.6287405	90.7259454	106.7236098	112.3820356	116.9090413	123.5703221	150.6287405	270.7259454	116.9090413	24.0459048	211.6329465
campanus	143.300	-66.5597	23.4393	0.0	294.7207713	310.7213701	316.3810281	320.9090413	327.5717829	354.6344324	114.7207713	130.7213701	136.3810281	140.9090413	147.5717829	174.6344324	294.7207713	140.9090413	48.0452529	235.6329465
campanus	143.300	-66.5597	23.4393	24.0	270.7207713	286.7213701	292.3810281	296.9090413	303.5717829	330.6344324	90.7207713	106.7213701	112.3810281	116.9090413	123.5717829	150.6344324	270.7207713	116.9090413	24.0452529	211.6329465
campanus	143.300	-60.0000	23.4393	0.0	279.9504729	303.5704053	313.1140895	320.9090413	332.2170681	8.9559798	99.9504729	123.5704053	133.1140895	140.9090413	152.2170681	188.9559798	279.9504729	140.9090413	45.8634464	235.6329465
campanus	143.300	-60.0000	23.4393	24.0	255.9504729	279.5704053	289.1140895	296.9090413	308.2170681	344.9559798	75.9504729	99.5704053	109.1140895	116.9090413	128.2170681	164.9559798	255.9504729	116.9090413	21.8634464	211.6329465
campanus	143.300	-30.0000	23.4393	0.0	248.3254087	278.1441498	299.9912306	320.9090413	347.6017293	26.4985706	68.3254087	98.1441498	119.9912306	140.9090413	167.6017293	206.4985706	248.3254087	140.9090413	32.9438141	235.6329465
campanus	143.300	-30.0000	23.4393	24.0	224.3254087	254.1441498	275.9912306	296.9090413	323.6017293	2.4985706	44.3254087	74.1441498	95.9912306	116.9090413	143.6017293	182.4985706	224.3254087	116.9090413	8.9438141	211.6329465
campanus	143.300	0.5000	23.4393	0.0	235.4642676	263.6779295	291.4676478	320.9090413	352.7163315	25.0660691	55.4642676	83.6779295	111.4676478	140.9090413	172.7163315	205.0660691	235.4642676	140.9090413	358.9799910	235.6329465
campanus	143.300	0.5000	23.4393	24.0	211.4642676	239.6779295	267.4676478	296.9090413	328.7163315	1.0660691	31.4642676	59.6779295	87.4676478	116.9090413	148.7163315	181.0660691	211.4642676	116.9090413	334.9799910	211.6329465
campanus	143.300	17.3000	23.4393	0.0	230.0237225	258.9394049	289.3498524	320.9090413	351.9897744	21.5166844	50.0237225	78.9394049	109.3498524	140.9090413	171.9897744	201.5166844	230.0237225	140.9090413	132.2705043	235.6329465
campanus	143.300	17.3000	23.4393	24.0	206.0237225	234.9394049	265.3498524	296.9090413	327.9897744	357.5166844	26.0237225	54.9394049	85.3498524	116.9090413	147.9897744	177.5166844	206.0237225	116.9090413	108.2705043	211.6329465
campanus	143.300	40.0000	23.4393	0.0	222.2694246	255.3358564	289.9418450	320.9090413	347.8182107	13.7443386	42.2694246	75.3358564	109.9418450	140.9090413	167.8182107	193.7443386	222.2694246	140.9090413	84.7085509	235.6329465
campanus	143.300	40.0000	23.4393	24.0	198.2694246	231.3358564	265.9418450	296.9090413	323.8182107	349.7443386	18.2694246	51.3358564	85.9418450	116.9090413	143.8182107	169.7443386	198.2694246	116.9090413	60.7085509	211.6329465
campanus	143.300	47.6000	23.4393	0.0	219.1755211	254.9129035	291.1828911	320.9090413	345.6835512	10.1901355	39.1755211	74.9129035	111.1828911	140.9090413	165.6835512	190.1901355	219.1755211	140.9090413	77.0010017	235.6329465
campanus	143.300	47.6000	23.4393	24.0	195.1755211	230.9129035	267.1828911	296.9090413	321.6835512	346.1901355	15.1755211	50.9129035	87.1828911	116.9090413	141.6835512	166.1901355	195.1755211	116.9090413	53.0010017	211.6329465
campanus	143.300	60.0000	23.4393	0.0	212.9438141	255.4263550	294.5348954	320.9090413	341.4749629	3.0640297	32.9438141	75.4263550	114.5348954	140.9090413	161.4749629	183.0640297	212.9438141	140.9090413	68.3254087	235.6329465
campanus	143.300	60.0000	23.4393	24.0	188.9438141	231.4263550	270.5348954	296.9090413	317.4749629	339.0640297	8.9438141	51.4263550	90.5348954	116.9090413	137.4749629	159.0640297	188.9438141	116.9090413	44.3254087	211.6329465
campanus	143.300	66.5597	23.4393	0.0	208.6789977	256.5856935	297.0379499	320.9090413	338.9121569	358.5165557	28.6789977	76.5856935	117.0379499	140.9090413	158.9121569	178.5165557	208.6789977	140.9090413	64.8844564	235.6329465
campanus	143.300	66.5597	23.4393	24.0	184.6789977	232.5856935	273.0379499	296.9090413	314.9121569	334.5165557	4.6789977	52.5856935	93.0379499	116.9090413	134.9121569	154.5165557	184.6789977	116.9090413	40.8844564	211.6329465
campanus	143.300	66.5607	23.4393	0.0	208.6782757	256.5859349	297.0383719	320.9090413	338.9117498	358.5158174	28.6782757	76.5859349	117.0383719	140.9090413	158.9117498	178.5158174	208.6782757	140.9090413	64.8839732	235.6329465
campanus	143.300	66.5607	23.4393	24.0	184.6782757	232.5859349	273.0383719	296.9090413	314.9117498	334.5158174	4.6782757	52.5859349	93.0383719	116.9090413	134.9117498	154.5158174	184.6782757	116.9090413	40.8839732	211.6329465
campanus	143.300	66.5617	23.4393	0.0	208.6775536	256.5861763	297.0387939	320.9090413	338.9113426	358.5150791	28.6775536	76.5861763	117.0387939	140.9090413	158.9113426	178.5150791	208.6775536	140.9090413	64.8834900	235.6329465
campanus	143.300	66.5617	23.4393	24.0	184.6775536	232.5861763	273.0387939	296.9090413	314.9113426	334.5150791	4.6775536	52.5861763	93.0387939	116.9090413	134.9113426	154.5150791	184.6775536	116.9090413	40.8834900	211.6329465
campanus	143.300	70.0000	23.4393	0.0	206.0369790	257.5593622	298.5637213	320.9090413	337.4832678	355.8921270	26.0369790	77.5593622	118.5637213	140.9090413	157.4832678	175.8921270	206.0369790	140.9090413	63.2840281	235.6329465
campanus	143.300	70.0000	23.4393	24.0	182.0369790	233.5593622	274.5637213	296.9090413	313.4832678	331.8921270	2.0369790	53.5593622	94.5637213	116.9090413	133.4832678	151.8921270	182.0369790	116.9090413	39.2840281	211.6329465
campanus	143.300	89.9990	23.4393	0.0	180.0020156	274.4610890	310.2510329	320.9090413	328.2377482	337.2426191	0.0020156	94.4610890	130.2510329	140.9090413	148.2377482	157.2426191	180.0020156	140.9090413	55.6332845	235.6329465
campanus	143.300	89.9990	23.4393	24.0	156.0020156	250.4610890	286.2510329	296.9090413	304.2377482	313.2426191	336.0020156	70.4610890	106.2510329	116.9090413	124.2377482	133.2426191	156.0020156	116.9090413	31.6332845	211.6329465
campanus	143.300	90.0000	23.4393	0.0	refused	refused	refused	refused	refused	refused	refused	refused	refused	refused	refused	refused	refused	refused	refused	refused
campanus	143.300	90.0000	23.4393	24.0	refused	refused	refused	refused	refused	refused	refused	refused	refused	refused	refused	refused	refused	refused	refused	refused
campanus	200.000	-89.9990	23.4393	0.0	359.9976377	12.4335906	17.3932061	21.6385041	28.4030115	63.1479853	179.9976377	192.4335906	197.3932061	201.6385041	208.4030115	243.1479853	359.9976377	201.6385041	108.4656467	288.4660276
campanus	200.000	-89.9990	23.4393	24.0	335.9976377	348.4335906	353.3932061	357.6385041	4.4030115	39.1479853	155.9976377	168.4335906	173.3932061	177.6385041	184.4030115	219.1479853	335.9976377	177.6385041	84.4656467	264.4660276
campanus	200.000	-80.0000	23.4393	0.0	339.9134840	2.0803035	12.4786116	21.6385041	35.8145802	81.8670238	159.9134840	182.0803035	192.4786116	201.6385041	215.8145802	261.8670238	339.9134840	201.6385041	104.5364229	288.4660276
campanus	200.000	-80.0000	23.4393	24.0	315.9134840	338.0803035	348.4786116	357.6385041	11.8145802	57.8670238	135.9134840	158.0803035	168.4786116	177.6385041	191.8145802	237.8670238	315.9134840	177.6385041	80.5364229	264.4660276
campanus	200.000	-66.5617	23.4393	0.0	322.6506922	349.8774517	6.2911745	21.6385041	43.9137473	89.1986027	142.6506922	169.8774517	186.2911745	201.6385041	223.9137473	269.1986027	322.6506922	201.6385041	98.5542613	288.4660276
campanus	200.000	-66.5617	23.4393	24.0	298.6506922	325.8774517	342.2911745	357.6385041	19.9137473	65.1986027	118.6506922	145.8774517	162.2911745	177.6385041	199.9137473	245.1986027	298.6506922	177.6385041	74.5542613	264.4660276
campanus	200.000	-66.5597	23.4393	0.0	322.6487228	349.8758050	6.2903011	21.6385041	43.9147681	89.1990989	142.6487228	169.8758050	186.2903011	201.6385041	223.9147681	269.1990989	322.6487228	201.6385041	98.5532778	288.4660276
campanus	200.000	-66.5597	23.4393	24.0	298.6487228	325.8758050	342.2903011	357.6385041	19.9147681	65.1990989	118.6487228	145.8758050	162.2903011	177.6385041	199.9147681	245.1990989	298.6487228	177.6385041	74.5532778	264.4660276
campanus	200.000	-60.0000	23.4393	0.0	316.8598438	344.7509536	3.5157538	21.6385041	46.9611250	90.3108774	136.8598438	164.7509536	183.5157538	201.6385041	226.9611250	270.3108774	316.8598438	201.6385041	95.1166445	288.4660276
campanus	200.000	-60.0000	23.4393	24.0	292.8598438	320.7509536	339.5157538	357.6385041	22.9611250	66.3108774	112.8598438	140.7509536	159.5157538	177.6385041	202.9611250	246.3108774	292.8598438	177.6385041	71.1166445	264.4660276
campanus	200.000	-30.0000	23.4393	0.0	300.0421617	327.5257564	353.5679965	21.6385041	53.9737502	88.4639237	120.0421617	147.5257564	173.5679965	201.6385041	233.9737502	268.4639237	300.0421617	201.6385041	68.2355982	288.4660276
campanus	200.000	-30.0000	23.4393	24.0	276.0421617	303.5257564	329.5679965	357.6385041	29.9737502	64.4639237	96.0421617	123.5257564	149.5679965	177.6385041	209.9737502	244.4639237	276.0421617	177.6385041	44.2355982	264.4660276
campanus	200.000	0.5000	23.4393	0.0	288.2753932	317.4335865	349.1017992	21.6385041	52.3264635	80.6392571	108.2753932	137.4335865	169.1017992	201.6385041	232.3264635	260.6392571	288.2753932	201.6385041	178.8270310	288.4660276
campanus	200.000	0.5000	23.4393	24.0	264.2753932	293.4335865	325.1017992	357.6385041	28.3264635	56.6392571	84.2753932	113.4335865	145.1017992	177.6385041	208.3264635	236.6392571	264.2753932	177.6385041	154.8270310	264.4660276
campanus	200.000	17.3000	23.4393	0.0	281.4250878	314.1423387	349.6848090	21.6385041	48.6273369	73.8759853	101.4250878	134.1423387	169.6848090	201.6385041	228.6273369	253.8759853	281.4250878	201.6385041	149.4312502	288.4660276
campanus	200.000	17.3000	23.4393	24.0	257.4250878	290.1423387	325.6848090	357.6385041	24.6273369	49.8759853	77.4250878	110.1423387	145.6848090	177.6385041	204.6273369	229.8759853	257.4250878	177.6385041	125.4312502	264.4660276
campanus	200.000	40.0000	23.4393	0.0	268.7821000	312.7248893	355.0714481	21.6385041	41.0182232	60.7810337	88.7821000	132.7248893	175.0714481	201.6385041	221.0182232	240.7810337	268.7821000	201.6385041	129.9768823	288.4660276
campanus	200.000	40.0000	23.4393	24.0	244.7821000	288.7248893	331.0714481	357.6385041	17.0182232	36.7810337	64.7821000	108.7248893	151.0714481	177.6385041	197.0182232	216.7810337	244.7821000	177.6385041	105.9768823	264.4660276
campanus	200.000	47.6000	23.4393	0.0	262.6132136	313.6176376	358.3260049	21.6385041	37.8907106	55.0942238	82.6132136	133.6176376	178.3260049	201.6385041	217.8907106	235.0942238	262.6132136	201.6385041	125.7715209	288.4660276
campanus	200.000	47.6000	23.4393	24.0	238.6132136	289.6176376	334.3260049	357.6385041	13.8907106	31.0942238	58.6132136	109.6176376	154.3260049	177.6385041	193.8907106	211.0942238	238.6132136	177.6385041	101.7715209	264.4660276
campanus	200.000	60.0000	23.4393	0.0	248.2355982	318.7120838	5.3619284	21.6385041	32.2911552	44.2359951	68.2355982	138.7120838	185.3619284	201.6385041	212.2911552	224.2359951	248.2355982	201.6385041	120.0421617	288.4660276
campanus	200.000	60.0000	23.4393	24.0	224.2355982	294.7120838	341.3619284	357.6385041	8.2911552	20.2359951	44.2355982	114.7120838	161.3619284	177.6385041	188.2911552	200.2359951	224.2355982	177.6385041	96.0421617	264.4660276
campanus	200.000	66.5597	23.4393	0.0	237.2840765	325.6107516	9.8946974	21.6385041	29.1351668	37.7468626	57.2840765	145.6107516	189.8946974	201.6385041	209.1351668	217.7468626	237.2840765	201.6385041	117.3602317	288.4660276
campanus	200.000	66.5597	23.4393	24.0	213.2840765	301.6107516	345.8946974	357.6385041	5.1351668	13.7468626	33.2840765	121.6107516	165.8946974	177.6385041	185.1351668	193.7468626	213.2840765	177.6385041	93.3602317	264.4660276
campanus	200.000	66.5607	23.4393	0.0	237.2821828	325.6122234	9.8954253	21.6385041	29.1346778	37.7458394	57.2821828	145.6122234	189.8954253	201.6385041	209.1346778	217.7458394	237.2821828	201.6385041	117.3598350	288.4660276
campanus	200.000	66.5607	23.4393	24.0	213.2821828	301.6122234	345.8954253	357.6385041	5.1346778	13.7458394	33.2821828	121.6122234	165.8954253	177.6385041	185.1346778	193.7458394	213.2821828	177.6385041	93.3598350	264.4660276
campanus	200.000	66.5617	23.4393	0.0	237.2802890	325.6136954	9.8961532	21.6385041	29.1341889	37.7448162	57.2802890	145.6136954	189.8961532	201.6385041	209.1341889	217.7448162	237.2802890	201.6385041	117.3594383	288.4660276
campanus	200.000	66.5617	23.4393	24.0	213.2802890	301.6136954	345.8961532	357.6385041	5.1341889	13.7448162	33.2802890	121.6136954	165.8961532	177.6385041	185.1341889	193.7448162	213.2802890	177.6385041	93.3594383	264.4660276
campanus	200.000	70.0000	23.4393	0.0	230.3383184	331.8179849	12.4564427	21.6385041	27.4415808	34.1739085	50.3383184	151.8179849	192.4564427	201.6385041	207.4415808	214.1739085	230.3383184	201.6385041	116.0126922	288.4660276
campanus	200.000	70.0000	23.4393	24.0	206.3383184	307.8179849	348.4564427	357.6385041	3.4415808	10.1739085	26.3383184	127.8179849	168.4564427	177.6385041	183.4415808	190.1739085	206.3383184	177.6385041	92.0126922	264.4660276
campanus	200.000	89.9990	23.4393	0.0	0.0023624	243.1416199	208.4014444	201.6385041	197.3942058	192.4357393	180.0023624	63.1416199	28.4014444	21.6385041	17.3942058	12.4357393	0.0023624	201.6385041	108.4664084	288.4660276
campanus	200.000	89.9990	23.4393	24.0	336.0023624	219.1416199	184.4014444	177.6385041	173.3942058	168.4357393	156.0023624	39.1416199	4.4014444	357.6385041	353.3942058	348.4357393	336.0023624	177.6385041	84.4664084	264.4660276
campanus	200.000	90.0000	23.4393	0.0	refused	refused	refused	refused	refused	refused	refused	refused	refused	refused	refused	refused	refused	refused	refused	refused
campanus	200.000	90.0000	23.4393	24.0	refused	refused	refused	refused	refused	refused	refused	refused	refused	refused	refused	refused	refused	refused	refused	refused
campanus	280.457	-89.9990	23.4393	0.0	0.0004563	62.0183702	86.3259941	99.6109051	111.9434529	131.0223656	180.0004563	242.0183702	266.3259941	279.6109051	291.9434529	311.0223656	0.0004563	279.6109051	191.3740424	11.3739572
campanus	280.457	-89.9990	23.4393	24.0	336.0004563	38.0183702	62.3259941	75.6109051	87.9434529	107.0223656	156.0004563	218.0183702	242.3259941	255.6109051	267.9434529	287.0223656	336.0004563	255.6109051	167.3740424	347.3739572
campanus	280.457	-80.0000	23.4393	0.0	3.2891453	52.9586766	81.4768343	99.6109051	116.5909822	140.2405597	183.2891453	232.9586766	261.4768343	279.6109051	296.5909822	320.2405597	3.2891453	279.6109051	192.3045559	11.3739572
campanus	280.457	-80.0000	23.4393	24.0	339.2891453	28.9586766	57.4768343	75.6109051	92.5909822	116.2405597	159.2891453	208.9586766	237.4768343	255.6109051	272.5909822	296.2405597	339.2891453	255.6109051	168.3045559	347.3739572
campanus	280.457	-66.5617	23.4393	0.0	5.6956473	45.5541532	76.2209188	99.6109051	121.8237677	148.8524708	185.6956473	225.5541532	256.2209188	279.6109051	301.8237677	328.8524708	5.6956473	279.6109051	193.9659455	11.3739572
campanus	280.457	-66.5617	23.4393	24.0	341.6956473	21.5541532	52.2209188	75.6109051	97.8237677	124.8524708	161.6956473	201.5541532	232.2209188	255.6109051	277.8237677	304.8524708	341.6956473	255.6109051	169.9659455	347.3739572
campanus	280.457	-66.5597	23.4393	0.0	5.6959202	45.5533469	76.2202507	99.6109051	121.8244519	148.8534913	185.6959202	225.5533469	256.2202507	279.6109051	301.8244519	328.8534913	5.6959202	279.6109051	193.9662488	11.3739572
campanus	280.457	-66.5597	23.4393	24.0	341.6959202	21.5533469	52.2202507	75.6109051	97.8244519	124.8534913	161.6959202	201.5533469	232.2202507	255.6109051	277.8244519	304.8534913	341.6959202	255.6109051	169.9662488	347.3739572
campanus	280.457	-60.0000	23.4393	0.0	6.5071649	43.2724925	74.2140535	99.6109051	123.9110374	151.8568486	186.5071649	223.2724925	254.2140535	279.6109051	303.9110374	331.8568486	6.5071649	279.6109051	195.1015586	11.3739572
campanus	280.457	-60.0000	23.4393	24.0	342.5071649	19.2724925	50.2140535	75.6109051	99.9110374	127.8568486	162.5071649	199.2724925	230.2140535	255.6109051	279.9110374	307.8568486	342.5071649	255.6109051	171.1015586	347.3739572
campanus	280.457	-30.0000	23.4393	0.0	9.1096939	39.3505628	69.6018517	99.6109051	129.3710967	159.1211729	189.1096939	219.3505628	249.6018517	279.6109051	309.3710967	339.1211729	9.1096939	279.6109051	220.3980752	11.3739572
campanus	280.457	-30.0000	23.4393	24.0	345.1096939	15.3505628	45.6018517	75.6109051	105.3710967	135.1211729	165.1096939	195.3505628	225.6018517	255.6109051	285.3710967	315.1211729	345.1096939	255.6109051	196.3980752	347.3739572
campanus	280.457	0.5000	23.4393	0.0	11.4167356	43.0312036	72.0573321	99.6109051	127.9580227	158.7808564	191.4167356	223.0312036	252.0573321	279.6109051	307.9580227	338.7808564	11.4167356	279.6109051	180.2237160	11.3739572
campanus	280.457	0.5000	23.4393	24.0	347.4167356	19.0312036	48.0573321	75.6109051	103.9580227	134.7808564	167.4167356	199.0312036	228.0573321	255.6109051	283.9580227	314.7808564	347.4167356	255.6109051	156.2237160	347.3739572
campanus	280.457	17.3000	23.4393	0.0	13.1258215	48.8763021	76.3790739	99.6109051	123.9887876	154.8257237	193.1258215	228.8763021	256.3790739	279.6109051	303.9887876	334.8257237	13.1258215	279.6109051	184.7606192	11.3739572
campanus	280.457	17.3000	23.4393	24.0	349.1258215	24.8763021	52.3790739	75.6109051	99.9887876	130.8257237	169.1258215	204.8763021	232.3790739	255.6109051	279.9887876	310.8257237	349.1258215	255.6109051	160.7606192	347.3739572
campanus	280.457	40.0000	23.4393	0.0	17.7069435	64.3544146	85.4364399	99.6109051	114.8335140	141.1151371	197.7069435	244.3544146	265.4364399	279.6109051	294.8335140	321.1151371	17.7069435	279.6109051	187.5124678	11.3739572
campanus	280.457	40.0000	23.4393	24.0	353.7069435	40.3544146	61.4364399	75.6109051	90.8335140	117.1151371	173.7069435	220.3544146	241.4364399	255.6109051	270.8335140	297.1151371	353.7069435	255.6109051	163.5124678	347.3739572
campanus	280.457	47.6000	23.4393	0.0	21.2540645	72.4319422	89.1771171	99.6109051	110.8803853	132.6863176	201.2540645	252.4319422	269.1771171	279.6109051	290.8803853	312.6863176	21.2540645	279.6109051	188.1619097	11.3739572
campanus	280.457	47.6000	23.4393	24.0	357.2540645	48.4319422	65.1771171	75.6109051	86.8803853	108.6863176	177.2540645	228.4319422	245.1771171	255.6109051	266.8803853	288.6863176	357.2540645	255.6109051	164.1619097	347.3739572
campanus	280.457	60.0000	23.4393	0.0	40.3980752	89.0868465	95.7859163	99.6109051	103.7658979	113.0302919	220.3980752	269.0868465	275.7859163	279.6109051	283.7658979	293.0302919	40.3980752	279.6109051	189.1096939	11.3739572
campanus	280.457	60.0000	23.4393	24.0	16.3980752	65.0868465	71.7859163	75.6109051	79.7658979	89.0302919	196.3980752	245.0868465	251.7859163	255.6109051	259.7658979	269.0302919	16.3980752	255.6109051	165.1096939	347.3739572
campanus	280.457	66.5597	23.4393	0.0	94.7854057	99.0720646	99.4168766	99.6109051	99.8218579	100.3042096	274.7854057	279.0720646	279.4168766	279.6109051	279.8218579	280.3042096	94.7854057	279.6109051	189.5856940	11.3739572
campanus	280.457	66.5597	23.4393	24.0	70.7854057	75.0720646	75.4168766	75.6109051	75.8218579	76.3042096	250.7854057	255.0720646	255.4168766	255.6109051	255.8218579	256.3042096	70.7854057	255.6109051	165.5856940	347.3739572
campanus	280.457	66.5607	23.4393	0.0	94.7991597	99.0736075	99.4174322	99.6109051	99.8212538	100.3022244	274.7991597	279.0736075	279.4174322	279.6109051	279.8212538	280.3022244	94.7991597	279.6109051	189.5857662	11.3739572
campanus	280.457	66.5607	23.4393	24.0	70.7991597	75.0736075	75.4174322	75.6109051	75.8212538	76.3022244	250.7991597	255.0736075	255.4174322	255.6109051	255.8212538	256.3022244	70.7991597	255.6109051	165.5857662	347.3739572
campanus	280.457	66.5617	23.4393	0.0	94.8129143	99.0751505	99.4179878	99.6109051	99.8206497	100.3002392	274.8129143	279.0751505	279.4179878	279.6109051	279.8206497	280.3002392	94.8129143	279.6109051	189.5858384	11.3739572
campanus	280.457	66.5617	23.4393	24.0	70.8129143	75.0751505	75.4179878	75.6109051	75.8206497	76.3002392	250.8129143	255.0751505	255.4179878	255.6109051	255.8206497	256.3002392	70.8129143	255.6109051	165.5858384	347.3739572
campanus	280.457	70.0000	23.4393	0.0	316.4073609	284.3683256	281.3271965	279.6109051	277.7452342	273.5010093	136.4073609	104.3683256	101.3271965	99.6109051	97.7452342	93.5010093	316.4073609	279.6109051	189.8342845	11.3739572
campanus	280.457	70.0000	23.4393	24.0	292.4073609	260.3683256	257.3271965	255.6109051	253.7452342	249.5010093	112.4073609	80.3683256	77.3271965	75.6109051	73.7452342	69.5010093	292.4073609	255.6109051	165.8342845	347.3739572
campanus	280.457	89.9990	23.4393	0.0	359.9995437	311.0202399	291.9424675	279.6109051	266.3270355	242.0205840	179.9995437	131.0202399	111.9424675	99.6109051	86.3270355	62.0205840	359.9995437	279.6109051	191.3738720	11.3739572
campanus	280.457	89.9990	23.4393	24.0	335.9995437	287.0202399	267.9424675	255.6109051	242.3270355	218.0205840	155.9995437	107.0202399	87.9424675	75.6109051	62.3270355	38.0205840	335.9995437	255.6109051	167.3738720	347.3739572
campanus	280.457	90.0000	23.4393	0.0	refused	refused	refused	refused	refused	refused	refused	refused	refused	refused	refused	refused	refused	refused	refused	refused
campanus	280.457	90.0000	23.4393	24.0	refused	refused	refused	refused	refused	refused	refused	refused	refused	refused	refused	refused	refused	refused	refused	refused
campanus	333.300	-89.9990	23.4393	0.0	0.0022459	106.2143599	142.7076722	151.2692165	156.8196630	163.4157550	180.0022459	286.2143599	322.7076722	331.2692165	336.8196630	343.4157550	0.0022459	331.2692165	245.2296236	65.2292565
campanus	333.300	-89.9990	23.4393	24.0	336.0022459	82.2143599	118.7076722	127.2692165	132.8196630	139.4157550	156.0022459	262.2143599	298.7076722	307.2692165	312.8196630	319.4157550	336.0022459	307.2692165	221.2296236	41.2292565
campanus	333.300	-80.0000	23.4393	0.0	18.5119945	91.3690362	135.6968373	151.2692165	161.6898845	173.6464228	198.5119945	271.3690362	315.6968373	331.2692165	341.6898845	353.6464228	18.5119945	331.2692165	249.0464052	65.2292565
campanus	333.300	-80.0000	23.4393	24.0	354.5119945	67.3690362	111.6968373	127.2692165	137.6898845	149.6464228	174.5119945	247.3690362	291.6968373	307.2692165	317.6898845	329.6464228	354.5119945	307.2692165	225.0464052	41.2292565
campanus	333.300	-66.5617	23.4393	0.0	33.8941933	84.8225545	128.1594029	151.2692165	167.7553295	185.4681285	213.8941933	264.8225545	308.1594029	331.2692165	347.7553295	5.4681285	33.8941933	331.2692165	254.9751963	65.2292565
campanus	333.300	-66.5617	23.4393	24.0	9.8941933	60.8225545	104.1594029	127.2692165	143.7553295	161.4681285	189.8941933	240.8225545	284.1594029	307.2692165	323.7553295	341.4681285	9.8941933	307.2692165	230.9751963	41.2292565
campanus	333.300	-66.5597	23.4393	0.0	33.8959436	84.8220843	128.1584604	151.2692165	167.7561797	185.4697078	213.8959436	264.8220843	308.1584604	331.2692165	347.7561797	5.4697078	33.8959436	331.2692165	254.9761831	65.2292565
campanus	333.300	-66.5597	23.4393	24.0	9.8959436	60.8220843	104.1584604	127.2692165	143.7561797	161.4697078	189.8959436	240.8220843	284.1584604	307.2692165	323.7561797	341.4697078	9.8959436	307.2692165	230.9761831	41.2292565
campanus	333.300	-60.0000	23.4393	0.0	39.0510900	83.7460430	125.3552578	151.2692165	170.4478191	190.3654985	219.0510900	263.7460430	305.3552578	331.2692165	350.4478191	10.3654985	39.0510900	331.2692165	258.4490906	65.2292565
campanus	333.300	-60.0000	23.4393	24.0	15.0510900	59.7460430	101.3552578	127.2692165	146.4478191	166.3654985	195.0510900	239.7460430	281.3552578	307.2692165	326.4478191	346.3654985	15.0510900	307.2692165	234.4490906	41.2292565
campanus	333.300	-30.0000	23.4393	0.0	54.3022646	85.4246110	119.0996530	151.2692165	179.8677216	206.5518787	234.3022646	265.4246110	299.0996530	331.2692165	359.8677216	26.5518787	54.3022646	331.2692165	287.2107540	65.2292565
campanus	333.300	-30.0000	23.4393	24.0	30.3022646	61.4246110	95.0996530	127.2692165	155.8677216	182.5518787	210.3022646	241.4246110	275.0996530	307.2692165	335.8677216	2.5518787	30.3022646	307.2692165	263.2107540	41.2292565
campanus	333.300	0.5000	23.4393	0.0	65.4130769	93.2011093	121.1643444	151.2692165	183.6018321	215.7066343	245.4130769	273.2011093	301.1643444	331.2692165	3.6018321	35.7066343	65.4130769	331.2692165	181.1127773	65.2292565
campanus	333.300	0.5000	23.4393	24.0	41.4130769	69.2011093	97.1643444	127.2692165	159.6018321	191.7066343	221.4130769	249.2011093	277.1643444	307.2692165	339.6018321	11.7066343	41.4130769	307.2692165	157.1127773	41.2292565
campanus	333.300	17.3000	23.4393	0.0	72.1117805	100.0889880	125.0517611	151.2692165	182.5238900	218.4124069	252.1117805	280.0889880	305.0517611	331.2692165	2.5238900	38.4124069	72.1117805	331.2692165	207.8709169	65.2292565
campanus	333.300	17.3000	23.4393	24.0	48.1117805	76.0889880	101.0517611	127.2692165	158.5238900	194.4124069	228.1117805	256.0889880	281.0517611	307.2692165	338.5238900	14.4124069	48.1117805	307.2692165	183.8709169	41.2292565
campanus	333.300	40.0000	23.4393	0.0	84.9804329	113.6403159	132.9090974	151.2692165	176.3698909	218.5469000	264.9804329	293.6403159	312.9090974	331.2692165	356.3698909	38.5469000	84.9804329	331.2692165	225.2278332	65.2292565
campanus	333.300	40.0000	23.4393	24.0	60.9804329	89.6403159	108.9090974	127.2692165	152.3698909	194.5469000	240.9804329	269.6403159	288.9090974	307.2692165	332.3698909	14.5469000	60.9804329	307.2692165	201.2278332	41.2292565
campanus	333.300	47.6000	23.4393	0.0	91.4990950	119.5703970	136.1147790	151.2692165	172.8608559	216.8612333	271.4990950	299.5703970	316.1147790	331.2692165	352.8608559	36.8612333	91.4990950	331.2692165	229.0414226	65.2292565
campanus	333.300	47.6000	23.4393	24.0	67.4990950	95.5703970	112.1147790	127.2692165	148.8608559	192.8612333	247.4990950	275.5703970	292.1147790	307.2692165	328.8608559	12.8612333	67.4990950	307.2692165	205.0414226	41.2292565
campanus	333.300	60.0000	23.4393	0.0	107.2107540	130.8975648	141.8256773	151.2692165	165.4921604	209.2160459	287.2107540	310.8975648	321.8256773	331.2692165	345.4921604	29.2160459	107.2107540	331.2692165	234.3022646	65.2292565
campanus	333.300	60.0000	23.4393	24.0	83.2107540	106.8975648	117.8256773	127.2692165	141.4921604	185.2160459	263.2107540	286.8975648	297.8256773	307.2692165	321.4921604	5.2160459	83.2107540	307.2692165	210.3022646	41.2292565
campanus	333.300	66.5597	23.4393	0.0	119.4878926	137.6384173	145.0276655	151.2692165	160.8644066	199.4156976	299.4878926	317.6384173	325.0276655	331.2692165	340.8644066	19.4156976	119.4878926	331.2692165	236.7954143	65.2292565
campanus	333.300	66.5597	23.4393	24.0	95.4878926	113.6384173	121.0276655	127.2692165	136.8644066	175.4156976	275.4878926	293.6384173	301.0276655	307.2692165	316.8644066	355.4156976	95.4878926	307.2692165	212.7954143	41.2292565
campanus	333.300	66.5607	23.4393	0.0	119.4900247	137.6394773	145.0281606	151.2692165	160.8636700	199.4136374	299.4900247	317.6394773	325.0281606	331.2692165	340.8636700	19.4136374	119.4900247	331.2692165	236.7957846	65.2292565
campanus	333.300	66.5607	23.4393	24.0	95.4900247	113.6394773	121.0281606	127.2692165	136.8636700	175.4136374	275.4900247	293.6394773	301.0281606	307.2692165	316.8636700	355.4136374	95.4900247	307.2692165	212.7957846	41.2292565
campanus	333.300	66.5617	23.4393	0.0	119.4921568	137.6405372	145.0286557	151.2692165	160.8629334	199.4115770	299.4921568	317.6405372	325.0286557	331.2692165	340.8629334	19.4115770	119.4921568	331.2692165	236.7961550	65.2292565
campanus	333.300	66.5617	23.4393	24.0	95.4921568	113.6405372	121.0286557	127.2692165	136.8629334	175.4115770	275.4921568	293.6405372	301.0286557	307.2692165	316.8629334	355.4115770	95.4921568	307.2692165	212.7961550	41.2292565
campanus	333.300	70.0000	23.4393	0.0	127.3030611	141.3327847	146.7406431	151.2692165	158.2844548	190.8624137	307.3030611	321.3327847	326.7406431	331.2692165	338.2844548	10.8624137	127.3030611	331.2692165	238.0562699	65.2292565
campanus	333.300	70.0000	23.4393	24.0	103.3030611	117.3327847	122.7406431	127.2692165	134.2844548	166.8624137	283.3030611	297.3327847	302.7406431	307.2692165	314.2844548	346.8624137	103.3030611	307.2692165	214.0562699	41.2292565
campanus	333.300	89.9990	23.4393	0.0	359.9977541	343.4136119	336.8186680	331.2692165	322.7091677	286.2191373	179.9977541	163.4136119	156.8186680	151.2692165	142.7091677	106.2191373	359.9977541	331.2692165	245.2288894	65.2292565
campanus	333.300	89.9990	23.4393	24.0	335.9977541	319.4136119	312.8186680	307.2692165	298.7091677	262.2191373	155.9977541	139.4136119	132.8186680	127.2692165	118.7091677	82.2191373	335.9977541	307.2692165	221.2288894	41.2292565
campanus	333.300	90.0000	23.4393	0.0	refused	refused	refused	refused	refused	refused	refused	refused	refused	refused	refused	refused	refused	refused	refused	refused
campanus	333.300	90.0000	23.4393	24.0	refused	refused	refused	refused	refused	refused	refused	refused	refused	refused	refused	refused	refused	refused	refused	refused
equal	0.000	-89.9990	23.4393	0.0	0.0025140	30.0025140	60.0025140	90.0025140	120.0025140	150.0025140	180.0025140	210.0025140	240.0025140	270.0025140	300.0025140	330.0025140	0.0025140	0.0000000	270.0003978	90.0000000
equal	0.000	-89.9990	23.4393	24.0	336.0025140	6.0025140	36.0025140	66.0025140	96.0025140	126.0025140	156.0025140	186.0025140	216.0025140	246.0025140	276.0025140	306.0025140	336.0025140	336.0000000	246.0003978	66.0000000
equal	0.000	-80.0000	23.4393	0.0	23.9067834	53.9067834	83.9067834	113.9067834	143.9067834	173.9067834	203.9067834	233.9067834	263.9067834	293.9067834	323.9067834	353.9067834	23.9067834	0.0000000	274.0120907	90.0000000
equal	0.000	-80.0000	23.4393	24.0	359.9067834	29.9067834	59.9067834	89.9067834	119.9067834	149.9067834	179.9067834	209.9067834	239.9067834	269.9067834	299.9067834	329.9067834	359.9067834	336.0000000	250.0120907	66.0000000
equal	0.000	-66.5617	23.4393	0.0	47.4628134	77.4628134	107.4628134	137.4628134	167.4628134	197.4628134	227.4628134	257.4628134	287.4628134	317.4628134	347.4628134	17.4628134	47.4628134	0.0000000	279.7843877	90.0000000
equal	0.000	-66.5617	23.4393	24.0	23.4628134	53.4628134	83.4628134	113.4628134	143.4628134	173.4628134	203.4628134	233.4628134	263.4628134	293.4628134	323.4628134	353.4628134	23.4628134	336.0000000	255.7843877	66.0000000
equal	0.000	-66.5597	23.4393	0.0	47.4655433	77.4655433	107.4655433	137.4655433	167.4655433	197.4655433	227.4655433	257.4655433	287.4655433	317.4655433	347.4655433	17.4655433	47.4655433	0.0000000	279.7853055	90.0000000
equal	0.000	-66.5597	23.4393	24.0	23.4655433	53.4655433	83.4655433	113.4655433	143.4655433	173.4655433	203.4655433	233.4655433	263.4655433	293.4655433	323.4655433	353.4655433	23.4655433	336.0000000	255.7853055	66.0000000
equal	0.000	-60.0000	23.4393	0.0	55.4343048	85.4343048	115.4343048	145.4343048	175.4343048	205.4343048	235.4343048	265.4343048	295.4343048	325.4343048	355.4343048	25.4343048	55.4343048	0.0000000	282.9340888	90.0000000
equal	0.000	-60.0000	23.4393	24.0	31.4343048	61.4343048	91.4343048	121.4343048	151.4343048	181.4343048	211.4343048	241.4343048	271.4343048	301.4343048	331.4343048	1.4343048	31.4343048	336.0000000	258.9340888	66.0000000
equal	0.000	-30.0000	23.4393	0.0	77.0659112	107.0659112	137.0659112	167.0659112	197.0659112	227.0659112	257.0659112	287.0659112	317.0659112	347.0659112	17.0659112	47.0659112	77.0659112	0.0000000	304.5656952	90.0000000
equal	0.000	-30.0000	23.4393	24.0	53.0659112	83.0659112	113.0659112	143.0659112	173.0659112	203.0659112	233.0659112	263.0659112	293.0659112	323.0659112	353.0659112	23.0659112	53.0659112	336.0000000	280.5656952	66.0000000
equal	0.000	0.5000	23.4393	0.0	90.1988929	120.1988929	150.1988929	180.1988929	210.1988929	240.1988929	270.1988929	300.1988929	330.1988929	0.1988929	30.1988929	60.1988929	90.1988929	0.0000000	181.2568150	90.0000000
equal	0.000	0.5000	23.4393	24.0	66.1988929	96.1988929	126.1988929	156.1988929	186.1988929	216.1988929	246.1988929	276.1988929	306.1988929	336.1988929	6.1988929	36.1988929	66.1988929	336.0000000	157.2568150	66.0000000
equal	0.000	17.3000	23.4393	0.0	97.0626042	127.0626042	157.0626042	187.0626042	217.0626042	247.0626042	277.0626042	307.0626042	337.0626042	7.0626042	37.0626042	67.0626042	97.0626042	0.0000000	218.0614522	90.0000000
equal	0.000	17.3000	23.4393	24.0	73.0626042	103.0626042	133.0626042	163.0626042	193.0626042	223.0626042	253.0626042	283.0626042	313.0626042	343.0626042	13.0626042	43.0626042	73.0626042	336.0000000	194.0614522	66.0000000
equal	0.000	40.0000	23.4393	0.0	108.4577098	138.4577098	168.4577098	198.4577098	228.4577098	258.4577098	288.4577098	318.4577098	348.4577098	18.4577098	48.4577098	78.4577098	108.4577098	0.0000000	244.6365910	90.0000000
equal	0.000	40.0000	23.4393	24.0	84.4577098	114.4577098	144.4577098	174.4577098	204.4577098	234.4577098	264.4577098	294.4577098	324.4577098	354.4577098	24.4577098	54.4577098	84.4577098	336.0000000	220.6365910	66.0000000
equal	0.000	47.6000	23.4393	0.0	113.5389876	143.5389876	173.5389876	203.5389876	233.5389876	263.5389876	293.5389876	323.5389876	353.5389876	23.5389876	53.5389876	83.5389876	113.5389876	0.0000000	250.0379364	90.0000000
equal	0.000	47.6000	23.4393	24.0	89.5389876	119.5389876	149.5389876	179.5389876	209.5389876	239.5389876	269.5389876	299.5389876	329.5389876	359.5389876	29.5389876	59.5389876	89.5389876	336.0000000	226.0379364	66.0000000
equal	0.000	60.0000	23.4393	0.0	124.5656952	154.5656952	184.5656952	214.5656952	244.5656952	274.5656952	304.5656952	334.5656952	4.5656952	34.5656952	64.5656952	94.5656952	124.5656952	0.0000000	257.0659112	90.0000000
equal	0.000	60.0000	23.4393	24.0	100.5656952	130.5656952	160.5656952	190.5656952	220.5656952	250.5656952	280.5656952	310.5656952	340.5656952	10.5656952	40.5656952	70.5656952	100.5656952	336.0000000	233.0659112	66.0000000
equal	0.000	66.5597	23.4393	0.0	132.5344567	162.5344567	192.5344567	222.5344567	252.5344567	282.5344567	312.5344567	342.5344567	12.5344567	42.5344567	72.5344567	102.5344567	132.5344567	0.0000000	260.2146945	90.0000000
equal	0.000	66.5597	23.4393	24.0	108.5344567	138.5344567	168.5344567	198.5344567	228.5344567	258.5344567	288.5344567	318.5344567	348.5344567	18.5344567	48.5344567	78.5344567	108.5344567	336.0000000	236.2146945	66.0000000
equal	0.000	66.5607	23.4393	0.0	132.5358216	162.5358216	192.5358216	222.5358216	252.5358216	282.5358216	312.5358216	342.5358216	12.5358216	42.5358216	72.5358216	102.5358216	132.5358216	0.0000000	260.2151534	90.0000000
equal	0.000	66.5607	23.4393	24.0	108.5358216	138.5358216	168.5358216	198.5358216	228.5358216	258.5358216	288.5358216	318.5358216	348.5358216	18.5358216	48.5358216	78.5358216	108.5358216	336.0000000	236.2151534	66.0000000
equal	0.000	66.5617	23.4393	0.0	132.5371866	162.5371866	192.5371866	222.5371866	252.5371866	282.5371866	312.5371866	342.5371866	12.5371866	42.5371866	72.5371866	102.5371866	132.5371866	0.0000000	260.2156123	90.0000000
equal	0.000	66.5617	23.4393	24.0	108.5371866	138.5371866	168.5371866	198.5371866	228.5371866	258.5371866	288.5371866	318.5371866	348.5371866	18.5371866	48.5371866	78.5371866	108.5371866	336.0000000	236.2156123	66.0000000
equal	0.000	70.0000	23.4393	0.0	137.5411724	167.5411724	197.5411724	227.5411724	257.5411724	287.5411724	317.5411724	347.5411724	17.5411724	47.5411724	77.5411724	107.5411724	137.5411724	0.0000000	261.7620094	90.0000000
equal	0.000	70.0000	23.4393	24.0	113.5411724	143.5411724	173.5411724	203.5411724	233.5411724	263.5411724	293.5411724	323.5411724	353.5411724	23.5411724	53.5411724	83.5411724	113.5411724	336.0000000	237.7620094	66.0000000
equal	0.000	89.9990	23.4393	0.0	179.9974860	209.9974860	239.9974860	269.9974860	299.9974860	329.9974860	359.9974860	29.9974860	59.9974860	89.9974860	119.9974860	149.9974860	179.9974860	0.0000000	269.9996022	90.0000000
equal	0.000	89.9990	23.4393	24.0	155.9974860	185.9974860	215.9974860	245.9974860	275.9974860	305.9974860	335.9974860	5.9974860	35.9974860	65.9974860	95.9974860	125.9974860	155.9974860	336.0000000	245.9996022	66.0000000
equal	0.000	90.0000	23.4393	0.0	refused	refused	refused	refused	refused	refused	refused	refused	refused	refused	refused	refused	refused	refused	refused	refused
equal	0.000	90.0000	23.4393	24.0	refused	refused	refused	refused	refused	refused	refused	refused	refused	refused	refused	refused	refused	refused	refused	refused
equal	77.100	-89.9990	23.4393	0.0	180.0005613	210.0005613	240.0005613	270.0005613	300.0005613	330.0005613	0.0005613	30.0005613	60.0005613	90.0005613	120.0005613	150.0005613	180.0005613	78.1330088	345.9838421	165.9837376
equal	77.100	-89.9990	23.4393	24.0	156.0005613	186.0005613	216.0005613	246.0005613	276.0005613	306.0005613	336.0005613	6.0005613	36.0005613	66.0005613	96.0005613	126.0005613	156.0005613	54.1330088	321.9838421	141.9837376
equal	77.100	-80.0000	23.4393	0.0	189.3115820	219.3115820	249.3115820	279.3115820	309.3115820	339.3115820	9.3115820	39.3115820	69.3115820	99.3115820	129.3115820	159.3115820	189.3115820	78.1330088	346.9669598	165.9837376
equal	77.100	-80.0000	23.4393	24.0	165.3115820	195.3115820	225.3115820	255.3115820	285.3115820	315.3115820	345.3115820	15.3115820	45.3115820	75.3115820	105.3115820	135.3115820	165.3115820	54.1330088	322.9669598	141.9837376
equal	77.100	-66.5617	23.4393	0.0	84.0671498	114.0671498	144.0671498	174.0671498	204.0671498	234.0671498	264.0671498	294.0671498	324.0671498	354.0671498	24.0671498	54.0671498	84.0671498	78.1330088	348.1799742	165.9837376
equal	77.100	-66.5617	23.4393	24.0	60.0671498	90.0671498	120.0671498	150.0671498	180.0671498	210.0671498	240.0671498	270.0671498	300.0671498	330.0671498	0.0671498	30.0671498	60.0671498	54.1330088	324.1799742	141.9837376
equal	77.100	-66.5597	23.4393	0.0	84.0894317	114.0894317	144.0894317	174.0894317	204.0894317	234.0894317	264.0894317	294.0894317	324.0894317	354.0894317	24.0894317	54.0894317	84.0894317	78.1330088	348.1801518	165.9837376
equal	77.100	-66.5597	23.4393	24.0	60.0894317	90.0894317	120.0894317	150.0894317	180.0894317	210.0894317	240.0894317	270.0894317	300.0894317	330.0894317	0.0894317	30.0894317	60.0894317	54.1330088	324.1801518	141.9837376
equal	77.100	-60.0000	23.4393	0.0	132.6092259	162.6092259	192.6092259	222.6092259	252.6092259	282.6092259	312.6092259	342.6092259	12.6092259	42.6092259	72.6092259	102.6092259	132.6092259	78.1330088	348.7658854	165.9837376
equal	77.100	-60.0000	23.4393	24.0	108.6092259	138.6092259	168.6092259	198.6092259	228.6092259	258.6092259	288.6092259	318.6092259	348.6092259	18.6092259	48.6092259	78.6092259	108.6092259	54.1330088	324.7658854	141.9837376
equal	77.100	-30.0000	23.4393	0.0	161.4337456	191.4337456	221.4337456	251.4337456	281.4337456	311.4337456	341.4337456	11.4337456	41.4337456	71.4337456	101.4337456	131.4337456	161.4337456	78.1330088	351.9740138	165.9837376
equal	77.100	-30.0000	23.4393	24.0	137.4337456	167.4337456	197.4337456	227.4337456	257.4337456	287.4337456	317.4337456	347.4337456	17.4337456	47.4337456	77.4337456	107.4337456	137.4337456	54.1330088	327.9740138	141.9837376
equal	77.100	0.5000	23.4393	0.0	166.0358071	196.0358071	226.0358071	256.0358071	286.0358071	316.0358071	346.0358071	16.0358071	46.0358071	76.0358071	106.0358071	136.0358071	166.0358071	78.1330088	0.2862431	165.9837376
equal	77.100	0.5000	23.4393	24.0	142.0358071	172.0358071	202.0358071	232.0358071	262.0358071	292.0358071	322.0358071	352.0358071	22.0358071	52.0358071	82.0358071	112.0358071	142.0358071	54.1330088	336.2862431	141.9837376
equal	77.100	17.3000	23.4393	0.0	167.6332833	197.6332833	227.6332833	257.6332833	287.6332833	317.6332833	347.6332833	17.6332833	47.6332833	77.6332833	107.6332833	137.6332833	167.6332833	78.1330088	30.2515161	165.9837376
equal	77.100	17.3000	23.4393	24.0	143.6332833	173.6332833	203.6332833	233.6332833	263.6332833	293.6332833	323.6332833	353.6332833	23.6332833	53.6332833	83.6332833	113.6332833	143.6332833	54.1330088	6.2515161	141.9837376
equal	77.100	40.0000	23.4393	0.0	169.6970010	199.6970010	229.6970010	259.6970010	289.6970010	319.6970010	349.6970010	19.6970010	49.6970010	79.6970010	109.6970010	139.6970010	169.6970010	78.1330088	332.0226615	165.9837376
equal	77.100	40.0000	23.4393	24.0	145.6970010	175.6970010	205.6970010	235.6970010	265.6970010	295.6970010	325.6970010	355.6970010	25.6970010	55.6970010	85.6970010	115.6970010	145.6970010	54.1330088	308.0226615	141.9837376
equal	77.100	47.6000	23.4393	0.0	170.4709513	200.4709513	230.4709513	260.4709513	290.4709513	320.4709513	350.4709513	20.4709513	50.4709513	80.4709513	110.4709513	140.4709513	170.4709513	78.1330088	337.2005482	165.9837376
equal	77.100	47.6000	23.4393	24.0	146.4709513	176.4709513	206.4709513	236.4709513	266.4709513	296.4709513	326.4709513	356.4709513	26.4709513	56.4709513	86.4709513	116.4709513	146.4709513	54.1330088	313.2005482	141.9837376
equal	77.100	60.0000	23.4393	0.0	171.9740138	201.9740138	231.9740138	261.9740138	291.9740138	321.9740138	351.9740138	21.9740138	51.9740138	81.9740138	111.9740138	141.9740138	171.9740138	78.1330088	341.4337456	165.9837376
equal	77.100	60.0000	23.4393	24.0	147.9740138	177.9740138	207.9740138	237.9740138	267.9740138	297.9740138	327.9740138	357.9740138	27.9740138	57.9740138	87.9740138	117.9740138	147.9740138	54.1330088	317.4337456	141.9837376
equal	77.100	66.5597	23.4393	0.0	172.9752810	202.9752810	232.9752810	262.9752810	292.9752810	322.9752810	352.9752810	22.9752810	52.9752810	82.9752810	112.9752810	142.9752810	172.9752810	78.1330088	342.8146954	165.9837376
equal	77.100	66.5597	23.4393	24.0	148.9752810	178.9752810	208.9752810	238.9752810	268.9752810	298.9752810	328.9752810	358.9752810	28.9752810	58.9752810	88.9752810	118.9752810	148.9752810	54.1330088	318.8146954	141.9837376
equal	77.100	66.5607	23.4393	0.0	172.9754494	202.9754494	232.9754494	262.9754494	292.9754494	322.9754494	352.9754494	22.9754494	52.9754494	82.9754494	112.9754494	142.9754494	172.9754494	78.1330088	342.8148802	165.9837376
equal	77.100	66.5607	23.4393	24.0	148.9754494	178.9754494	208.9754494	238.9754494	268.9754494	298.9754494	328.9754494	358.9754494	28.9754494	58.9754494	88.9754494	118.9754494	148.9754494	54.1330088	318.8148802	141.9837376
equal	77.100	66.5617	23.4393	0.0	172.9756178	202.9756178	232.9756178	262.9756178	292.9756178	322.9756178	352.9756178	22.9756178	52.9756178	82.9756178	112.9756178	142.9756178	172.9756178	78.1330088	342.8150650	165.9837376
equal	77.100	66.5617	23.4393	24.0	148.9756178	178.9756178	208.9756178	238.9756178	268.9756178	298.9756178	328.9756178	358.9756178	28.9756178	58.9756178	88.9756178	118.9756178	148.9756178	54.1330088	318.8150650	141.9837376
equal	77.100	70.0000	23.4393	0.0	173.5900684	203.5900684	233.5900684	263.5900684	293.5900684	323.5900684	353.5900684	23.5900684	53.5900684	83.5900684	113.5900684	143.5900684	173.5900684	78.1330088	343.4140046	165.9837376
equal	77.100	70.0000	23.4393	24.0	149.5900684	179.5900684	209.5900684	239.5900684	269.5900684	299.5900684	329.5900684	359.5900684	29.5900684	59.5900684	89.5900684	119.5900684	149.5900684	54.1330088	319.4140046	141.9837376
equal	77.100	89.9990	23.4393	0.0	179.9994388	209.9994388	239.9994388	269.9994388	299.9994388	329.9994388	359.9994388	29.9994388	59.9994388	89.9994388	119.9994388	149.9994388	179.9994388	78.1330088	345.9836331	165.9837376
equal	77.100	89.9990	23.4393	24.0	155.9994388	185.9994388	215.9994388	245.9994388	275.9994388	305.9994388	335.9994388	5.9994388	35.9994388	65.9994388	95.9994388	125.9994388	155.9994388	54.1330088	321.9836331	141.9837376
equal	77.100	90.0000	23.4393	0.0	refused	refused	refused	refused	refused	refused	refused	refused	refused	refused	refused	refused	refused	refused	refused	refused
equal	77.100	90.0000	23.4393	24.0	refused	refused	refused	refused	refused	refused	refused	refused	refused	refused	refused	refused	refused	refused	refused	refused
equal	143.300	-89.9990	23.4393	0.0	179.9979843	209.9979843	239.9979843	269.9979843	299.9979843	329.9979843	359.9979843	29.9979843	59.9979843	89.9979843	119.9979843	149.9979843	179.9979843	140.9090413	55.6326085	235.6329465
equal	143.300	-89.9990	23.4393	24.0	155.9979843	185.9979843	215.9979843	245.9979843	275.9979843	305.9979843	335.9979843	5.9979843	35.9979843	65.9979843	95.9979843	125.9979843	155.9979843	116.9090413	31.6326085	211.6329465
equal	143.300	-80.0000	23.4393	0.0	154.8483245	184.8483245	214.8483245	244.8483245	274.8483245	304.8483245	334.8483245	4.8483245	34.8483245	64.8483245	94.8483245	124.8483245	154.8483245	140.9090413	52.3552223	235.6329465
equal	143.300	-80.0000	23.4393	24.0	130.8483245	160.8483245	190.8483245	220.8483245	250.8483245	280.8483245	310.8483245	340.8483245	10.8483245	40.8483245	70.8483245	100.8483245	130.8483245	116.9090413	28.3552223	211.6329465
equal	143.300	-66.5617	23.4393	0.0	294.7259454	324.7259454	354.7259454	24.7259454	54.7259454	84.7259454	114.7259454	144.7259454	174.7259454	204.7259454	234.7259454	264.7259454	294.7259454	140.9090413	48.0459048	235.6329465
equal	143.300	-66.5617	23.4393	24.0	270.7259454	300.7259454	330.7259454	0.7259454	30.7259454	60.7259454	90.7259454	120.7259454	150.7259454	180.7259454	210.7259454	240.7259454	270.7259454	116.9090413	24.0459048	211.6329465
equal	143.300	-66.5597	23.4393	0.0	294.7207713	324.7207713	354.7207713	24.7207713	54.7207713	84.7207713	114.7207713	144.7207713	174.7207713	204.7207713	234.7207713	264.7207713	294.7207713	140.9090413	48.0452529	235.6329465
equal	143.300	-66.5597	23.4393	24.0	270.7207713	300.7207713	330.7207713	0.7207713	30.7207713	60.7207713	90.7207713	120.7207713	150.7207713	180.7207713	210.7207713	240.7207713	270.7207713	116.9090413	24.0452529	211.6329465
equal	143.300	-60.0000	23.4393	0.0	279.9504729	309.9504729	339.9504729	9.9504729	39.9504729	69.9504729	99.9504729	129.9504729	159.9504729	189.9504729	219.9504729	249.9504729	279.9504729	140.9090413	45.8634464	235.6329465
equal	143.300	-60.0000	23.4393	24.0	255.9504729	285.9504729	315.9504729	345.9504729	15.9504729	45.9504729	75.9504729	105.9504729	135.9504729	165.9504729	195.9504729	225.9504729	255.9504729	116.9090413	21.8634464	211.6329465
equal	143.300	-30.0000	23.4393	0.0	248.3254087	278.3254087	308.3254087	338.3254087	8.3254087	38.3254087	68.3254087	98.3254087	128.3254087	158.3254087	188.3254087	218.3254087	248.3254087	140.9090413	32.9438141	235.6329465
equal	143.300	-30.0000	23.4393	24.0	224.3254087	254.3254087	284.3254087	314.3254087	344.3254087	14.3254087	44.3254087	74.3254087	104.3254087	134.3254087	164.3254087	194.3254087	224.3254087	116.9090413	8.9438141	211.6329465
equal	143.300	0.5000	23.4393	0.0	235.4642676	265.4642676	295.4642676	325.4642676	355.4642676	25.4642676	55.4642676	85.4642676	115.4642676	145.4642676	175.4642676	205.4642676	235.4642676	140.9090413	358.9799910	235.6329465
equal	143.300	0.5000	23.4393	24.0	211.4642676	241.4642676	271.4642676	301.4642676	331.4642676	1.4642676	31.4642676	61.4642676	91.4642676	121.4642676	151.4642676	181.4642676	211.4642676	116.9090413	334.9799910	211.6329465
equal	143.300	17.3000	23.4393	0.0	230.0237225	260.0237225	290.0237225	320.0237225	350.0237225	20.0237225	50.0237225	80.0237225	110.0237225	140.0237225	170.0237225	200.0237225	230.0237225	140.9090413	132.2705043	235.6329465
equal	143.300	17.3000	23.4393	24.0	206.0237225	236.0237225	266.0237225	296.0237225	326.0237225	356.0237225	26.0237225	56.0237225	86.0237225	116.0237225	146.0237225	176.0237225	206.0237225	116.9090413	108.2705043	211.6329465
equal	143.300	40.0000	23.4393	0.0	222.2694246	252.2694246	282.2694246	312.2694246	342.2694246	12.2694246	42.2694246	72.2694246	102.2694246	132.2694246	162.2694246	192.2694246	222.2694246	140.9090413	84.7085509	235.6329465
equal	143.300	40.0000	23.4393	24.0	198.2694246	228.2694246	258.2694246	288.2694246	318.2694246	348.2694246	18.2694246	48.2694246	78.2694246	108.2694246	138.2694246	168.2694246	198.2694246	116.9090413	60.7085509	211.6329465
equal	143.300	47.6000	23.4393	0.0	219.1755211	249.1755211	279.1755211	309.1755211	339.1755211	9.1755211	39.1755211	69.1755211	99.1755211	129.1755211	159.1755211	189.1755211	219.1755211	140.9090413	77.0010017	235.6329465
equal	143.300	47.6000	23.4393	24.0	195.1755211	225.1755211	255.1755211	285.1755211	315.1755211	345.1755211	15.1755211	45.1755211	75.1755211	105.1755211	135.1755211	165.1755211	195.1755211	116.9090413	53.0010017	211.6329465
equal	143.300	60.0000	23.4393	0.0	212.9438141	242.9438141	272.9438141	302.9438141	332.9438141	2.9438141	32.9438141	62.9438141	92.9438141	122.9438141	152.9438141	182.9438141	212.9438141	140.9090413	68.3254087	235.6329465
equal	143.300	60.0000	23.4393	24.0	188.9438141	218.9438141	248.9438141	278.9438141	308.9438141	338.9438141	8.9438141	38.9438141	68.9438141	98.9438141	128.9438141	158.9438141	188.9438141	116.9090413	44.3254087	211.6329465
equal	143.300	66.5597	23.4393	0.0	208.6789977	238.6789977	268.6789977	298.6789977	328.6789977	358.6789977	28.6789977	58.6789977	88.6789977	118.6789977	148.6789977	178.6789977	208.6789977	140.9090413	64.8844564	235.6329465
equal	143.300	66.5597	23.4393	24.0	184.6789977	214.6789977	244.6789977	274.6789977	304.6789977	334.6789977	4.6789977	34.6789977	64.6789977	94.6789977	124.6789977	154.6789977	184.6789977	116.9090413	40.8844564	211.6329465
equal	143.300	66.5607	23.4393	0.0	208.6782757	238.6782757	268.6782757	298.6782757	328.6782757	358.6782757	28.6782757	58.6782757	88.6782757	118.6782757	148.6782757	178.6782757	208.6782757	140.9090413	64.8839732	235.6329465
equal	143.300	66.5607	23.4393	24.0	184.6782757	214.6782757	244.6782757	274.6782757	304.6782757	334.6782757	4.6782757	34.6782757	64.6782757	94.6782757	124.6782757	154.6782757	184.6782757	116.9090413	40.8839732	211.6329465
equal	143.300	66.5617	23.4393	0.0	208.6775536	238.6775536	268.6775536	298.6775536	328.6775536	358.6775536	28.6775536	58.6775536	88.6775536	118.6775536	148.6775536	178.6775536	208.6775536	140.9090413	64.8834900	235.6329465
equal	143.300	66.5617	23.4393	24.0	184.6775536	214.6775536	244.6775536	274.6775536	304.6775536	334.6775536	4.6775536	34.6775536	64.6775536	94.6775536	124.6775536	154.6775536	184.6775536	116.9090413	40.8834900	211.6329465
equal	143.300	70.0000	23.4393	0.0	206.0369790	236.0369790	266.0369790	296.0369790	326.0369790	356.0369790	26.0369790	56.0369790	86.0369790	116.0369790	146.0369790	176.0369790	206.0369790	140.9090413	63.2840281	235.6329465
equal	143.300	70.0000	23.4393	24.0	182.0369790	212.0369790	242.0369790	272.0369790	302.0369790	332.0369790	2.0369790	32.0369790	62.0369790	92.0369790	122.0369790	152.0369790	182.0369790	116.9090413	39.2840281	211.6329465
equal	143.300	89.9990	23.4393	0.0	180.0020156	210.0020156	240.0020156	270.0020156	300.0020156	330.0020156	0.0020156	30.0020156	60.0020156	90.0020156	120.0020156	150.0020156	180.0020156	140.9090413	55.6332845	235.6329465
equal	143.300	89.9990	23.4393	24.0	156.0020156	186.0020156	216.0020156	246.0020156	276.0020156	306.0020156	336.0020156	6.0020156	36.0020156	66.0020156	96.0020156	126.0020156	156.0020156	116.9090413	31.6332845	211.6329465
equal	143.300	90.0000	23.4393	0.0	refused	refused	refused	refused	refused	refused	refused	refused	refused	refused	refused	refused	refused	refused	refused	refused
equal	143.300	90.0000	23.4393	24.0	refused	refused	refused	refused	refused	refused	refused	refused	refused	refused	refused	refused	refused	refused	refused	refused
equal	200.000	-89.9990	23.4393	0.0	359.9976377	29.9976377	59.9976377	89.9976377	119.9976377	149.9976377	179.9976377	209.9976377	239.9976377	269.9976377	299.9976377	329.9976377	359.9976377	201.6385041	108.4656467	288.4660276
equal	200.000	-89.9990	23.4393	24.0	335.9976377	5.9976377	35.9976377	65.9976377	95.9976377	125.9976377	155.9976377	185.9976377	215.9976377	245.9976377	275.9976377	305.9976377	335.9976377	177.6385041	84.4656467	264.4660276
equal	200.000	-80.0000	23.4393	0.0	339.9134840	9.9134840	39.9134840	69.9134840	99.9134840	129.9134840	159.9134840	189.9134840	219.9134840	249.9134840	279.9134840	309.9134840	339.9134840	201.6385041	104.5364229	288.4660276
equal	200.000	-80.0000	23.4393	24.0	315.9134840	345.9134840	15.9134840	45.9134840	75.9134840	105.9134840	135.9134840	165.9134840	195.9134840	225.9134840	255.9134840	285.9134840	315.9134840	177.6385041	80.5364229	264.4660276
equal	200.000	-66.5617	23.4393	0.0	322.6506922	352.6506922	22.6506922	52.6506922	82.6506922	112.6506922	142.6506922	172.6506922	202.6506922	232.6506922	262.6506922	292.6506922	322.6506922	201.6385041	98.5542613	288.4660276
equal	200.000	-66.5617	23.4393	24.0	298.6506922	328.6506922	358.6506922	28.6506922	58.6506922	88.6506922	118.6506922	148.6506922	178.6506922	208.6506922	238.6506922	268.6506922	298.6506922	177.6385041	74.5542613	264.4660276
equal	200.000	-66.5597	23.4393	0.0	322.6487228	352.6487228	22.6487228	52.6487228	82.6487228	112.6487228	142.6487228	172.6487228	202.6487228	232.6487228	262.6487228	292.6487228	322.6487228	201.6385041	98.5532778	288.4660276
equal	200.000	-66.5597	23.4393	24.0	298.6487228	328.6487228	358.6487228	28.6487228	58.6487228	88.6487228	118.6487228	148.6487228	178.6487228	208.6487228	238.6487228	268.6487228	298.6487228	177.6385041	74.5532778	264.4660276
equal	200.000	-60.0000	23.4393	0.0	316.8598438	346.8598438	16.8598438	46.8598438	76.8598438	106.8598438	136.8598438	166.8598438	196.8598438	226.8598438	256.8598438	286.8598438	316.8598438	201.6385041	95.1166445	288.4660276
equal	200.000	-60.0000	23.4393	24.0	292.8598438	322.8598438	352.8598438	22.8598438	52.8598438	82.8598438	112.8598438	142.8598438	172.8598438	202.8598438	232.8598438	262.8598438	292.8598438	177.6385041	71.1166445	264.4660276
equal	200.000	-30.0000	23.4393	0.0	300.0421617	330.0421617	0.0421617	30.0421617	60.0421617	90.0421617	120.0421617	150.0421617	180.0421617	210.0421617	240.0421617	270.0421617	300.0421617	201.6385041	68.2355982	288.4660276
equal	200.000	-30.0000	23.4393	24.0	276.0421617	306.0421617	336.0421617	6.0421617	36.0421617	66.0421617	96.0421617	126.0421617	156.0421617	186.0421617	216.0421617	246.0421617	276.0421617	177.6385041	44.2355982	264.4660276
equal	200.000	0.5000	23.4393	0.0	288.2753932	318.2753932	348.2753932	18.2753932	48.2753932	78.2753932	108.2753932	138.2753932	168.2753932	198.2753932	228.2753932	258.2753932	288.2753932	201.6385041	178.8270310	288.4660276
equal	200.000	0.5000	23.4393	24.0	264.2753932	294.2753932	324.2753932	354.2753932	24.2753932	54.2753932	84.2753932	114.2753932	144.2753932	174.2753932	204.2753932	234.2753932	264.2753932	177.6385041	154.8270310	264.4660276
equal	200.000	17.3000	23.4393	0.0	281.4250878	311.4250878	341.4250878	11.4250878	41.4250878	71.4250878	101.4250878	131.4250878	161.4250878	191.4250878	221.4250878	251.4250878	281.4250878	201.6385041	149.4312502	288.4660276
equal	200.000	17.3000	23.4393	24.0	257.4250878	287.4250878	317.4250878	347.4250878	17.4250878	47.4250878	77.4250878	107.4250878	137.4250878	167.4250878	197.4250878	227.4250878	257.4250878	177.6385041	125.4312502	264.4660276
equal	200.000	40.0000	23.4393	0.0	268.7821000	298.7821000	328.7821000	358.7821000	28.7821000	58.7821000	88.7821000	118.7821000	148.7821000	178.7821000	208.7821000	238.7821000	268.7821000	201.6385041	129.9768823	288.4660276
equal	200.000	40.0000	23.4393	24.0	244.7821000	274.7821000	304.7821000	334.7821000	4.7821000	34.7821000	64.7821000	94.7821000	124.7821000	154.7821000	184.7821000	214.7821000	244.7821000	177.6385041	105.9768823	264.4660276
equal	200.000	47.6000	23.4393	0.0	262.6132136	292.6132136	322.6132136	352.6132136	22.6132136	52.6132136	82.6132136	112.6132136	142.6132136	172.6132136	202.6132136	232.6132136	262.6132136	201.6385041	125.7715209	288.4660276
equal	200.000	47.6000	23.4393	24.0	238.6132136	268.6132136	298.6132136	328.6132136	358.6132136	28.6132136	58.6132136	88.6132136	118.6132136	148.6132136	178.6132136	208.6132136	238.6132136	177.6385041	101.7715209	264.4660276
equal	200.000	60.0000	23.4393	0.0	248.2355982	278.2355982	308.2355982	338.2355982	8.2355982	38.2355982	68.2355982	98.2355982	128.2355982	158.2355982	188.2355982	218.2355982	248.2355982	201.6385041	120.0421617	288.4660276
equal	200.000	60.0000	23.4393	24.0	224.2355982	254.2355982	284.2355982	314.2355982	344.2355982	14.2355982	44.2355982	74.2355982	104.2355982	134.2355982	164.2355982	194.2355982	224.2355982	177.6385041	96.0421617	264.4660276
equal	200.000	66.5597	23.4393	0.0	237.2840765	267.2840765	297.2840765	327.2840765	357.2840765	27.2840765	57.2840765	87.2840765	117.2840765	147.2840765	177.2840765	207.2840765	237.2840765	201.6385041	117.3602317	288.4660276
equal	200.000	66.5597	23.4393	24.0	213.2840765	243.2840765	273.2840765	303.2840765	333.2840765	3.2840765	33.2840765	63.2840765	93.2840765	123.2840765	153.2840765	183.2840765	213.2840765	177.6385041	93.3602317	264.4660276
equal	200.000	66.5607	23.4393	0.0	237.2821828	267.2821828	297.2821828	327.2821828	357.2821828	27.2821828	57.2821828	87.2821828	117.2821828	147.2821828	177.2821828	207.2821828	237.2821828	201.6385041	117.3598350	288.4660276
equal	200.000	66.5607	23.4393	24.0	213.2821828	243.2821828	273.2821828	303.2821828	333.2821828	3.2821828	33.2821828	63.2821828	93.2821828	123.2821828	153.2821828	183.2821828	213.2821828	177.6385041	93.3598350	264.4660276
equal	200.000	66.5617	23.4393	0.0	237.2802890	267.2802890	297.2802890	327.2802890	357.2802890	27.2802890	57.2802890	87.2802890	117.2802890	147.2802890	177.2802890	207.2802890	237.2802890	201.6385041	117.3594383	288.4660276
equal	200.000	66.5617	23.4393	24.0	213.2802890	243.2802890	273.2802890	303.2802890	333.2802890	3.2802890	33.2802890	63.2802890	93.2802890	123.2802890	153.2802890	183.2802890	213.2802890	177.6385041	93.3594383	264.4660276
equal	200.000	70.0000	23.4393	0.0	230.3383184	260.3383184	290.3383184	320.3383184	350.3383184	20.3383184	50.3383184	80.3383184	110.3383184	140.3383184	170.3383184	200.3383184	230.3383184	201.6385041	116.0126922	288.4660276
equal	200.000	70.0000	23.4393	24.0	206.3383184	236.3383184	266.3383184	296.3383184	326.3383184	356.3383184	26.3383184	56.3383184	86.3383184	116.3383184	146.3383184	176.3383184	206.3383184	177.6385041	92.0126922	264.4660276
equal	200.000	89.9990	23.4393	0.0	0.0023624	30.0023624	60.0023624	90.0023624	120.0023624	150.0023624	180.0023624	210.0023624	240.0023624	270.0023624	300.0023624	330.0023624	0.0023624	201.6385041	108.4664084	288.4660276
equal	200.000	89.9990	23.4393	24.0	336.0023624	6.0023624	36.0023624	66.0023624	96.0023624	126.0023624	156.0023624	186.0023624	216.0023624	246.0023624	276.0023624	306.0023624	336.0023624	177.6385041	84.4664084	264.4660276
equal	200.000	90.0000	23.4393	0.0	refused	refused	refused	refused	refused	refused	refused	refused	refused	refused	refused	refused	refused	refused	refused	refused
equal	200.000	90.0000	23.4393	24.0	refused	refused	refused	refused	refused	refused	refused	refused	refused	refused	refused	refused	refused	refused	refused	refused
equal	280.457	-89.9990	23.4393	0.0	0.0004563	30.0004563	60.0004563	90.0004563	120.0004563	150.0004563	180.0004563	210.0004563	240.0004563	270.0004563	300.0004563	330.0004563	0.0004563	279.6109051	191.3740424	11.3739572
equal	280.457	-89.9990	23.4393	24.0	336.0004563	6.0004563	36.0004563	66.0004563	96.0004563	126.0004563	156.0004563	186.0004563	216.0004563	246.0004563	276.0004563	306.0004563	336.0004563	255.6109051	167.3740424	347.3739572
equal	280.457	-80.0000	23.4393	0.0	3.2891453	33.2891453	63.2891453	93.2891453	123.2891453	153.2891453	183.2891453	213.2891453	243.2891453	273.2891453	303.2891453	333.2891453	3.2891453	279.6109051	192.3045559	11.3739572
equal	280.457	-80.0000	23.4393	24.0	339.2891453	9.2891453	39.2891453	69.2891453	99.2891453	129.2891453	159.2891453	189.2891453	219.2891453	249.2891453	279.2891453	309.2891453	339.2891453	255.6109051	168.3045559	347.3739572
equal	280.457	-66.5617	23.4393	0.0	5.6956473	35.6956473	65.6956473	95.6956473	125.6956473	155.6956473	185.6956473	215.6956473	245.6956473	275.6956473	305.6956473	335.6956473	5.6956473	279.6109051	193.9659455	11.3739572
equal	280.457	-66.5617	23.4393	24.0	341.6956473	11.6956473	41.6956473	71.6956473	101.6956473	131.6956473	161.6956473	191.6956473	221.6956473	251.6956473	281.6956473	311.6956473	341.6956473	255.6109051	169.9659455	347.3739572
equal	280.457	-66.5597	23.4393	0.0	5.6959202	35.6959202	65.6959202	95.6959202	125.6959202	155.6959202	185.6959202	215.6959202	245.6959202	275.6959202	305.6959202	335.6959202	5.6959202	279.6109051	193.9662488	11.3739572
equal	280.457	-66.5597	23.4393	24.0	341.6959202	11.6959202	41.6959202	71.6959202	101.6959202	131.6959202	161.6959202	191.6959202	221.6959202	251.6959202	281.6959202	311.6959202	341.6959202	255.6109051	169.9662488	347.3739572
equal	280.457	-60.0000	23.4393	0.0	6.5071649	36.5071649	66.5071649	96.5071649	126.5071649	156.5071649	186.5071649	216.5071649	246.5071649	276.5071649	306.5071649	336.5071649	6.5071649	279.6109051	195.1015586	11.3739572
equal	280.457	-60.0000	23.4393	24.0	342.5071649	12.5071649	42.5071649	72.5071649	102.5071649	132.5071649	162.5071649	192.5071649	222.5071649	252.5071649	282.5071649	312.5071649	342.5071649	255.6109051	171.1015586	347.3739572
equal	280.457	-30.0000	23.4393	0.0	9.1096939	39.1096939	69.1096939	99.1096939	129.1096939	159.1096939	189.1096939	219.1096939	249.1096939	279.1096939	309.1096939	339.1096939	9.1096939	279.6109051	220.3980752	11.3739572
equal	280.457	-30.0000	23.4393	24.0	345.1096939	15.1096939	45.1096939	75.1096939	105.1096939	135.1096939	165.1096939	195.1096939	225.1096939	255.1096939	285.1096939	315.1096939	345.1096939	255.6109051	196.3980752	347.3739572
equal	280.457	0.5000	23.4393	0.0	11.4167356	41.4167356	71.4167356	101.4167356	131.4167356	161.4167356	191.4167356	221.4167356	251.4167356	281.4167356	311.4167356	341.4167356	11.4167356	279.6109051	180.2237160	11.3739572
equal	280.457	0.5000	23.4393	24.0	347.4167356	17.4167356	47.4167356	77.4167356	107.4167356	137.4167356	167.4167356	197.4167356	227.4167356	257.4167356	287.4167356	317.4167356	347.4167356	255.6109051	156.2237160	347.3739572
equal	280.457	17.3000	23.4393	0.0	13.1258215	43.1258215	73.1258215	103.1258215	133.1258215	163.1258215	193.1258215	223.1258215	253.1258215	283.1258215	313.1258215	343.1258215	13.1258215	279.6109051	184.7606192	11.3739572
equal	280.457	17.3000	23.4393	24.0	349.1258215	19.1258215	49.1258215	79.1258215	109.1258215	139.1258215	169.1258215	199.1258215	229.1258215	259.1258215	289.1258215	319.1258215	349.1258215	255.6109051	160.7606192	347.3739572
equal	280.457	40.0000	23.4393	0.0	17.7069435	47.7069435	77.7069435	107.7069435	137.7069435	167.7069435	197.7069435	227.7069435	257.7069435	287.7069435	317.7069435	347.7069435	17.7069435	279.6109051	187.5124678	11.3739572
equal	280.457	40.0000	23.4393	24.0	353.7069435	23.7069435	53.7069435	83.7069435	113.7069435	143.7069435	173.7069435	203.7069435	233.7069435	263.7069435	293.7069435	323.7069435	353.7069435	255.6109051	163.5124678	347.3739572
equal	280.457	47.6000	23.4393	0.0	21.2540645	51.2540645	81.2540645	111.2540645	141.2540645	171.2540645	201.2540645	231.2540645	261.2540645	291.2540645	321.2540645	351.2540645	21.2540645	279.6109051	188.1619097	11.3739572
equal	280.457	47.6000	23.4393	24.0	357.2540645	27.2540645	57.2540645	87.2540645	117.2540645	147.2540645	177.2540645	207.2540645	237.2540645	267.2540645	297.2540645	327.2540645	357.2540645	255.6109051	164.1619097	347.3739572
equal	280.457	60.0000	23.4393	0.0	40.3980752	70.3980752	100.3980752	130.3980752	160.3980752	190.3980752	220.3980752	250.3980752	280.3980752	310.3980752	340.3980752	10.3980752	40.3980752	279.6109051	189.1096939	11.3739572
equal	280.457	60.0000	23.4393	24.0	16.3980752	46.3980752	76.3980752	106.3980752	136.3980752	166.3980752	196.3980752	226.3980752	256.3980752	286.3980752	316.3980752	346.3980752	16.3980752	255.6109051	165.1096939	347.3739572
equal	280.457	66.5597	23.4393	0.0	94.7854057	124.7854057	154.7854057	184.7854057	214.7854057	244.7854057	274.7854057	304.7854057	334.7854057	4.7854057	34.7854057	64.7854057	94.7854057	279.6109051	189.5856940	11.3739572
equal	280.457	66.5597	23.4393	24.0	70.7854057	100.7854057	130.7854057	160.7854057	190.7854057	220.7854057	250.7854057	280.7854057	310.7854057	340.7854057	10.7854057	40.7854057	70.7854057	255.6109051	165.5856940	347.3739572
equal	280.457	66.5607	23.4393	0.0	94.7991597	124.7991597	154.7991597	184.7991597	214.7991597	244.7991597	274.7991597	304.7991597	334.7991597	4.7991597	34.7991597	64.7991597	94.7991597	279.6109051	189.5857662	11.3739572
equal	280.457	66.5607	23.4393	24.0	70.7991597	100.7991597	130.7991597	160.7991597	190.7991597	220.7991597	250.7991597	280.7991597	310.7991597	340.7991597	10.7991597	40.7991597	70.7991597	255.6109051	165.5857662	347.3739572
equal	280.457	66.5617	23.4393	0.0	94.8129143	124.8129143	154.8129143	184.8129143	214.8129143	244.8129143	274.8129143	304.8129143	334.8129143	4.8129143	34.8129143	64.8129143	94.8129143	279.6109051	189.5858384	11.3739572
equal	280.457	66.5617	23.4393	24.0	70.8129143	100.8129143	130.8129143	160.8129143	190.8129143	220.8129143	250.8129143	280.8129143	310.8129143	340.8129143	10.8129143	40.8129143	70.8129143	255.6109051	165.5858384	347.3739572
equal	280.457	70.0000	23.4393	0.0	316.4073609	346.4073609	16.4073609	46.4073609	76.4073609	106.4073609	136.4073609	166.4073609	196.4073609	226.4073609	256.4073609	286.4073609	316.4073609	279.6109051	189.8342845	11.3739572
equal	280.457	70.0000	23.4393	24.0	292.4073609	322.4073609	352.4073609	22.4073609	52.4073609	82.4073609	112.4073609	142.4073609	172.4073609	202.4073609	232.4073609	262.4073609	292.4073609	255.6109051	165.8342845	347.3739572
equal	280.457	89.9990	23.4393	0.0	359.9995437	29.9995437	59.9995437	89.9995437	119.9995437	149.9995437	179.9995437	209.9995437	239.9995437	269.9995437	299.9995437	329.9995437	359.9995437	279.6109051	191.3738720	11.3739572
equal	280.457	89.9990	23.4393	24.0	335.9995437	5.9995437	35.9995437	65.9995437	95.9995437	125.9995437	155.9995437	185.9995437	215.9995437	245.9995437	275.9995437	305.9995437	335.9995437	255.6109051	167.3738720	347.3739572
equal	280.457	90.0000	23.4393	0.0	refused	refused	refused	refused	refused	refused	refused	refused	refused	refused	refused	refused	refused	refused	refused	refused
equal	280.457	90.0000	23.4393	24.0	refused	refused	refused	refused	refused	refused	refused	refused	refused	refused	refused	refused	refused	refused	refused	refused
equal	333.300	-89.9990	23.4393	0.0	0.0022459	30.0022459	60.0022459	90.0022459	120.0022459	150.0022459	180.0022459	210.0022459	240.0022459	270.0022459	300.0022459	330.0022459	0.0022459	331.2692165	245.2296236	65.2292565
equal	333.300	-89.9990	23.4393	24.0	336.0022459	6.0022459	36.0022459	66.0022459	96.0022459	126.0022459	156.0022459	186.0022459	216.0022459	246.0022459	276.0022459	306.0022459	336.0022459	307.2692165	221.2296236	41.2292565
equal	333.300	-80.0000	23.4393	0.0	18.5119945	48.5119945	78.5119945	108.5119945	138.5119945	168.5119945	198.5119945	228.5119945	258.5119945	288.5119945	318.5119945	348.5119945	18.5119945	331.2692165	249.0464052	65.2292565
equal	333.300	-80.0000	23.4393	24.0	354.5119945	24.5119945	54.5119945	84.5119945	114.5119945	144.5119945	174.5119945	204.5119945	234.5119945	264.5119945	294.5119945	324.5119945	354.5119945	307.2692165	225.0464052	41.2292565
equal	333.300	-66.5617	23.4393	0.0	33.8941933	63.8941933	93.8941933	123.8941933	153.8941933	183.8941933	213.8941933	243.8941933	273.8941933	303.8941933	333.8941933	3.8941933	33.8941933	331.2692165	254.9751963	65.2292565
equal	333.300	-66.5617	23.4393	24.0	9.8941933	39.8941933	69.8941933	99.8941933	129.8941933	159.8941933	189.8941933	219.8941933	249.8941933	279.8941933	309.8941933	339.8941933	9.8941933	307.2692165	230.9751963	41.2292565
equal	333.300	-66.5597	23.4393	0.0	33.8959436	63.8959436	93.8959436	123.8959436	153.8959436	183.8959436	213.8959436	243.8959436	273.8959436	303.8959436	333.8959436	3.8959436	33.8959436	331.2692165	254.9761831	65.2292565
equal	333.300	-66.5597	23.4393	24.0	9.8959436	39.8959436	69.8959436	99.8959436	129.8959436	159.8959436	189.8959436	219.8959436	249.8959436	279.8959436	309.8959436	339.8959436	9.8959436	307.2692165	230.9761831	41.2292565
equal	333.300	-60.0000	23.4393	0.0	39.0510900	69.0510900	99.0510900	129.0510900	159.0510900	189.0510900	219.0510900	249.0510900	279.0510900	309.0510900	339.0510900	9.0510900	39.0510900	331.2692165	258.4490906	65.2292565
equal	333.300	-60.0000	23.4393	24.0	15.0510900	45.0510900	75.0510900	105.0510900	135.0510900	165.0510900	195.0510900	225.0510900	255.0510900	285.0510900	315.0510900	345.0510900	15.0510900	307.2692165	234.4490906	41.2292565
equal	333.300	-30.0000	23.4393	0.0	54.3022646	84.3022646	114.3022646	144.3022646	174.3022646	204.3022646	234.3022646	264.3022646	294.3022646	324.3022646	354.3022646	24.3022646	54.3022646	331.2692165	287.2107540	65.2292565
equal	333.300	-30.0000	23.4393	24.0	30.3022646	60.3022646	90.3022646	120.3022646	150.3022646	180.3022646	210.3022646	240.3022646	270.3022646	300.3022646	330.3022646	0.3022646	30.3022646	307.2692165	263.2107540	41.2292565
equal	333.300	0.5000	23.4393	0.0	65.4130769	95.4130769	125.4130769	155.4130769	185.4130769	215.4130769	245.4130769	275.4130769	305.4130769	335.4130769	5.4130769	35.4130769	65.4130769	331.2692165	181.1127773	65.2292565
equal	333.300	0.5000	23.4393	24.0	41.4130769	71.4130769	101.4130769	131.4130769	161.4130769	191.4130769	221.4130769	251.4130769	281.4130769	311.4130769	341.4130769	11.4130769	41.4130769	307.2692165	157.1127773	41.2292565
equal	333.300	17.3000	23.4393	0.0	72.1117805	102.1117805	132.1117805	162.1117805	192.1117805	222.1117805	252.1117805	282.1117805	312.1117805	342.1117805	12.1117805	42.1117805	72.1117805	331.2692165	207.8709169	65.2292565
equal	333.300	17.3000	23.4393	24.0	48.1117805	78.1117805	108.1117805	138.1117805	168.1117805	198.1117805	228.1117805	258.1117805	288.1117805	318.1117805	348.1117805	18.1117805	48.1117805	307.2692165	183.8709169	41.2292565
equal	333.300	40.0000	23.4393	0.0	84.9804329	114.9804329	144.9804329	174.9804329	204.9804329	234.9804329	264.9804329	294.9804329	324.9804329	354.9804329	24.9804329	54.9804329	84.9804329	331.2692165	225.2278332	65.2292565
equal	333.300	40.0000	23.4393	24.0	60.9804329	90.9804329	120.9804329	150.9804329	180.9804329	210.9804329	240.9804329	270.9804329	300.9804329	330.9804329	0.9804329	30.9804329	60.9804329	307.2692165	201.2278332	41.2292565
equal	333.300	47.6000	23.4393	0.0	91.4990950	121.4990950	151.4990950	181.4990950	211.4990950	241.4990950	271.4990950	301.4990950	331.4990950	1.4990950	31.4990950	61.4990950	91.4990950	331.2692165	229.0414226	65.2292565
equal	333.300	47.6000	23.4393	24.0	67.4990950	97.4990950	127.4990950	157.4990950	187.4990950	217.4990950	247.4990950	277.4990950	307.4990950	337.4990950	7.4990950	37.4990950	67.4990950	307.2692165	205.0414226	41.2292565
equal	333.300	60.0000	23.4393	0.0	107.2107540	137.2107540	167.2107540	197.2107540	227.2107540	257.2107540	287.2107540	317.2107540	347.2107540	17.2107540	47.2107540	77.2107540	107.2107540	331.2692165	234.3022646	65.2292565
equal	333.300	60.0000	23.4393	24.0	83.2107540	113.2107540	143.2107540	173.2107540	203.2107540	233.2107540	263.2107540	293.2107540	323.2107540	353.2107540	23.2107540	53.2107540	83.2107540	307.2692165	210.3022646	41.2292565
equal	333.300	66.5597	23.4393	0.0	119.4878926	149.4878926	179.4878926	209.4878926	239.4878926	269.4878926	299.4878926	329.4878926	359.4878926	29.4878926	59.4878926	89.4878926	119.4878926	331.2692165	236.7954143	65.2292565
equal	333.300	66.5597	23.4393	24.0	95.4878926	125.4878926	155.4878926	185.4878926	215.4878926	245.4878926	275.4878926	305.4878926	335.4878926	5.4878926	35.4878926	65.4878926	95.4878926	307.2692165	212.7954143	41.2292565
equal	333.300	66.5607	23.4393	0.0	119.4900247	149.4900247	179.4900247	209.4900247	239.4900247	269.4900247	299.4900247	329.4900247	359.4900247	29.4900247	59.4900247	89.4900247	119.4900247	331.2692165	236.7957846	65.2292565
equal	333.300	66.5607	23.4393	24.0	95.4900247	125.4900247	155.4900247	185.4900247	215.4900247	245.4900247	275.4900247	305.4900247	335.4900247	5.4900247	35.4900247	65.4900247	95.4900247	307.2692165	212.7957846	41.2292565
equal	333.300	66.5617	23.4393	0.0	119.4921568	149.4921568	179.4921568	209.4921568	239.4921568	269.4921568	299.4921568	329.4921568	359.4921568	29.4921568	59.4921568	89.4921568	119.4921568	331.2692165	236.7961550	65.2292565
equal	333.300	66.5617	23.4393	24.0	95.4921568	125.4921568	155.4921568	185.4921568	215.4921568	245.4921568	275.4921568	305.4921568	335.4921568	5.4921568	35.4921568	65.4921568	95.4921568	307.2692165	212.7961550	41.2292565
equal	333.300	70.0000	23.4393	0.0	127.3030611	157.3030611	187.3030611	217.3030611	247.3030611	277.3030611	307.3030611	337.3030611	7.3030611	37.3030611	67.3030611	97.3030611	127.3030611	331.2692165	238.0562699	65.2292565
equal	333.300	70.0000	23.4393	24.0	103.3030611	133.3030611	163.3030611	193.3030611	223.3030611	253.3030611	283.3030611	313.3030611	343.3030611	13.3030611	43.3030611	73.3030611	103.3030611	307.2692165	214.0562699	41.2292565
equal	333.300	89.9990	23.4393	0.0	359.9977541	29.9977541	59.9977541	89.9977541	119.9977541	149.9977541	179.9977541	209.9977541	239.9977541	269.9977541	299.9977541	329.9977541	359.9977541	331.2692165	245.2288894	65.2292565
equal	333.300	89.9990	23.4393	24.0	335.9977541	5.9977541	35.9977541	65.9977541	95.9977541	125.9977541	155.9977541	185.9977541	215.9977541	245.9977541	275.9977541	305.9977541	335.9977541	307.2692165	221.2288894	41.2292565
equal	333.300	90.0000	23.4393	0.0	refused	refused	refused	refused	refused	refused	refused	refused	refused	refused	refused	refused	refused	refused	refused	refused
equal	333.300	90.0000	23.4393	24.0	refused	refused	refused	refused	refused	refused	refused	refused	refused	refused	refused	refused	refused	refused	refused	refused
whole-sign	0.000	-89.9990	23.4393	0.0	0.0000000	30.0000000	60.0000000	90.0000000	120.0000000	150.0000000	180.0000000	210.0000000	240.0000000	270.0000000	300.0000000	330.0000000	0.0025140	0.0000000	270.0003978	90.0000000
whole-sign	0.000	-89.9990	23.4393	24.0	330.0000000	0.0000000	30.0000000	60.0000000	90.0000000	120.0000000	150.0000000	180.0000000	210.0000000	240.0000000	270.0000000	300.0000000	336.0025140	336.0000000	246.0003978	66.0000000
whole-sign	0.000	-80.0000	23.4393	0.0	0.0000000	30.0000000	60.0000000	90.0000000	120.0000000	150.0000000	180.0000000	210.0000000	240.0000000	270.0000000	300.0000000	330.0000000	23.9067834	0.0000000	274.0120907	90.0000000
whole-sign	0.000	-80.0000	23.4393	24.0	330.0000000	0.0000000	30.0000000	60.0000000	90.0000000	120.0000000	150.0000000	180.0000000	210.0000000	240.0000000	270.0000000	300.0000000	359.9067834	336.0000000	250.0120907	66.0000000
whole-sign	0.000	-66.5617	23.4393	0.0	30.0000000	60.0000000	90.0000000	120.0000000	150.0000000	180.0000000	210.0000000	240.0000000	270.0000000	300.0000000	330.0000000	0.0000000	47.4628134	0.0000000	279.7843877	90.0000000
whole-sign	0.000	-66.5617	23.4393	24.0	0.0000000	30.0000000	60.0000000	90.0000000	120.0000000	150.0000000	180.0000000	210.0000000	240.0000000	270.0000000	300.0000000	330.0000000	23.4628134	336.0000000	255.7843877	66.0000000
whole-sign	0.000	-66.5597	23.4393	0.0	30.0000000	60.0000000	90.0000000	120.0000000	150.0000000	180.0000000	210.0000000	240.0000000	270.0000000	300.0000000	330.0000000	0.0000000	47.4655433	0.0000000	279.7853055	90.0000000
whole-sign	0.000	-66.5597	23.4393	24.0	0.0000000	30.0000000	60.0000000	90.0000000	120.0000000	150.0000000	180.0000000	210.0000000	240.0000000	270.0000000	300.0000000	330.0000000	23.4655433	336.0000000	255.7853055	66.0000000
whole-sign	0.000	-60.0000	23.4393	0.0	30.0000000	60.0000000	90.0000000	120.0000000	150.0000000	180.0000000	210.0000000	240.0000000	270.0000000	300.0000000	330.0000000	0.0000000	55.4343048	0.0000000	282.9340888	90.0000000
whole-sign	0.000	-60.0000	23.4393	24.0	30.0000000	60.0000000	90.0000000	120.0000000	150.0000000	180.0000000	210.0000000	240.0000000	270.0000000	300.0000000	330.0000000	0.0000000	31.4343048	336.0000000	258.9340888	66.0000000
whole-sign	0.000	-30.0000	23.4393	0.0	60.0000000	90.0000000	120.0000000	150.0000000	180.0000000	210.0000000	240.0000000	270.0000000	300.0000000	330.0000000	0.0000000	30.0000000	77.0659112	0.0000000	304.5656952	90.0000000
whole-sign	0.000	-30.0000	23.4393	24.0	30.0000000	60.0000000	90.0000000	120.0000000	150.0000000	180.0000000	210.0000000	240.0000000	270.0000000	300.0000000	330.0000000	0.0000000	53.0659112	336.0000000	280.5656952	66.0000000
whole-sign	0.000	0.5000	23.4393	0.0	90.0000000	120.0000000	150.0000000	180.0000000	210.0000000	240.0000000	270.0000000	300.0000000	330.0000000	0.0000000	30.0000000	60.0000000	90.1988929	0.0000000	181.2568150	90.0000000
whole-sign	0.000	0.5000	23.4393	24.0	60.0000000	90.0000000	120.0000000	150.0000000	180.0000000	210.0000000	240.0000000	270.0000000	300.0000000	330.0000000	0.0000000	30.0000000	66.1988929	336.0000000	157.2568150	66.0000000
whole-sign	0.000	17.3000	23.4393	0.0	90.0000000	120.0000000	150.0000000	180.0000000	210.0000000	240.0000000	270.0000000	300.0000000	330.0000000	0.0000000	30.0000000	60.0000000	97.0626042	0.0000000	218.0614522	90.0000000
whole-sign	0.000	17.3000	23.4393	24.0	60.0000000	90.0000000	120.0000000	150.0000000	180.0000000	210.0000000	240.0000000	270.0000000	300.0000000	330.0000000	0.0000000	30.0000000	73.0626042	336.0000000	194.0614522	66.0000000
whole-sign	0.000	40.0000	23.4393	0.0	90.0000000	120.0000000	150.0000000	180.0000000	210.0000000	240.0000000	270.0000000	300.0000000	330.0000000	0.0000000	30.0000000	60.0000000	108.4577098	0.0000000	244.6365910	90.0000000
whole-sign	0.000	40.0000	23.4393	24.0	60.0000000	90.0000000	120.0000000	150.0000000	180.0000000	210.0000000	240.0000000	270.0000000	300.0000000	330.0000000	0.0000000	30.0000000	84.4577098	336.0000000	220.6365910	66.0000000
whole-sign	0.000	47.6000	23.4393	0.0	90.0000000	120.0000000	150.0000000	180.0000000	210.0000000	240.0000000	270.0000000	300.0000000	330.0000000	0.0000000	30.0000000	60.0000000	113.5389876	0.0000000	250.0379364	90.0000000
whole-sign	0.000	47.6000	23.4393	24.0	60.0000000	90.0000000	120.0000000	150.0000000	180.0000000	210.0000000	240.0000000	270.0000000	300.0000000	330.0000000	0.0000000	30.0000000	89.5389876	336.0000000	226.0379364	66.0000000
whole-sign	0.000	60.0000	23.4393	0.0	120.0000000	150.0000000	180.0000000	210.0000000	240.0000000	270.0000000	300.0000000	330.0000000	0.0000000	30.0000000	60.0000000	90.0000000	124.5656952	0.0000000	257.0659112	90.0000000
whole-sign	0.000	60.0000	23.4393	24.0	90.0000000	120.0000000	150.0000000	180.0000000	210.0000000	240.0000000	270.0000000	300.0000000	330.0000000	0.0000000	30.0000000	60.0000000	100.5656952	336.0000000	233.0659112	66.0000000
whole-sign	0.000	66.5597	23.4393	0.0	120.0000000	150.0000000	180.0000000	210.0000000	240.0000000	270.0000000	300.0000000	330.0000000	0.0000000	30.0000000	60.0000000	90.0000000	132.5344567	0.0000000	260.2146945	90.0000000
whole-sign	0.000	66.5597	23.4393	24.0	90.0000000	120.0000000	150.0000000	180.0000000	210.0000000	240.0000000	270.0000000	300.0000000	330.0000000	0.0000000	30.0000000	60.0000000	108.5344567	336.0000000	236.2146945	66.0000000
whole-sign	0.000	66.5607	23.4393	0.0	120.0000000	150.0000000	180.0000000	210.0000000	240.0000000	270.0000000	300.0000000	330.0000000	0.0000000	30.0000000	60.0000000	90.0000000	132.5358216	0.0000000	260.2151534	90.0000000
whole-sign	0.000	66.5607	23.4393	24.0	90.0000000	120.0000000	150.0000000	180.0000000	210.0000000	240.0000000	270.0000000	300.0000000	330.0000000	0.0000000	30.0000000	60.0000000	108.5358216	336.0000000	236.2151534	66.0000000
whole-sign	0.000	66.5617	23.4393	0.0	120.0000000	150.0000000	180.0000000	210.0000000	240.0000000	270.0000000	300.0000000	330.0000000	0.0000000	30.0000000	60.0000000	90.0000000	132.5371866	0.0000000	260.2156123	90.0000000
whole-sign	0.000	66.5617	23.4393	24.0	90.0000000	120.0000000	150.0000000	180.0000000	210.0000000	240.0000000	270.0000000	300.0000000	330.0000000	0.0000000	30.0000000	60.0000000	108.5371866	336.0000000	236.2156123	66.0000000
whole-sign	0.000	70.0000	23.4393	0.0	120.0000000	150.0000000	180.0000000	210.0000000	240.0000000	270.0000000	300.0000000	330.0000000	0.0000000	30.0000000	60.0000000	90.0000000	137.5411724	0.0000000	261.7620094	90.0000000
whole-sign	0.000	70.0000	23.4393	24.0	90.0000000	120.0000000	150.0000000	180.0000000	210.0000000	240.0000000	270.0000000	300.0000000	330.0000000	0.0000000	30.0000000	60.0000000	113.5411724	336.0000000	237.7620094	66.0000000
whole-sign	0.000	89.9990	23.4393	0.0	150.0000000	180.0000000	210.0000000	240.0000000	270.0000000	300.0000000	330.0000000	0.0000000	30.0000000	60.0000000	90.0000000	120.0000000	179.9974860	0.0000000	269.9996022	90.0000000
whole-sign	0.000	89.9990	23.4393	24.0	150.0000000	180.0000000	210.0000000	240.0000000	270.0000000	300.0000000	330.0000000	0.0000000	30.0000000	60.0000000	90.0000000	120.0000000	155.9974860	336.0000000	245.9996022	66.0000000
whole-sign	0.000	90.0000	23.4393	0.0	refused	refused	refused	refused	refused	refused	refused	refused	refused	refused	refused	refused	refused	refused	refused	refused
whole-sign	0.000	90.0000	23.4393	24.0	refused	refused	refused	refused	refused	refused	refused	refused	refused	refused	refused	refused	refused	refused	refused	refused
whole-sign	77.100	-89.9990	23.4393	0.0	180.0000000	210.0000000	240.0000000	270.0000000	300.0000000	330.0000000	0.0000000	30.0000000	60.0000000	90.0000000	120.0000000	150.0000000	180.0005613	78.1330088	345.9838421	165.9837376
whole-sign	77.100	-89.9990	23.4393	24.0	150.0000000	180.0000000	210.0000000	240.0000000	270.0000000	300.0000000	330.0000000	0.0000000	30.0000000	60.0000000	90.0000000	120.0000000	156.0005613	54.1330088	321.9838421	141.9837376
whole-sign	77.100	-80.0000	23.4393	0.0	180.0000000	210.0000000	240.0000000	270.0000000	300.0000000	330.0000000	0.0000000	30.0000000	60.0000000	90.0000000	120.0000000	150.0000000	189.3115820	78.1330088	346.9669598	165.9837376
whole-sign	77.100	-80.0000	23.4393	24.0	150.0000000	180.0000000	210.0000000	240.0000000	270.0000000	300.0000000	330.0000000	0.0000000	30.0000000	60.0000000	90.0000000	120.0000000	165.3115820	54.1330088	322.9669598	141.9837376
whole-sign	77.100	-66.5617	23.4393	0.0	60.0000000	90.0000000	120.0000000	150.0000000	180.0000000	210.0000000	240.0000000	270.0000000	300.0000000	330.0000000	0.0000000	30.0000000	84.0671498	78.1330088	348.1799742	165.9837376
whole-sign	77.100	-66.5617	23.4393	24.0	60.0000000	90.0000000	120.0000000	150.0000000	180.0000000	210.0000000	240.0000000	270.0000000	300.0000000	330.0000000	0.0000000	30.0000000	60.0671498	54.1330088	324.1799742	141.9837376
whole-sign	77.100	-66.5597	23.4393	0.0	60.0000000	90.0000000	120.0000000	150.0000000	180.0000000	210.0000000	240.0000000	270.0000000	300.0000000	330.0000000	0.0000000	30.0000000	84.0894317	78.1330088	348.1801518	165.9837376
whole-sign	77.100	-66.5597	23.4393	24.0	60.0000000	90.0000000	120.0000000	150.0000000	180.0000000	210.0000000	240.0000000	270.0000000	300.0000000	330.0000000	0.0000000	30.0000000	60.0894317	54.1330088	324.1801518	141.9837376
whole-sign	77.100	-60.0000	23.4393	0.0	120.0000000	150.0000000	180.0000000	210.0000000	240.0000000	270.0000000	300.0000000	330.0000000	0.0000000	30.0000000	60.0000000	90.0000000	132.6092259	78.1330088	348.7658854	165.9837376
whole-sign	77.100	-60.0000	23.4393	24.0	90.0000000	120.0000000	150.0000000	180.0000000	210.0000000	240.0000000	270.0000000	300.0000000	330.0000000	0.0000000	30.0000000	60.0000000	108.6092259	54.1330088	324.7658854	141.9837376
whole-sign	77.100	-30.0000	23.4393	0.0	150.0000000	180.0000000	210.0000000	240.0000000	270.0000000	300.0000000	330.0000000	0.0000000	30.0000000	60.0000000	90.0000000	120.0000000	161.4337456	78.1330088	351.9740138	165.9837376
whole-sign	77.100	-30.0000	23.4393	24.0	120.0000000	150.0000000	180.0000000	210.0000000	240.0000000	270.0000000	300.0000000	330.0000000	0.0000000	30.0000000	60.0000000	90.0000000	137.4337456	54.1330088	327.9740138	141.9837376
whole-sign	77.100	0.5000	23.4393	0.0	150.0000000	180.0000000	210.0000000	240.0000000	270.0000000	300.0000000	330.0000000	0.0000000	30.0000000	60.0000000	90.0000000	120.0000000	166.0358071	78.1330088	0.2862431	165.9837376
whole-sign	77.100	0.5000	23.4393	24.0	120.0000000	150.0000000	180.0000000	210.0000000	240.0000000	270.0000000	300.0000000	330.0000000	0.0000000	30.0000000	60.0000000	90.0000000	142.0358071	54.1330088	336.2862431	141.9837376
whole-sign	77.100	17.3000	23.4393	0.0	150.0000000	180.0000000	210.0000000	240.0000000	270.0000000	300.0000000	330.0000000	0.0000000	30.0000000	60.0000000	90.0000000	120.0000000	167.6332833	78.1330088	30.2515161	165.9837376
whole-sign	77.100	17.3000	23.4393	24.0	120.0000000	150.0000000	180.0000000	210.0000000	240.0000000	270.0000000	300.0000000	330.0000000	0.0000000	30.0000000	60.0000000	90.0000000	143.6332833	54.1330088	6.2515161	141.9837376
whole-sign	77.100	40.0000	23.4393	0.0	150.0000000	180.0000000	210.0000000	240.0000000	270.0000000	300.0000000	330.0000000	0.0000000	30.0000000	60.0000000	90.0000000	120.0000000	169.6970010	78.1330088	332.0226615	165.9837376
whole-sign	77.100	40.0000	23.4393	24.0	120.0000000	150.0000000	180.0000000	210.0000000	240.0000000	270.0000000	300.0000000	330.0000000	0.0000000	30.0000000	60.0000000	90.0000000	145.6970010	54.1330088	308.0226615	141.9837376
whole-sign	77.100	47.6000	23.4393	0.0	150.0000000	180.0000000	210.0000000	240.0000000	270.0000000	300.0000000	330.0000000	0.0000000	30.0000000	60.0000000	90.0000000	120.0000000	170.4709513	78.1330088	337.2005482	165.9837376
whole-sign	77.100	47.6000	23.4393	24.0	120.0000000	150.0000000	180.0000000	210.0000000	240.0000000	270.0000000	300.0000000	330.0000000	0.0000000	30.0000000	60.0000000	90.0000000	146.4709513	54.1330088	313.2005482	141.9837376
whole-sign	77.100	60.0000	23.4393	0.0	150.0000000	180.0000000	210.0000000	240.0000000	270.0000000	300.0000000	330.0000000	0.0000000	30.0000000	60.0000000	90.0000000	120.0000000	171.9740138	78.1330088	341.4337456	165.9837376
whole-sign	77.100	60.0000	23.4393	24.0	120.0000000	150.0000000	180.0000000	210.0000000	240.0000000	270.0000000	300.0000000	330.0000000	0.0000000	30.0000000	60.0000000	90.0000000	147.9740138	54.1330088	317.4337456	141.9837376
whole-sign	77.100	66.5597	23.4393	0.0	150.0000000	180.0000000	210.0000000	240.0000000	270.0000000	300.0000000	330.0000000	0.0000000	30.0000000	60.0000000	90.0000000	120.0000000	172.9752810	78.1330088	342.8146954	165.9837376
whole-sign	77.100	66.5597	23.4393	24.0	120.0000000	150.0000000	180.0000000	210.0000000	240.0000000	270.0000000	300.0000000	330.0000000	0.0000000	30.0000000	60.0000000	90.0000000	148.9752810	54.1330088	318.8146954	141.9837376
whole-sign	77.100	66.5607	23.4393	0.0	150.0000000	180.0000000	210.0000000	240.0000000	270.0000000	300.0000000	330.0000000	0.0000000	30.0000000	60.0000000	90.0000000	120.0000000	172.9754494	78.1330088	342.8148802	165.9837376
whole-sign	77.100	66.5607	23.4393	24.0	120.0000000	150.0000000	180.0000000	210.0000000	240.0000000	270.0000000	300.0000000	330.0000000	0.0000000	30.0000000	60.0000000	90.0000000	148.9754494	54.1330088	318.8148802	141.9837376
whole-sign	77.100	66.5617	23.4393	0.0	150.0000000	180.0000000	210.0000000	240.0000000	270.0000000	300.0000000	330.0000000	0.0000000	30.0000000	60.0000000	90.0000000	120.0000000	172.9756178	78.1330088	342.8150650	165.9837376
whole-sign	77.100	66.5617	23.4393	24.0	120.0000000	150.0000000	180.0000000	210.0000000	240.0000000	270.0000000	300.0000000	330.0000000	0.0000000	30.0000000	60.0000000	90.0000000	148.9756178	54.1330088	318.8150650	141.9837376
whole-sign	77.100	70.0000	23.4393	0.0	150.0000000	180.0000000	210.0000000	240.0000000	270.0000000	300.0000000	330.0000000	0.0000000	30.0000000	60.0000000	90.0000000	120.0000000	173.5900684	78.1330088	343.4140046	165.9837376
whole-sign	77.100	70.0000	23.4393	24.0	120.0000000	150.0000000	180.0000000	210.0000000	240.0000000	270.0000000	300.0000000	330.0000000	0.0000000	30.0000000	60.0000000	90.0000000	149.5900684	54.1330088	319.4140046	141.9837376
whole-sign	77.100	89.9990	23.4393	0.0	150.0000000	180.0000000	210.0000000	240.0000000	270.0000000	300.0000000	330.0000000	0.0000000	30.0000000	60.0000000	90.0000000	120.0000000	179.9994388	78.1330088	345.9836331	165.9837376
whole-sign	77.100	89.9990	23.4393	24.0	150.0000000	180.0000000	210.0000000	240.0000000	270.0000000	300.0000000	330.0000000	0.0000000	30.0000000	60.0000000	90.0000000	120.0000000	155.9994388	54.1330088	321.9836331	141.9837376
whole-sign	77.100	90.0000	23.4393	0.0	refused	refused	refused	refused	refused	refused	refused	refused	refused	refused	refused	refused	refused	refused	refused	refused
whole-sign	77.100	90.0000	23.4393	24.0	refused	refused	refused	refused	refused	refused	refused	refused	refused	refused	refused	refused	refused	refused	refused	refused
whole-sign	143.300	-89.9990	23.4393	0.0	150.0000000	180.0000000	210.0000000	240.0000000	270.0000000	300.0000000	330.0000000	0.0000000	30.0000000	60.0000000	90.0000000	120.0000000	179.9979843	140.9090413	55.6326085	235.6329465
whole-sign	143.300	-89.9990	23.4393	24.0	150.0000000	180.0000000	210.0000000	240.0000000	270.0000000	300.0000000	330.0000000	0.0000000	30.0000000	60.0000000	90.0000000	120.0000000	155.9979843	116.9090413	31.6326085	211.6329465
whole-sign	143.300	-80.0000	23.4393	0.0	150.0000000	180.0000000	210.0000000	240.0000000	270.0000000	300.0000000	330.0000000	0.0000000	30.0000000	60.0000000	90.0000000	120.0000000	154.8483245	140.9090413	52.3552223	235.6329465
whole-sign	143.300	-80.0000	23.4393	24.0	120.0000000	150.0000000	180.0000000	210.0000000	240.0000000	270.0000000	300.0000000	330.0000000	0.0000000	30.0000000	60.0000000	90.0000000	130.8483245	116.9090413	28.3552223	211.6329465
whole-sign	143.300	-66.5617	23.4393	0.0	270.0000000	300.0000000	330.0000000	0.0000000	30.0000000	60.0000000	90.0000000	120.0000000	150.0000000	180.0000000	210.0000000	240.0000000	294.7259454	140.9090413	48.0459048	235.6329465
whole-sign	143.300	-66.5617	23.4393	24.0	270.0000000	300.0000000	330.0000000	0.0000000	30.0000000	60.0000000	90.0000000	120.0000000	150.0000000	180.0000000	210.0000000	240.0000000	270.7259454	116.9090413	24.0459048	211.6329465
whole-sign	143.300	-66.5597	23.4393	0.0	270.0000000	300.0000000	330.0000000	0.0000000	30.0000000	60.0000000	90.0000000	120.0000000	150.0000000	180.0000000	210.0000000	240.0000000	294.7207713	140.9090413	48.0452529	235.6329465
whole-sign	143.300	-66.5597	23.4393	24.0	270.0000000	300.0000000	330.0000000	0.0000000	30.0000000	60.0000000	90.0000000	120.0000000	150.0000000	180.0000000	210.0000000	240.0000000	270.7207713	116.9090413	24.0452529	211.6329465
whole-sign	143.300	-60.0000	23.4393	0.0	270.0000000	300.0000000	330.0000000	0.0000000	30.0000000	60.0000000	90.0000000	120.0000000	150.0000000	180.0000000	210.0000000	240.0000000	279.9504729	140.9090413	45.8634464	235.6329465
whole-sign	143.300	-60.0000	23.4393	24.0	240.0000000	270.0000000	300.0000000	330.0000000	0.0000000	30.0000000	60.0000000	90.0000000	120.0000000	150.0000000	180.0000000	210.0000000	255.9504729	116.9090413	21.8634464	211.6329465
whole-sign	143.300	-30.0000	23.4393	0.0	240.0000000	270.0000000	300.0000000	330.0000000	0.0000000	30.0000000	60.0000000	90.0000000	120.0000000	150.0000000	180.0000000	210.0000000	248.3254087	140.9090413	32.9438141	235.6329465
whole-sign	143.300	-30.0000	23.4393	24.0	210.0000000	240.0000000	270.0000000	300.0000000	330.0000000	0.0000000	30.0000000	60.0000000	90.0000000	120.0000000	150.0000000	180.0000000	224.3254087	116.9090413	8.9438141	211.6329465
whole-sign	143.300	0.5000	23.4393	0.0	210.0000000	240.0000000	270.0000000	300.0000000	330.0000000	0.0000000	30.0000000	60.0000000	90.0000000	120.0000000	150.0000000	180.0000000	235.4642676	140.9090413	358.9799910	235.6329465
whole-sign	143.300	0.5000	23.4393	24.0	210.0000000	240.0000000	270.0000000	300.0000000	330.0000000	0.0000000	30.0000000	60.0000000	90.0000000	120.0000000	150.0000000	180.0000000	211.4642676	116.9090413	334.9799910	211.6329465
whole-sign	143.300	17.3000	23.4393	0.0	210.0000000	240.0000000	270.0000000	300.0000000	330.0000000	0.0000000	30.0000000	60.0000000	90.0000000	120.0000000	150.0000000	180.0000000	230.0237225	140.9090413	132.2705043	235.6329465
whole-sign	143.300	17.3000	23.4393	24.0	180.0000000	210.0000000	240.0000000	270.0000000	300.0000000	330.0000000	0.0000000	30.0000000	60.0000000	90.0000000	120.0000000	150.0000000	206.0237225	116.9090413	108.2705043	211.6329465
whole-sign	143.300	40.0000	23.4393	0.0	210.0000000	240.0000000	270.0000000	300.0000000	330.0000000	0.0000000	30.0000000	60.0000000	90.0000000	120.0000000	150.0000000	180.0000000	222.2694246	140.9090413	84.7085509	235.6329465
whole-sign	143.300	40.0000	23.4393	24.0	180.0000000	210.0000000	240.0000000	270.0000000	300.0000000	330.0000000	0.0000000	30.0000000	60.0000000	90.0000000	120.0000000	150.0000000	198.2694246	116.9090413	60.7085509	211.6329465
whole-sign	143.300	47.6000	23.4393	0.0	210.0000000	240.0000000	270.0000000	300.0000000	330.0000000	0.0000000	30.0000000	60.0000000	90.0000000	120.0000000	150.0000000	180.0000000	219.1755211	140.9090413	77.0010017	235.6329465
whole-sign	143.300	47.6000	23.4393	24.0	180.0000000	210.0000000	240.0000000	270.0000000	300.0000000	330.0000000	0.0000000	30.0000000	60.0000000	90.0000000	120.0000000	150.0000000	195.1755211	116.9090413	53.0010017	211.6329465
whole-sign	143.300	60.0000	23.4393	0.0	210.0000000	240.0000000	270.0000000	300.0000000	330.0000000	0.0000000	30.0000000	60.0000000	90.0000000	120.0000000	150.0000000	180.0000000	212.9438141	140.9090413	68.3254087	235.6329465
whole-sign	143.300	60.0000	23.4393	24.0	180.0000000	210.0000000	240.0000000	270.0000000	300.0000000	330.0000000	0.0000000	30.0000000	60.0000000	90.0000000	120.0000000	150.0000000	188.9438141	116.9090413	44.3254087	211.6329465
whole-sign	143.300	66.5597	23.4393	0.0	180.0000000	210.0000000	240.0000000	270.0000000	300.0000000	330.0000000	0.0000000	30.0000000	60.0000000	90.0000000	120.0000000	150.0000000	208.6789977	140.9090413	64.8844564	235.6329465
whole-sign	143.300	66.5597	23.4393	24.0	180.0000000	210.0000000	240.0000000	270.0000000	300.0000000	330.0000000	0.0000000	30.0000000	60.0000000	90.0000000	120.0000000	150.0000000	184.6789977	116.9090413	40.8844564	211.6329465
whole-sign	143.300	66.5607	23.4393	0.0	180.0000000	210.0000000	240.0000000	270.0000000	300.0000000	330.0000000	0.0000000	30.0000000	60.0000000	90.0000000	120.0000000	150.0000000	208.6782757	140.9090413	64.8839732	235.6329465
whole-sign	143.300	66.5607	23.4393	24.0	180.0000000	210.0000000	240.0000000	270.0000000	300.0000000	330.0000000	0.0000000	30.0000000	60.0000000	90.0000000	120.0000000	150.0000000	184.6782757	116.9090413	40.8839732	211.6329465
whole-sign	143.300	66.5617	23.4393	0.0	180.0000000	210.0000000	240.0000000	270.0000000	300.0000000	330.0000000	0.0000000	30.0000000	60.0000000	90.0000000	120.0000000	150.0000000	208.6775536	140.9090413	64.8834900	235.6329465
whole-sign	143.300	66.5617	23.4393	24.0	180.0000000	210.0000000	240.0000000	270.0000000	300.0000000	330.0000000	0.0000000	30.0000000	60.0000000	90.0000000	120.0000000	150.0000000	184.6775536	116.9090413	40.8834900	211.6329465
whole-sign	143.300	70.0000	23.4393	0.0	180.0000000	210.0000000	240.0000000	270.0000000	300.0000000	330.0000000	0.0000000	30.0000000	60.0000000	90.0000000	120.0000000	150.0000000	206.0369790	140.9090413	63.2840281	235.6329465
whole-sign	143.300	70.0000	23.4393	24.0	180.0000000	210.0000000	240.0000000	270.0000000	300.0000000	330.0000000	0.0000000	30.0000000	60.0000000	90.0000000	120.0000000	150.0000000	182.0369790	116.9090413	39.2840281	211.6329465
whole-sign	143.300	89.9990	23.4393	0.0	180.0000000	210.0000000	240.0000000	270.0000000	300.0000000	330.0000000	0.0000000	30.0000000	60.0000000	90.0000000	120.0000000	150.0000000	180.0020156	140.9090413	55.6332845	235.6329465
whole-sign	143.300	89.9990	23.4393	24.0	150.0000000	180.0000000	210.0000000	240.0000000	270.0000000	300.0000000	330.0000000	0.0000000	30.0000000	60.0000000	90.0000000	120.0000000	156.0020156	116.9090413	31.6332845	211.6329465
whole-sign	143.300	90.0000	23.4393	0.0	refused	refused	refused	refused	refused	refused	refused	refused	refused	refused	refused	refused	refused	refused	refused	refused
whole-sign	143.300	90.0000	23.4393	24.0	refused	refused	refused	refused	refused	refused	refused	refused	refused	refused	refused	refused	refused	refused	refused	refused
whole-sign	200.000	-89.9990	23.4393	0.0	330.0000000	0.0000000	30.0000000	60.0000000	90.0000000	120.0000000	150.0000000	180.0000000	210.0000000	240.0000000	270.0000000	300.0000000	359.9976377	201.6385041	108.4656467	288.4660276
whole-sign	200.000	-89.9990	23.4393	24.0	330.0000000	0.0000000	30.0000000	60.0000000	90.0000000	120.0000000	150.0000000	180.0000000	210.0000000	240.0000000	270.0000000	300.0000000	335.9976377	177.6385041	84.4656467	264.4660276
whole-sign	200.000	-80.0000	23.4393	0.0	330.0000000	0.0000000	30.0000000	60.0000000	90.0000000	120.0000000	150.0000000	180.0000000	210.0000000	240.0000000	270.0000000	300.0000000	339.9134840	201.6385041	104.5364229	288.4660276
whole-sign	200.000	-80.0000	23.4393	24.0	300.0000000	330.0000000	0.0000000	30.0000000	60.0000000	90.0000000	120.0000000	150.0000000	180.0000000	210.0000000	240.0000000	270.0000000	315.9134840	177.6385041	80.5364229	264.4660276
whole-sign	200.000	-66.5617	23.4393	0.0	300.0000000	330.0000000	0.0000000	30.0000000	60.0000000	90.0000000	120.0000000	150.0000000	180.0000000	210.0000000	240.0000000	270.0000000	322.6506922	201.6385041	98.5542613	288.4660276
whole-sign	200.000	-66.5617	23.4393	24.0	270.0000000	300.0000000	330.0000000	0.0000000	30.0000000	60.0000000	90.0000000	120.0000000	150.0000000	180.0000000	210.0000000	240.0000000	298.6506922	177.6385041	74.5542613	264.4660276
whole-sign	200.000	-66.5597	23.4393	0.0	300.0000000	330.0000000	0.0000000	30.0000000	60.0000000	90.0000000	120.0000000	150.0000000	180.0000000	210.0000000	240.0000000	270.0000000	322.6487228	201.6385041	98.5532778	288.4660276
whole-sign	200.000	-66.5597	23.4393	24.0	270.0000000	300.0000000	330.0000000	0.0000000	30.0000000	60.0000000	90.0000000	120.0000000	150.0000000	180.0000000	210.0000000	240.0000000	298.6487228	177.6385041	74.5532778	264.4660276
whole-sign	200.000	-60.0000	23.4393	0.0	300.0000000	330.0000000	0.0000000	30.0000000	60.0000000	90.0000000	120.0000000	150.0000000	180.0000000	210.0000000	240.0000000	270.0000000	316.8598438	201.6385041	95.1166445	288.4660276
whole-sign	200.000	-60.0000	23.4393	24.0	270.0000000	300.0000000	330.0000000	0.0000000	30.0000000	60.0000000	90.0000000	120.0000000	150.0000000	180.0000000	210.0000000	240.0000000	292.8598438	177.6385041	71.1166445	264.4660276
whole-sign	200.000	-30.0000	23.4393	0.0	300.0000000	330.0000000	0.0000000	30.0000000	60.0000000	90.0000000	120.0000000	150.0000000	180.0000000	210.0000000	240.0000000	270.0000000	300.0421617	201.6385041	68.2355982	288.4660276
whole-sign	200.000	-30.0000	23.4393	24.0	270.0000000	300.0000000	330.0000000	0.0000000	30.0000000	60.0000000	90.0000000	120.0000000	150.0000000	180.0000000	210.0000000	240.0000000	276.0421617	177.6385041	44.2355982	264.4660276
whole-sign	200.000	0.5000	23.4393	0.0	270.0000000	300.0000000	330.0000000	0.0000000	30.0000000	60.0000000	90.0000000	120.0000000	150.0000000	180.0000000	210.0000000	240.0000000	288.2753932	201.6385041	178.8270310	288.4660276
whole-sign	200.000	0.5000	23.4393	24.0	240.0000000	270.0000000	300.0000000	330.0000000	0.0000000	30.0000000	60.0000000	90.0000000	120.0000000	150.0000000	180.0000000	210.0000000	264.2753932	177.6385041	154.8270310	264.4660276
whole-sign	200.000	17.3000	23.4393	0.0	270.0000000	300.0000000	330.0000000	0.0000000	30.0000000	60.0000000	90.0000000	120.0000000	150.0000000	180.0000000	210.0000000	240.0000000	281.4250878	201.6385041	149.4312502	288.4660276
whole-sign	200.000	17.3000	23.4393	24.0	240.0000000	270.0000000	300.0000000	330.0000000	0.0000000	30.0000000	60.0000000	90.0000000	120.0000000	150.0000000	180.0000000	210.0000000	257.4250878	177.6385041	125.4312502	264.4660276
whole-sign	200.000	40.0000	23.4393	0.0	240.0000000	270.0000000	300.0000000	330.0000000	0.0000000	30.0000000	60.0000000	90.0000000	120.0000000	150.0000000	180.0000000	210.0000000	268.7821000	201.6385041	129.9768823	288.4660276
whole-sign	200.000	40.0000	23.4393	24.0	240.0000000	270.0000000	300.0000000	330.0000000	0.0000000	30.0000000	60.0000000	90.0000000	120.0000000	150.0000000	180.0000000	210.0000000	244.7821000	177.6385041	105.9768823	264.4660276
whole-sign	200.000	47.6000	23.4393	0.0	240.0000000	270.0000000	300.0000000	330.0000000	0.0000000	30.0000000	60.0000000	90.0000000	120.0000000	150.0000000	180.0000000	210.0000000	262.6132136	201.6385041	125.7715209	288.4660276
whole-sign	200.000	47.6000	23.4393	24.0	210.0000000	240.0000000	270.0000000	300.0000000	330.0000000	0.0000000	30.0000000	60.0000000	90.0000000	120.0000000	150.0000000	180.0000000	238.6132136	177.6385041	101.7715209	264.4660276
whole-sign	200.000	60.0000	23.4393	0.0	240.0000000	270.0000000	300.0000000	330.0000000	0.0000000	30.0000000	60.0000000	90.0000000	120.0000000	150.0000000	180.0000000	210.0000000	248.2355982	201.6385041	120.0421617	288.4660276
whole-sign	200.000	60.0000	23.4393	24.0	210.0000000	240.0000000	270.0000000	300.0000000	330.0000000	0.0000000	30.0000000	60.0000000	90.0000000	120.0000000	150.0000000	180.0000000	224.2355982	177.6385041	96.0421617	264.4660276
whole-sign	200.000	66.5597	23.4393	0.0	210.0000000	240.0000000	270.0000000	300.0000000	330.0000000	0.0000000	30.0000000	60.0000000	90.0000000	120.0000000	150.0000000	180.0000000	237.2840765	201.6385041	117.3602317	288.4660276
whole-sign	200.000	66.5597	23.4393	24.0	210.0000000	240.0000000	270.0000000	300.0000000	330.0000000	0.0000000	30.0000000	60.0000000	90.0000000	120.0000000	150.0000000	180.0000000	213.2840765	177.6385041	93.3602317	264.4660276
whole-sign	200.000	66.5607	23.4393	0.0	210.0000000	240.0000000	270.0000000	300.0000000	330.0000000	0.0000000	30.0000000	60.0000000	90.0000000	120.0000000	150.0000000	180.0000000	237.2821828	201.6385041	117.3598350	288.4660276
whole-sign	200.000	66.5607	23.4393	24.0	210.0000000	240.0000000	270.0000000	300.0000000	330.0000000	0.0000000	30.0000000	60.0000000	90.0000000	120.0000000	150.0000000	180.0000000	213.2821828	177.6385041	93.3598350	264.4660276
whole-sign	200.000	66.5617	23.4393	0.0	210.0000000	240.0000000	270.0000000	300.0000000	330.0000000	0.0000000	30.0000000	60.0000000	90.0000000	120.0000000	150.0000000	180.0000000	237.2802890	201.6385041	117.3594383	288.4660276
whole-sign	200.000	66.5617	23.4393	24.0	210.0000000	240.0000000	270.0000000	300.0000000	330.0000000	0.0000000	30.0000000	60.0000000	90.0000000	120.0000000	150.0000000	180.0000000	213.2802890	177.6385041	93.3594383	264.4660276
whole-sign	200.000	70.0000	23.4393	0.0	210.0000000	240.0000000	270.0000000	300.0000000	330.0000000	0.0000000	30.0000000	60.0000000	90.0000000	120.0000000	150.0000000	180.0000000	230.3383184	201.6385041	116.0126922	288.4660276
whole-sign	200.000	70.0000	23.4393	24.0	180.0000000	210.0000000	240.0000000	270.0000000	300.0000000	330.0000000	0.0000000	30.0000000	60.0000000	90.0000000	120.0000000	150.0000000	206.3383184	177.6385041	92.0126922	264.4660276
whole-sign	200.000	89.9990	23.4393	0.0	0.0000000	30.0000000	60.0000000	90.0000000	120.0000000	150.0000000	180.0000000	210.0000000	240.0000000	270.0000000	300.0000000	330.0000000	0.0023624	201.6385041	108.4664084	288.4660276
whole-sign	200.000	89.9990	23.4393	24.0	330.0000000	0.0000000	30.0000000	60.0000000	90.0000000	120.0000000	150.0000000	180.0000000	210.0000000	240.0000000	270.0000000	300.0000000	336.0023624	177.6385041	84.4664084	264.4660276
whole-sign	200.000	90.0000	23.4393	0.0	refused	refused	refused	refused	refused	refused	refused	refused	refused	refused	refused	refused	refused	refused	refused	refused
whole-sign	200.000	90.0000	23.4393	24.0	refused	refused	refused	refused	refused	refused	refused	refused	refused	refused	refused	refused	refused	refused	refused	refused
whole-sign	280.457	-89.9990	23.4393	0.0	0.0000000	30.0000000	60.0000000	90.0000000	120.0000000	150.0000000	180.0000000	210.0000000	240.0000000	270.0000000	300.0000000	330.0000000	0.0004563	279.6109051	191.3740424	11.3739572
whole-sign	280.457	-89.9990	23.4393	24.0	330.0000000	0.0000000	30.0000000	60.0000000	90.0000000	120.0000000	150.0000000	180.0000000	210.0000000	240.0000000	270.0000000	300.0000000	336.0004563	255.6109051	167.3740424	347.3739572
whole-sign	280.457	-80.0000	23.4393	0.0	0.0000000	30.0000000	60.0000000	90.0000000	120.0000000	150.0000000	180.0000000	210.0000000	240.0000000	270.0000000	300.0000000	330.0000000	3.2891453	279.6109051	192.3045559	11.3739572
whole-sign	280.457	-80.0000	23.4393	24.0	330.0000000	0.0000000	30.0000000	60.0000000	90.0000000	120.0000000	150.0000000	180.0000000	210.0000000	240.0000000	270.0000000	300.0000000	339.2891453	255.6109051	168.3045559	347.3739572
whole-sign	280.457	-66.5617	23.4393	0.0	0.0000000	30.0000000	60.0000000	90.0000000	120.0000000	150.0000000	180.0000000	210.0000000	240.0000000	270.0000000	300.0000000	330.0000000	5.6956473	279.6109051	193.9659455	11.3739572
whole-sign	280.457	-66.5617	23.4393	24.0	330.0000000	0.0000000	30.0000000	60.0000000	90.0000000	120.0000000	150.0000000	180.0000000	210.0000000	240.0000000	270.0000000	300.0000000	341.6956473	255.6109051	169.9659455	347.3739572
whole-sign	280.457	-66.5597	23.4393	0.0	0.0000000	30.0000000	60.0000000	90.0000000	120.0000000	150.0000000	180.0000000	210.0000000	240.0000000	270.0000000	300.0000000	330.0000000	5.6959202	279.6109051	193.9662488	11.3739572
whole-sign	280.457	-66.5597	23.4393	24.0	330.0000000	0.0000000	30.0000000	60.0000000	90.0000000	120.0000000	150.0000000	180.0000000	210.0000000	240.0000000	270.0000000	300.0000000	341.6959202	255.6109051	169.9662488	347.3739572
whole-sign	280.457	-60.0000	23.4393	0.0	0.0000000	30.0000000	60.0000000	90.0000000	120.0000000	150.0000000	180.0000000	210.0000000	240.0000000	270.0000000	300.0000000	330.0000000	6.5071649	279.6109051	195.1015586	11.3739572
whole-sign	280.457	-60.0000	23.4393	24.0	330.0000000	0.0000000	30.0000000	60.0000000	90.0000000	120.0000000	150.0000000	180.0000000	210.0000000	240.0000000	270.0000000	300.0000000	342.5071649	255.6109051	171.1015586	347.3739572
whole-sign	280.457	-30.0000	23.4393	0.0	0.0000000	30.0000000	60.0000000	90.0000000	120.0000000	150.0000000	180.0000000	210.0000000	240.0000000	270.0000000	300.0000000	330.0000000	9.1096939	279.6109051	220.3980752	11.3739572
whole-sign	280.457	-30.0000	23.4393	24.0	330.0000000	0.0000000	30.0000000	60.0000000	90.0000000	120.0000000	150.0000000	180.0000000	210.0000000	240.0000000	270.0000000	300.0000000	345.1096939	255.6109051	196.3980752	347.3739572
whole-sign	280.457	0.5000	23.4393	0.0	0.0000000	30.0000000	60.0000000	90.0000000	120.0000000	150.0000000	180.0000000	210.0000000	240.0000000	270.0000000	300.0000000	330.0000000	11.4167356	279.6109051	180.2237160	11.3739572
whole-sign	280.457	0.5000	23.4393	24.0	330.0000000	0.0000000	30.0000000	60.0000000	90.0000000	120.0000000	150.0000000	180.0000000	210.0000000	240.0000000	270.0000000	300.0000000	347.4167356	255.6109051	156.2237160	347.3739572
whole-sign	280.457	17.3000	23.4393	0.0	0.0000000	30.0000000	60.0000000	90.0000000	120.0000000	150.0000000	180.0000000	210.0000000	240.0000000	270.0000000	300.0000000	330.0000000	13.1258215	279.6109051	184.7606192	11.3739572
whole-sign	280.457	17.3000	23.4393	24.0	330.0000000	0.0000000	30.0000000	60.0000000	90.0000000	120.0000000	150.0000000	180.0000000	210.0000000	240.0000000	270.0000000	300.0000000	349.1258215	255.6109051	160.7606192	347.3739572
whole-sign	280.457	40.0000	23.4393	0.0	0.0000000	30.0000000	60.0000000	90.0000000	120.0000000	150.0000000	180.0000000	210.0000000	240.0000000	270.0000000	300.0000000	330.0000000	17.7069435	279.6109051	187.5124678	11.3739572
whole-sign	280.457	40.0000	23.4393	24.0	330.0000000	0.0000000	30.0000000	60.0000000	90.0000000	120.0000000	150.0000000	180.0000000	210.0000000	240.0000000	270.0000000	300.0000000	353.7069435	255.6109051	163.5124678	347.3739572
whole-sign	280.457	47.6000	23.4393	0.0	0.0000000	30.0000000	60.0000000	90.0000000	120.0000000	150.0000000	180.0000000	210.0000000	240.0000000	270.0000000	300.0000000	330.0000000	21.2540645	279.6109051	188.1619097	11.3739572
whole-sign	280.457	47.6000	23.4393	24.0	330.0000000	0.0000000	30.0000000	60.0000000	90.0000000	120.0000000	150.0000000	180.0000000	210.0000000	240.0000000	270.0000000	300.0000000	357.2540645	255.6109051	164.1619097	347.3739572
whole-sign	280.457	60.0000	23.4393	0.0	30.0000000	60.0000000	90.0000000	120.0000000	150.0000000	180.0000000	210.0000000	240.0000000	270.0000000	300.0000000	330.0000000	0.0000000	40.3980752	279.6109051	189.1096939	11.3739572
whole-sign	280.457	60.0000	23.4393	24.0	0.0000000	30.0000000	60.0000000	90.0000000	120.0000000	150.0000000	180.0000000	210.0000000	240.0000000	270.0000000	300.0000000	330.0000000	16.3980752	255.6109051	165.1096939	347.3739572
whole-sign	280.457	66.5597	23.4393	0.0	90.0000000	120.0000000	150.0000000	180.0000000	210.0000000	240.0000000	270.0000000	300.0000000	330.0000000	0.0000000	30.0000000	60.0000000	94.7854057	279.6109051	189.5856940	11.3739572
whole-sign	280.457	66.5597	23.4393	24.0	60.0000000	90.0000000	120.0000000	150.0000000	180.0000000	210.0000000	240.0000000	270.0000000	300.0000000	330.0000000	0.0000000	30.0000000	70.7854057	255.6109051	165.5856940	347.3739572
whole-sign	280.457	66.5607	23.4393	0.0	90.0000000	120.0000000	150.0000000	180.0000000	210.0000000	240.0000000	270.0000000	300.0000000	330.0000000	0.0000000	30.0000000	60.0000000	94.7991597	279.6109051	189.5857662	11.3739572
whole-sign	280.457	66.5607	23.4393	24.0	60.0000000	90.0000000	120.0000000	150.0000000	180.0000000	210.0000000	240.0000000	270.0000000	300.0000000	330.0000000	0.0000000	30.0000000	70.7991597	255.6109051	165.5857662	347.3739572
whole-sign	280.457	66.5617	23.4393	0.0	90.0000000	120.0000000	150.0000000	180.0000000	210.0000000	240.0000000	270.0000000	300.0000000	330.0000000	0.0000000	30.0000000	60.0000000	94.8129143	279.6109051	189.5858384	11.3739572
whole-sign	280.457	66.5617	23.4393	24.0	60.0000000	90.0000000	120.0000000	150.0000000	180.0000000	210.0000000	240.0000000	270.0000000	300.0000000	330.0000000	0.0000000	30.0000000	70.8129143	255.6109051	165.5858384	347.3739572
whole-sign	280.457	70.0000	23.4393	0.0	300.0000000	330.0000000	0.0000000	30.0000000	60.0000000	90.0000000	120.0000000	150.0000000	180.0000000	210.0000000	240.0000000	270.0000000	316.4073609	279.6109051	189.8342845	11.3739572
whole-sign	280.457	70.0000	23.4393	24.0	270.0000000	300.0000000	330.0000000	0.0000000	30.0000000	60.0000000	90.0000000	120.0000000	150.0000000	180.0000000	210.0000000	240.0000000	292.4073609	255.6109051	165.8342845	347.3739572
whole-sign	280.457	89.9990	23.4393	0.0	330.0000000	0.0000000	30.0000000	60.0000000	90.0000000	120.0000000	150.0000000	180.0000000	210.0000000	240.0000000	270.0000000	300.0000000	359.9995437	279.6109051	191.3738720	11.3739572
whole-sign	280.457	89.9990	23.4393	24.0	330.0000000	0.0000000	30.0000000	60.0000000	90.0000000	120.0000000	150.0000000	180.0000000	210.0000000	240.0000000	270.0000000	300.0000000	335.9995437	255.6109051	167.3738720	347.3739572
whole-sign	280.457	90.0000	23.4393	0.0	refused	refused	refused	refused	refused	refused	refused	refused	refused	refused	refused	refused	refused	refused	refused	refused
whole-sign	280.457	90.0000	23.4393	24.0	refused	refused	refused	refused	refused	refused	refused	refused	refused	refused	refused	refused	refused	refused	refused	refused
whole-sign	333.300	-89.9990	23.4393	0.0	0.0000000	30.0000000	60.0000000	90.0000000	120.0000000	150.0000000	180.0000000	210.0000000	240.0000000	270.0000000	300.0000000	330.0000000	0.0022459	331.2692165	245.2296236	65.2292565
whole-sign	333.300	-89.9990	23.4393	24.0	330.0000000	0.0000000	30.0000000	60.0000000	90.0000000	120.0000000	150.0000000	180.0000000	210.0000000	240.0000000	270.0000000	300.0000000	336.0022459	307.2692165	221.2296236	41.2292565
whole-sign	333.300	-80.0000	23.4393	0.0	0.0000000	30.0000000	60.0000000	90.0000000	120.0000000	150.0000000	180.0000000	210.0000000	240.0000000	270.0000000	300.0000000	330.0000000	18.5119945	331.2692165	249.0464052	65.2292565
whole-sign	333.300	-80.0000	23.4393	24.0	330.0000000	0.0000000	30.0000000	60.0000000	90.0000000	120.0000000	150.0000000	180.0000000	210.0000000	240.0000000	270.0000000	300.0000000	354.5119945	307.2692165	225.0464052	41.2292565
whole-sign	333.300	-66.5617	23.4393	0.0	30.0000000	60.0000000	90.0000000	120.0000000	150.0000000	180.0000000	210.0000000	240.0000000	270.0000000	300.0000000	330.0000000	0.0000000	33.8941933	331.2692165	254.9751963	65.2292565
whole-sign	333.300	-66.5617	23.4393	24.0	0.0000000	30.0000000	60.0000000	90.0000000	120.0000000	150.0000000	180.0000000	210.0000000	240.0000000	270.0000000	300.0000000	330.0000000	9.8941933	307.2692165	230.9751963	41.2292565
whole-sign	333.300	-66.5597	23.4393	0.0	30.0000000	60.0000000	90.0000000	120.0000000	150.0000000	180.0000000	210.0000000	240.0000000	270.0000000	300.0000000	330.0000000	0.0000000	33.8959436	331.2692165	254.9761831	65.2292565
whole-sign	333.300	-66.5597	23.4393	24.0	0.0000000	30.0000000	60.0000000	90.0000000	120.0000000	150.0000000	180.0000000	210.0000000	240.0000000	270.0000000	300.0000000	330.0000000	9.8959436	307.2692165	230.9761831	41.2292565
whole-sign	333.300	-60.0000	23.4393	0.0	30.0000000	60.0000000	90.0000000	120.0000000	150.0000000	180.0000000	210.0000000	240.0000000	270.0000000	300.0000000	330.0000000	0.0000000	39.0510900	331.2692165	258.4490906	65.2292565
whole-sign	333.300	-60.0000	23.4393	24.0	0.0000000	30.0000000	60.0000000	90.0000000	120.0000000	150.0000000	180.0000000	210.0000000	240.0000000	270.0000000	300.0000000	330.0000000	15.0510900	307.2692165	234.4490906	41.2292565
whole-sign	333.300	-30.0000	23.4393	0.0	30.0000000	60.0000000	90.0000000	120.0000000	150.0000000	180.0000000	210.0000000	240.0000000	270.0000000	300.0000000	330.0000000	0.0000000	54.3022646	331.2692165	287.2107540	65.2292565
whole-sign	333.300	-30.0000	23.4393	24.0	30.0000000	60.0000000	90.0000000	120.0000000	150.0000000	180.0000000	210.0000000	240.0000000	270.0000000	300.0000000	330.0000000	0.0000000	30.3022646	307.2692165	263.2107540	41.2292565
whole-sign	333.300	0.5000	23.4393	0.0	60.0000000	90.0000000	120.0000000	150.0000000	180.0000000	210.0000000	240.0000000	270.0000000	300.0000000	330.0000000	0.0000000	30.0000000	65.4130769	331.2692165	181.1127773	65.2292565
whole-sign	333.300	0.5000	23.4393	24.0	30.0000000	60.0000000	90.0000000	120.0000000	150.0000000	180.0000000	210.0000000	240.0000000	270.0000000	300.0000000	330.0000000	0.0000000	41.4130769	307.2692165	157.1127773	41.2292565
whole-sign	333.300	17.3000	23.4393	0.0	60.0000000	90.0000000	120.0000000	150.0000000	180.0000000	210.0000000	240.0000000	270.0000000	300.0000000	330.0000000	0.0000000	30.0000000	72.1117805	331.2692165	207.8709169	65.2292565
whole-sign	333.300	17.3000	23.4393	24.0	30.0000000	60.0000000	90.0000000	120.0000000	150.0000000	180.0000000	210.0000000	240.0000000	270.0000000	300.0000000	330.0000000	0.0000000	48.1117805	307.2692165	183.8709169	41.2292565
whole-sign	333.300	40.0000	23.4393	0.0	60.0000000	90.0000000	120.0000000	150.0000000	180.0000000	210.0000000	240.0000000	270.0000000	300.0000000	330.0000000	0.0000000	30.0000000	84.9804329	331.2692165	225.2278332	65.2292565
whole-sign	333.300	40.0000	23.4393	24.0	60.0000000	90.0000000	120.0000000	150.0000000	180.0000000	210.0000000	240.0000000	270.0000000	300.0000000	330.0000000	0.0000000	30.0000000	60.9804329	307.2692165	201.2278332	41.2292565
whole-sign	333.300	47.6000	23.4393	0.0	90.0000000	120.0000000	150.0000000	180.0000000	210.0000000	240.0000000	270.0000000	300.0000000	330.0000000	0.0000000	30.0000000	60.0000000	91.4990950	331.2692165	229.0414226	65.2292565
whole-sign	333.300	47.6000	23.4393	24.0	60.0000000	90.0000000	120.0000000	150.0000000	180.0000000	210.0000000	240.0000000	270.0000000	300.0000000	330.0000000	0.0000000	30.0000000	67.4990950	307.2692165	205.0414226	41.2292565
whole-sign	333.300	60.0000	23.4393	0.0	90.0000000	120.0000000	150.0000000	180.0000000	210.0000000	240.0000000	270.0000000	300.0000000	330.0000000	0.0000000	30.0000000	60.0000000	107.2107540	331.2692165	234.3022646	65.2292565
whole-sign	333.300	60.0000	23.4393	24.0	60.0000000	90.0000000	120.0000000	150.0000000	180.0000000	210.0000000	240.0000000	270.0000000	300.0000000	330.0000000	0.0000000	30.0000000	83.2107540	307.2692165	210.3022646	41.2292565
whole-sign	333.300	66.5597	23.4393	0.0	90.0000000	120.0000000	150.0000000	180.0000000	210.0000000	240.0000000	270.0000000	300.0000000	330.0000000	0.0000000	30.0000000	60.0000000	119.4878926	331.2692165	236.7954143	65.2292565
whole-sign	333.300	66.5597	23.4393	24.0	90.0000000	120.0000000	150.0000000	180.0000000	210.0000000	240.0000000	270.0000000	300.0000000	330.0000000	0.0000000	30.0000000	60.0000000	95.4878926	307.2692165	212.7954143	41.2292565
whole-sign	333.300	66.5607	23.4393	0.0	90.0000000	120.0000000	150.0000000	180.0000000	210.0000000	240.0000000	270.0000000	300.0000000	330.0000000	0.0000000	30.0000000	60.0000000	119.4900247	331.2692165	236.7957846	65.2292565
whole-sign	333.300	66.5607	23.4393	24.0	90.0000000	120.0000000	150.0000000	180.0000000	210.0000000	240.0000000	270.0000000	300.0000000	330.0000000	0.0000000	30.0000000	60.0000000	95.4900247	307.2692165	212.7957846	41.2292565
whole-sign	333.300	66.5617	23.4393	0.0	90.0000000	120.0000000	150.0000000	180.0000000	210.0000000	240.0000000	270.0000000	300.0000000	330.0000000	0.0000000	30.0000000	60.0000000	119.4921568	331.2692165	236.7961550	65.2292565
whole-sign	333.300	66.5617	23.4393	24.0	90.0000000	120.0000000	150.0000000	180.0000000	210.0000000	240.0000000	270.0000000	300.0000000	330.0000000	0.0000000	30.0000000	60.0000000	95.4921568	307.2692165	212.7961550	41.2292565
whole-sign	333.300	70.0000	23.4393	0.0	120.0000000	150.0000000	180.0000000	210.0000000	240.0000000	270.0000000	300.0000000	330.0000000	0.0000000	30.0000000	60.0000000	90.0000000	127.3030611	331.2692165	238.0562699	65.2292565
whole-sign	333.300	70.0000	23.4393	24.0	90.0000000	120.0000000	150.0000000	180.0000000	210.0000000	240.0000000	270.0000000	300.0000000	330.0000000	0.0000000	30.0000000	60.0000000	103.3030611	307.2692165	214.0562699	41.2292565
whole-sign	333.300	89.9990	23.4393	0.0	330.0000000	0.0000000	30.0000000	60.0000000	90.0000000	120.0000000	150.0000000	180.0000000	210.0000000	240.0000000	270.0000000	300.0000000	359.9977541	331.2692165	245.2288894	65.2292565
whole-sign	333.300	89.9990	23.4393	24.0	330.0000000	0.0000000	30.0000000	60.0000000	90.0000000	120.0000000	150.0000000	180.0000000	210.0000000	240.0000000	270.0000000	300.0000000	335.9977541	307.2692165	221.2288894	41.2292565
whole-sign	333.300	90.0000	23.4393	0.0	refused	refused	refused	refused	refused	refused	refused	refused	refused	refused	refused	refused	refused	refused	refused	refused
whole-sign	333.300	90.0000	23.4393	24.0	refused	refused	refused	refused	refused	refused	refused	refused	refused	refused	refused	refused	refused	refused	refused	refused
alcabitius	0.000	-89.9990	23.4393	0.0	0.0025140	62.0909207	117.9112826	180.0000000	180.0008380	180.0016760	180.0025140	242.0909207	297.9112826	0.0000000	0.0008380	0.0016760	0.0025140	0.0000000	270.0003978	90.0000000
alcabitius	0.000	-89.9990	23.4393	24.0	336.0025140	38.0909207	93.9112826	156.0000000	156.0008380	156.0016760	156.0025140	218.0909207	273.9112826	336.0000000	336.0008380	336.0016760	336.0025140	336.0000000	246.0003978	66.0000000
alcabitius	0.000	-80.0000	23.4393	0.0	23.9067834	75.9606423	125.0262391	180.0000000	188.0324208	196.0160030	203.9067834	255.9606423	305.0262391	0.0000000	8.0324208	16.0160030	23.9067834	0.0000000	274.0120907	90.0000000
alcabitius	0.000	-80.0000	23.4393	24.0	359.9067834	51.9606423	101.0262391	156.0000000	164.0324208	172.0160030	179.9067834	231.9606423	281.0262391	336.0000000	344.0324208	352.0160030	359.9067834	336.0000000	250.0120907	66.0000000
alcabitius	0.000	-66.5617	23.4393	0.0	47.4628134	89.9991620	132.5353666	180.0000000	196.2798705	212.1803101	227.4628134	269.9991620	312.5353666	0.0000000	16.2798705	32.1803101	47.4628134	0.0000000	279.7843877	90.0000000
alcabitius	0.000	-66.5617	23.4393	24.0	23.4628134	65.9991620	108.5353666	156.0000000	172.2798705	188.1803101	203.4628134	245.9991620	288.5353666	336.0000000	352.2798705	8.1803101	23.4628134	336.0000000	255.7843877	66.0000000
alcabitius	0.000	-66.5597	23.4393	0.0	47.4655433	90.0008380	132.5362766	180.0000000	196.2808536	212.1822117	227.4655433	270.0008380	312.5362766	0.0000000	16.2808536	32.1822117	47.4655433	0.0000000	279.7853055	90.0000000
alcabitius	0.000	-66.5597	23.4393	24.0	23.4655433	66.0008380	108.5362766	156.0000000	172.2808536	188.1822117	203.4655433	246.0008380	288.5362766	336.0000000	352.2808536	8.1822117	23.4655433	336.0000000	255.7853055	66.0000000
alcabitius	0.000	-60.0000	23.4393	0.0	55.4343048	94.9541407	135.2353699	180.0000000	199.1784244	217.7577591	235.4343048	274.9541407	315.2353699	0.0000000	19.1784244	37.7577591	55.4343048	0.0000000	282.9340888	90.0000000
alcabitius	0.000	-60.0000	23.4393	24.0	31.4343048	70.9541407	111.2353699	156.0000000	175.1784244	193.7577591	211.4343048	250.9541407	291.2353699	336.0000000	355.1784244	13.7577591	31.4343048	336.0000000	258.9340888	66.0000000
alcabitius	0.000	-30.0000	23.4393	0.0	77.0659112	109.0564834	142.9738517	180.0000000	207.2745554	233.0279470	257.0659112	289.0564834	322.9738517	0.0000000	27.2745554	53.0279470	77.0659112	0.0000000	304.5656952	90.0000000
alcabitius	0.000	-30.0000	23.4393	24.0	53.0659112	85.0564834	118.9738517	156.0000000	183.2745554	209.0279470	233.0659112	265.0564834	298.9738517	336.0000000	3.2745554	29.0279470	53.0659112	336.0000000	280.5656952	66.0000000
alcabitius	0.000	0.5000	23.4393	0.0	90.1988929	118.0486293	147.8939709	180.0000000	212.2564780	242.2274832	270.1988929	298.0486293	327.8939709	0.0000000	32.2564780	62.2274832	90.1988929	0.0000000	181.2568150	90.0000000
alcabitius	0.000	0.5000	23.4393	24.0	66.1988929	94.0486293	123.8939709	156.0000000	188.2564780	218.2274832	246.1988929	274.0486293	303.8939709	336.0000000	8.2564780	38.2274832	66.1988929	336.0000000	157.2568150	66.0000000
alcabitius	0.000	17.3000	23.4393	0.0	97.0626042	122.8407692	150.4965577	180.0000000	214.8405306	246.9572660	277.0626042	302.8407692	330.4965577	0.0000000	34.8405306	66.9572660	97.0626042	0.0000000	218.0614522	90.0000000
alcabitius	0.000	17.3000	23.4393	24.0	73.0626042	98.8407692	126.4965577	156.0000000	190.8405306	222.9572660	253.0626042	278.8407692	306.4965577	336.0000000	10.8405306	42.9572660	73.0626042	336.0000000	194.0614522	66.0000000
alcabitius	0.000	40.0000	23.4393	0.0	108.4577098	130.8735707	154.8161054	180.0000000	219.0538815	254.6354902	288.4577098	310.8735707	334.8161054	0.0000000	39.0538815	74.6354902	108.4577098	0.0000000	244.6365910	90.0000000
alcabitius	0.000	40.0000	23.4393	24.0	84.4577098	106.8735707	130.8161054	156.0000000	195.0538815	230.6354902	264.4577098	286.8735707	310.8161054	336.0000000	15.0538815	50.6354902	84.4577098	336.0000000	220.6365910	66.0000000
alcabitius	0.000	47.6000	23.4393	0.0	113.5389876	134.4665634	156.7282921	180.0000000	220.8901430	257.9778975	293.5389876	314.4665634	336.7282921	0.0000000	40.8901430	77.9778975	113.5389876	0.0000000	250.0379364	90.0000000
alcabitius	0.000	47.6000	23.4393	24.0	89.5389876	110.4665634	132.7282921	156.0000000	196.8901430	233.9778975	269.5389876	290.4665634	312.7282921	336.0000000	16.8901430	53.9778975	89.5389876	336.0000000	226.0379364	66.0000000
alcabitius	0.000	60.0000	23.4393	0.0	124.5656952	142.2422409	160.8215756	180.0000000	224.7646301	265.0458593	304.5656952	322.2422409	340.8215756	0.0000000	44.7646301	85.0458593	124.5656952	0.0000000	257.0659112	90.0000000
alcabitius	0.000	60.0000	23.4393	24.0	100.5656952	118.2422409	136.8215756	156.0000000	200.7646301	241.0458593	280.5656952	298.2422409	316.8215756	336.0000000	20.7646301	61.0458593	100.5656952	336.0000000	233.0659112	66.0000000
alcabitius	0.000	66.5597	23.4393	0.0	132.5344567	147.8177883	163.7191464	180.0000000	227.4637234	269.9991620	312.5344567	327.8177883	343.7191464	0.0000000	47.4637234	89.9991620	132.5344567	0.0000000	260.2146945	90.0000000
alcabitius	0.000	66.5597	23.4393	24.0	108.5344567	123.8177883	139.7191464	156.0000000	203.4637234	245.9991620	288.5344567	303.8177883	319.7191464	336.0000000	23.4637234	65.9991620	108.5344567	336.0000000	236.2146945	66.0000000
alcabitius	0.000	66.5607	23.4393	0.0	132.5358216	147.8187391	163.7196380	180.0000000	227.4641784	270.0000000	312.5358216	327.8187391	343.7196380	0.0000000	47.4641784	90.0000000	132.5358216	0.0000000	260.2151534	90.0000000
alcabitius	0.000	66.5607	23.4393	24.0	108.5358216	123.8187391	139.7196380	156.0000000	203.4641784	246.0000000	288.5358216	303.8187391	319.7196380	336.0000000	23.4641784	66.0000000	108.5358216	336.0000000	236.2151534	66.0000000
alcabitius	0.000	66.5617	23.4393	0.0	132.5371866	147.8196899	163.7201295	180.0000000	227.4646334	270.0008380	312.5371866	327.8196899	343.7201295	0.0000000	47.4646334	90.0008380	132.5371866	0.0000000	260.2156123	90.0000000
alcabitius	0.000	66.5617	23.4393	24.0	108.5371866	123.8196899	139.7201295	156.0000000	203.4646334	246.0008380	288.5371866	303.8196899	319.7201295	336.0000000	23.4646334	66.0008380	108.5371866	336.0000000	236.2156123	66.0000000
alcabitius	0.000	70.0000	23.4393	0.0	137.5411724	151.2946743	165.5110539	180.0000000	229.1160425	273.0504742	317.5411724	331.2946743	345.5110539	0.0000000	49.1160425	93.0504742	137.5411724	0.0000000	261.7620094	90.0000000
alcabitius	0.000	70.0000	23.4393	24.0	113.5411724	127.2946743	141.5110539	156.0000000	205.1160425	249.0504742	293.5411724	307.2946743	321.5110539	336.0000000	25.1160425	69.0504742	113.5411724	336.0000000	237.7620094	66.0000000
alcabitius	0.000	89.9990	23.4393	0.0	179.9974860	179.9983240	179.9991620	180.0000000	242.0887174	297.9090793	359.9974860	359.9983240	359.9991620	0.0000000	62.0887174	117.9090793	179.9974860	0.0000000	269.9996022	90.0000000
alcabitius	0.000	89.9990	23.4393	24.0	155.9974860	155.9983240	155.9991620	156.0000000	218.0887174	273.9090793	335.9974860	335.9983240	335.9991620	336.0000000	38.0887174	93.9090793	155.9974860	336.0000000	245.9996022	66.0000000
alcabitius	0.000	90.0000	23.4393	0.0	refused	refused	refused	refused	refused	refused	refused	refused	refused	refused	refused	refused	refused	refused	refused	refused
alcabitius	0.000	90.0000	23.4393	24.0	refused	refused	refused	refused	refused	refused	refused	refused	refused	refused	refused	refused	refused	refused	refused	refused
alcabitius	77.100	-89.9990	23.4393	0.0	180.0005613	207.6797318	233.7805142	258.1330088	289.7765775	323.3693139	0.0005613	27.6797318	53.7805142	78.1330088	109.7765775	143.3693139	180.0005613	78.1330088	345.9838421	165.9837376
alcabitius	77.100	-89.9990	23.4393	24.0	156.0005613	183.6797318	209.7805142	234.1330088	265.7765775	299.3693139	336.0005613	3.6797318	29.7805142	54.1330088	85.7765775	119.3693139	156.0005613	54.1330088	321.9838421	141.9837376
alcabitius	77.100	-80.0000	23.4393	0.0	189.3115820	213.6394118	236.5571773	258.1330088	292.4566830	329.2824523	9.3115820	33.6394118	56.5571773	78.1330088	112.4566830	149.2824523	189.3115820	78.1330088	346.9669598	165.9837376
alcabitius	77.100	-80.0000	23.4393	24.0	165.3115820	189.6394118	212.5571773	234.1330088	268.4566830	305.2824523	345.3115820	9.6394118	32.5571773	54.1330088	88.4566830	125.2824523	165.3115820	54.1330088	322.9669598	141.9837376
alcabitius	77.100	-66.5617	23.4393	0.0	84.0671498	138.9656759	200.8337091	258.1330088	260.1150977	262.0928624	264.0671498	318.9656759	20.8337091	78.1330088	80.1150977	82.0928624	84.0671498	78.1330088	348.1799742	165.9837376
alcabitius	77.100	-66.5617	23.4393	24.0	60.0671498	114.9656759	176.8337091	234.1330088	236.1150977	238.0928624	240.0671498	294.9656759	356.8337091	54.1330088	56.1150977	58.0928624	60.0671498	54.1330088	324.1799742	141.9837376
alcabitius	77.100	-66.5597	23.4393	0.0	84.0894317	138.9820868	200.8423386	258.1330088	260.1225512	262.1077399	264.0894317	318.9820868	20.8423386	78.1330088	80.1225512	82.1077399	84.0894317	78.1330088	348.1801518	165.9837376
alcabitius	77.100	-66.5597	23.4393	24.0	60.0894317	114.9820868	176.8423386	234.1330088	236.1225512	238.1077399	240.0894317	294.9820868	356.8423386	54.1330088	56.1225512	58.1077399	60.0894317	54.1330088	324.1801518	141.9837376
alcabitius	77.100	-60.0000	23.4393	0.0	132.6092259	175.3683842	218.8095142	258.1330088	275.8983182	293.8705046	312.6092259	355.3683842	38.8095142	78.1330088	95.8983182	113.8705046	132.6092259	78.1330088	348.7658854	165.9837376
alcabitius	77.100	-60.0000	23.4393	24.0	108.6092259	151.3683842	194.8095142	234.1330088	251.8983182	269.8705046	288.6092259	331.3683842	14.8095142	54.1330088	71.8983182	89.8705046	108.6092259	54.1330088	324.7658854	141.9837376
alcabitius	77.100	-30.0000	23.4393	0.0	161.4337456	195.5067249	228.1517506	258.1330088	284.4525523	311.8209236	341.4337456	15.5067249	48.1517506	78.1330088	104.4525523	131.8209236	161.4337456	78.1330088	351.9740138	165.9837376
alcabitius	77.100	-30.0000	23.4393	24.0	137.4337456	171.5067249	204.1517506	234.1330088	260.4525523	287.8209236	317.4337456	351.5067249	24.1517506	54.1330088	80.4525523	107.8209236	137.4337456	54.1330088	327.9740138	141.9837376
alcabitius	77.100	0.5000	23.4393	0.0	166.0358071	198.5712528	229.5657700	258.1330088	285.7769003	314.6669018	346.0358071	18.5712528	49.5657700	78.1330088	105.7769003	134.6669018	166.0358071	78.1330088	0.2862431	165.9837376
alcabitius	77.100	0.5000	23.4393	24.0	142.0358071	174.5712528	205.5657700	234.1330088	261.7769003	290.6669018	322.0358071	354.5712528	25.5657700	54.1330088	81.7769003	110.6669018	142.0358071	54.1330088	336.2862431	141.9837376
alcabitius	77.100	17.3000	23.4393	0.0	167.6332833	199.6268668	230.0531003	258.1330088	286.2353114	315.6562360	347.6332833	19.6268668	50.0531003	78.1330088	106.2353114	135.6562360	167.6332833	78.1330088	30.2515161	165.9837376
alcabitius	77.100	17.3000	23.4393	24.0	143.6332833	175.6268668	206.0531003	234.1330088	262.2353114	291.6562360	323.6332833	355.6268668	26.0531003	54.1330088	82.2353114	111.6562360	143.6332833	54.1330088	6.2515161	141.9837376
alcabitius	77.100	40.0000	23.4393	0.0	169.6970010	200.9847754	230.6802917	258.1330088	286.8268099	316.9359661	349.6970010	20.9847754	50.6802917	78.1330088	106.8268099	136.9359661	169.6970010	78.1330088	332.0226615	165.9837376
alcabitius	77.100	40.0000	23.4393	24.0	145.6970010	176.9847754	206.6802917	234.1330088	262.8268099	292.9359661	325.6970010	356.9847754	26.6802917	54.1330088	82.8268099	112.9359661	145.6970010	54.1330088	308.0226615	141.9837376
alcabitius	77.100	47.6000	23.4393	0.0	170.4709513	201.4924116	230.9148641	258.1330088	287.0484787	317.4164665	350.4709513	21.4924116	50.9148641	78.1330088	107.0484787	137.4164665	170.4709513	78.1330088	337.2005482	165.9837376
alcabitius	77.100	47.6000	23.4393	24.0	146.4709513	177.4924116	206.9148641	234.1330088	263.0484787	293.4164665	326.4709513	357.4924116	26.9148641	54.1330088	83.0484787	113.4164665	146.4709513	54.1330088	313.2005482	141.9837376
alcabitius	77.100	60.0000	23.4393	0.0	171.9740138	202.4758634	231.3694931	258.1330088	287.4787960	318.3506484	351.9740138	22.4758634	51.3694931	78.1330088	107.4787960	138.3506484	171.9740138	78.1330088	341.4337456	165.9837376
alcabitius	77.100	60.0000	23.4393	24.0	147.9740138	178.4758634	207.3694931	234.1330088	263.4787960	294.3506484	327.9740138	358.4758634	27.3694931	54.1330088	83.4787960	114.3506484	147.9740138	54.1330088	317.4337456	141.9837376
alcabitius	77.100	66.5597	23.4393	0.0	172.9752810	203.1292860	231.6717075	258.1330088	287.7653615	318.9737765	352.9752810	23.1292860	51.6717075	78.1330088	107.7653615	138.9737765	172.9752810	78.1330088	342.8146954	165.9837376
alcabitius	77.100	66.5597	23.4393	24.0	148.9752810	179.1292860	207.6717075	234.1330088	263.7653615	294.9737765	328.9752810	359.1292860	27.6717075	54.1330088	83.7653615	114.9737765	148.9752810	54.1330088	318.8146954	141.9837376
alcabitius	77.100	66.5607	23.4393	0.0	172.9754494	203.1293958	231.6717582	258.1330088	287.7654097	318.9738814	352.9754494	23.1293958	51.6717582	78.1330088	107.7654097	138.9738814	172.9754494	78.1330088	342.8148802	165.9837376
alcabitius	77.100	66.5607	23.4393	24.0	148.9754494	179.1293958	207.6717582	234.1330088	263.7654097	294.9738814	328.9754494	359.1293958	27.6717582	54.1330088	83.7654097	114.9738814	148.9754494	54.1330088	318.8148802	141.9837376
alcabitius	77.100	66.5617	23.4393	0.0	172.9756178	203.1295056	231.6718090	258.1330088	287.7654579	318.9739863	352.9756178	23.1295056	51.6718090	78.1330088	107.7654579	138.9739863	172.9756178	78.1330088	342.8150650	165.9837376
alcabitius	77.100	66.5617	23.4393	24.0	148.9756178	179.1295056	207.6718090	234.1330088	263.7654579	294.9739863	328.9756178	359.1295056	27.6718090	54.1330088	83.7654579	114.9739863	148.9756178	54.1330088	318.8150650	141.9837376
alcabitius	77.100	70.0000	23.4393	0.0	173.5900684	203.5298412	231.8570328	258.1330088	287.9412943	319.3567370	353.5900684	23.5298412	51.8570328	78.1330088	107.9412943	139.3567370	173.5900684	78.1330088	343.4140046	165.9837376
alcabitius	77.100	70.0000	23.4393	24.0	149.5900684	179.5298412	207.8570328	234.1330088	263.9412943	295.3567370	329.5900684	359.5298412	27.8570328	54.1330088	83.9412943	115.3567370	149.5900684	54.1330088	319.4140046	141.9837376
alcabitius	77.100	89.9990	23.4393	0.0	179.9994388	207.6790090	233.7801785	258.1330088	289.7762558	323.3686078	359.9994388	27.6790090	53.7801785	78.1330088	109.7762558	143.3686078	179.9994388	78.1330088	345.9836331	165.9837376
alcabitius	77.100	89.9990	23.4393	24.0	155.9994388	183.6790090	209.7801785	234.1330088	265.7762558	299.3686078	335.9994388	3.6790090	29.7801785	54.1330088	85.7762558	119.3686078	155.9994388	54.1330088	321.9836331	141.9837376
alcabitius	77.100	90.0000	23.4393	0.0	refused	refused	refused	refused	refused	refused	refused	refused	refused	refused	refused	refused	refused	refused	refused	refused
alcabitius	77.100	90.0000	23.4393	24.0	refused	refused	refused	refused	refused	refused	refused	refused	refused	refused	refused	refused	refused	refused	refused	refused
alcabitius	143.300	-89.9990	23.4393	0.0	179.9979843	230.2080350	275.0786622	320.9090413	333.6203050	346.7026215	359.9979843	50.2080350	95.0786622	140.9090413	153.6203050	166.7026215	179.9979843	140.9090413	55.6326085	235.6329465
alcabitius	143.300	-89.9990	23.4393	24.0	155.9979843	206.2080350	251.0786622	296.9090413	309.6203050	322.7026215	335.9979843	26.2080350	71.0786622	116.9090413	129.6203050	142.7026215	155.9979843	116.9090413	31.6326085	211.6329465
alcabitius	143.300	-80.0000	23.4393	0.0	154.8483245	214.4950399	267.9489976	320.9090413	325.4988888	330.1465502	334.8483245	34.4950399	87.9489976	140.9090413	145.4988888	150.1465502	154.8483245	140.9090413	52.3552223	235.6329465
alcabitius	143.300	-80.0000	23.4393	24.0	130.8483245	190.4950399	243.9489976	296.9090413	301.4988888	306.1465502	310.8483245	10.4950399	63.9489976	116.9090413	121.4988888	126.1465502	130.8483245	116.9090413	28.3552223	211.6329465
alcabitius	143.300	-66.5617	23.4393	0.0	294.7259454	303.2361536	311.9560577	320.9090413	15.6531571	67.3423422	114.7259454	123.2361536	131.9560577	140.9090413	195.6531571	247.3423422	294.7259454	140.9090413	48.0459048	235.6329465
alcabitius	143.300	-66.5617	23.4393	24.0	270.7259454	279.2361536	287.9560577	296.9090413	351.6531571	43.3423422	90.7259454	99.2361536	107.9560577	116.9090413	171.6531571	223.3423422	270.7259454	116.9090413	24.0459048	211.6329465
alcabitius	143.300	-66.5597	23.4393	0.0	294.7207713	303.2326255	311.9542476	320.9090413	15.6511963	67.3389095	114.7207713	123.2326255	131.9542476	140.9090413	195.6511963	247.3389095	294.7207713	140.9090413	48.0452529	235.6329465
alcabitius	143.300	-66.5597	23.4393	24.0	270.7207713	279.2326255	287.9542476	296.9090413	351.6511963	43.3389095	90.7207713	99.2326255	107.9542476	116.9090413	171.6511963	223.3389095	270.7207713	116.9090413	24.0452529	211.6329465
alcabitius	143.300	-60.0000	23.4393	0.0	279.9504729	293.1469722	306.7496870	320.9090413	9.9481381	57.2661232	99.9504729	113.1469722	126.7496870	140.9090413	189.9481381	237.2661232	279.9504729	140.9090413	45.8634464	235.6329465
alcabitius	143.300	-60.0000	23.4393	24.0	255.9504729	269.1469722	282.7496870	296.9090413	345.9481381	33.2661232	75.9504729	89.1469722	102.7496870	116.9090413	165.9481381	213.2661232	255.9504729	116.9090413	21.8634464	211.6329465
alcabitius	143.300	-30.0000	23.4393	0.0	248.3254087	271.9750029	295.7445216	320.9090413	357.5219799	34.4154195	68.3254087	91.9750029	115.7445216	140.9090413	177.5219799	214.4154195	248.3254087	140.9090413	32.9438141	235.6329465
alcabitius	143.300	-30.0000	23.4393	24.0	224.3254087	247.9750029	271.7445216	296.9090413	333.5219799	10.4154195	44.3254087	67.9750029	91.7445216	116.9090413	153.5219799	190.4154195	224.3254087	116.9090413	8.9438141	211.6329465
alcabitius	143.300	0.5000	23.4393	0.0	235.4642676	263.7421388	291.5060925	320.9090413	352.6407916	25.0230358	55.4642676	83.7421388	111.5060925	140.9090413	172.6407916	205.0230358	235.4642676	140.9090413	358.9799910	235.6329465
alcabitius	143.300	0.5000	23.4393	24.0	211.4642676	239.7421388	267.5060925	296.9090413	328.6407916	1.0230358	31.4642676	59.7421388	87.5060925	116.9090413	148.6407916	181.0230358	211.4642676	116.9090413	334.9799910	211.6329465
alcabitius	143.300	17.3000	23.4393	0.0	230.0237225	260.3364965	289.7698427	320.9090413	350.6320450	21.0900091	50.0237225	80.3364965	109.7698427	140.9090413	170.6320450	201.0900091	230.0237225	140.9090413	132.2705043	235.6329465
alcabitius	143.300	17.3000	23.4393	24.0	206.0237225	236.3364965	265.7698427	296.9090413	326.6320450	357.0900091	26.0237225	56.3364965	85.7698427	116.9090413	146.6320450	177.0900091	206.0237225	116.9090413	108.2705043	211.6329465
alcabitius	143.300	40.0000	23.4393	0.0	222.2694246	255.5552871	287.3536942	320.9090413	347.8310848	15.5454433	42.2694246	75.5552871	107.3536942	140.9090413	167.8310848	195.5454433	222.2694246	140.9090413	84.7085509	235.6329465
alcabitius	143.300	40.0000	23.4393	24.0	198.2694246	231.5552871	263.3536942	296.9090413	323.8310848	351.5454433	18.2694246	51.5552871	83.3536942	116.9090413	143.8310848	171.5454433	198.2694246	116.9090413	60.7085509	211.6329465
alcabitius	143.300	47.6000	23.4393	0.0	219.1755211	253.6689855	286.4081192	320.9090413	346.7337863	13.3557072	39.1755211	73.6689855	106.4081192	140.9090413	166.7337863	193.3557072	219.1755211	140.9090413	77.0010017	235.6329465
alcabitius	143.300	47.6000	23.4393	24.0	195.1755211	229.6689855	262.4081192	296.9090413	322.7337863	349.3557072	15.1755211	49.6689855	82.4081192	116.9090413	142.7337863	169.3557072	195.1755211	116.9090413	53.0010017	211.6329465
alcabitius	143.300	60.0000	23.4393	0.0	212.9438141	249.9005946	284.5332273	320.9090413	344.5573126	8.9863591	32.9438141	69.9005946	104.5332273	140.9090413	164.5573126	188.9863591	212.9438141	140.9090413	68.3254087	235.6329465
alcabitius	143.300	60.0000	23.4393	24.0	188.9438141	225.9005946	260.5332273	296.9090413	320.5573126	344.9863591	8.9438141	45.9005946	80.5332273	116.9090413	140.5573126	164.9863591	188.9438141	116.9090413	44.3254087	211.6329465
alcabitius	143.300	66.5597	23.4393	0.0	208.6789977	247.3410581	283.2711158	320.9090413	343.0922923	6.0279839	28.6789977	67.3410581	103.2711158	140.9090413	163.0922923	186.0279839	208.6789977	140.9090413	64.8844564	235.6329465
alcabitius	143.300	66.5597	23.4393	24.0	184.6789977	223.3410581	259.2711158	296.9090413	319.0922923	342.0279839	4.6789977	43.3410581	79.2711158	116.9090413	139.0922923	162.0279839	184.6789977	116.9090413	40.8844564	211.6329465
alcabitius	143.300	66.5607	23.4393	0.0	208.6782757	247.3406259	283.2709035	320.9090413	343.0920459	6.0274852	28.6782757	67.3406259	103.2709035	140.9090413	163.0920459	186.0274852	208.6782757	140.9090413	64.8839732	235.6329465
alcabitius	143.300	66.5607	23.4393	24.0	184.6782757	223.3406259	259.2709035	296.9090413	319.0920459	342.0274852	4.6782757	43.3406259	79.2709035	116.9090413	139.0920459	162.0274852	184.6782757	116.9090413	40.8839732	211.6329465
alcabitius	143.300	66.5617	23.4393	0.0	208.6775536	247.3401936	283.2706911	320.9090413	343.0917994	6.0269865	28.6775536	67.3401936	103.2706911	140.9090413	163.0917994	186.0269865	208.6775536	140.9090413	64.8834900	235.6329465
alcabitius	143.300	66.5617	23.4393	24.0	184.6775536	223.3401936	259.2706911	296.9090413	319.0917994	342.0269865	4.6775536	43.3401936	79.2706911	116.9090413	139.0917994	162.0269865	184.6775536	116.9090413	40.8834900	211.6329465
alcabitius	143.300	70.0000	23.4393	0.0	206.0369790	245.7614507	282.4969760	320.9090413	342.1939890	4.2080301	26.0369790	65.7614507	102.4969760	140.9090413	162.1939890	184.2080301	206.0369790	140.9090413	63.2840281	235.6329465
alcabitius	143.300	70.0000	23.4393	24.0	182.0369790	221.7614507	258.4969760	296.9090413	318.1939890	340.2080301	2.0369790	41.7614507	78.4969760	116.9090413	138.1939890	160.2080301	182.0369790	116.9090413	39.2840281	211.6329465
alcabitius	143.300	89.9990	23.4393	0.0	180.0020156	230.2104715	275.0797950	320.9090413	333.6216068	346.7052865	0.0020156	50.2104715	95.0797950	140.9090413	153.6216068	166.7052865	180.0020156	140.9090413	55.6332845	235.6329465
alcabitius	143.300	89.9990	23.4393	24.0	156.0020156	206.2104715	251.0797950	296.9090413	309.6216068	322.7052865	336.0020156	26.2104715	71.0797950	116.9090413	129.6216068	142.7052865	156.0020156	116.9090413	31.6332845	211.6329465
alcabitius	143.300	90.0000	23.4393	0.0	refused	refused	refused	refused	refused	refused	refused	refused	refused	refused	refused	refused	refused	refused	refused	refused
alcabitius	143.300	90.0000	23.4393	24.0	refused	refused	refused	refused	refused	refused	refused	refused	refused	refused	refused	refused	refused	refused	refused	refused
alcabitius	200.000	-89.9990	23.4393	0.0	359.9976377	7.2585556	14.4832614	21.6385041	74.6403330	124.3332355	179.9976377	187.2585556	194.4832614	201.6385041	254.6403330	304.3332355	359.9976377	201.6385041	108.4656467	288.4660276
alcabitius	200.000	-89.9990	23.4393	24.0	335.9976377	343.2585556	350.4832614	357.6385041	50.6403330	100.3332355	155.9976377	163.2585556	170.4832614	177.6385041	230.6403330	280.3332355	335.9976377	177.6385041	84.4656467	264.4660276
alcabitius	200.000	-80.0000	23.4393	0.0	339.9134840	353.7934275	7.7866216	21.6385041	68.8636496	112.5041660	159.9134840	173.7934275	187.7866216	201.6385041	248.8636496	292.5041660	339.9134840	201.6385041	104.5364229	288.4660276
alcabitius	200.000	-80.0000	23.4393	24.0	315.9134840	329.7934275	343.7866216	357.6385041	44.8636496	88.5041660	135.9134840	149.7934275	163.7866216	177.6385041	224.8636496	268.5041660	315.9134840	177.6385041	80.5364229	264.4660276
alcabitius	200.000	-66.5617	23.4393	0.0	322.6506922	341.9288450	1.8168183	21.6385041	63.6786146	102.2684251	142.6506922	161.9288450	181.8168183	201.6385041	243.6786146	282.2684251	322.6506922	201.6385041	98.5542613	288.4660276
alcabitius	200.000	-66.5617	23.4393	24.0	298.6506922	317.9288450	337.8168183	357.6385041	39.6786146	78.2684251	118.6506922	137.9288450	157.8168183	177.6385041	219.6786146	258.2684251	298.6506922	177.6385041	74.5542613	264.4660276
alcabitius	200.000	-66.5597	23.4393	0.0	322.6487228	341.9274721	1.8161213	21.6385041	63.6780061	102.2672416	142.6487228	161.9274721	181.8161213	201.6385041	243.6780061	282.2672416	322.6487228	201.6385041	98.5532778	288.4660276
alcabitius	200.000	-66.5597	23.4393	24.0	298.6487228	317.9274721	337.8161213	357.6385041	39.6780061	78.2672416	118.6487228	137.9274721	157.8161213	177.6385041	219.6780061	258.2672416	298.6487228	177.6385041	74.5532778	264.4660276
alcabitius	200.000	-60.0000	23.4393	0.0	316.8598438	337.8725653	359.7500407	21.6385041	61.8703140	98.7667678	136.8598438	157.8725653	179.7500407	201.6385041	241.8703140	278.7667678	316.8598438	201.6385041	95.1166445	288.4660276
alcabitius	200.000	-60.0000	23.4393	24.0	292.8598438	313.8725653	335.7500407	357.6385041	37.8703140	74.7667678	112.8598438	133.8725653	155.7500407	177.6385041	217.8703140	254.7667678	292.8598438	177.6385041	71.1166445	264.4660276
alcabitius	200.000	-30.0000	23.4393	0.0	300.0421617	325.8978315	353.5464744	21.6385041	56.3858170	88.3026564	120.0421617	145.8978315	173.5464744	201.6385041	236.3858170	268.3026564	300.0421617	201.6385041	68.2355982	288.4660276
alcabitius	200.000	-30.0000	23.4393	24.0	276.0421617	301.8978315	329.5464744	357.6385041	32.3858170	64.3026564	96.0421617	121.8978315	149.5464744	177.6385041	212.3858170	244.3026564	276.0421617	177.6385041	44.2355982	264.4660276
alcabitius	200.000	0.5000	23.4393	0.0	288.2753932	317.4174614	349.0475247	21.6385041	52.3420577	80.6851205	108.2753932	137.4174614	169.0475247	201.6385041	232.3420577	260.6851205	288.2753932	201.6385041	178.8270310	288.4660276
alcabitius	200.000	0.5000	23.4393	24.0	264.2753932	293.4174614	325.0475247	357.6385041	28.3420577	56.6851205	84.2753932	113.4174614	145.0475247	177.6385041	208.3420577	236.6851205	264.2753932	177.6385041	154.8270310	264.4660276
alcabitius	200.000	17.3000	23.4393	0.0	281.4250878	312.4840269	346.3877023	21.6385041	49.9199433	76.1401692	101.4250878	132.4840269	166.3877023	201.6385041	229.9199433	256.1401692	281.4250878	201.6385041	149.4312502	288.4660276
alcabitius	200.000	17.3000	23.4393	24.0	257.4250878	288.4840269	322.3877023	357.6385041	25.9199433	52.1401692	77.4250878	108.4840269	142.3877023	177.6385041	205.9199433	232.1401692	257.4250878	177.6385041	125.4312502	264.4660276
alcabitius	200.000	40.0000	23.4393	0.0	268.7821000	303.4752423	341.4534274	21.6385041	45.3561722	67.5748244	88.7821000	123.4752423	161.4534274	201.6385041	225.3561722	247.5748244	268.7821000	201.6385041	129.9768823	288.4660276
alcabitius	200.000	40.0000	23.4393	24.0	244.7821000	279.4752423	317.4534274	357.6385041	21.3561722	43.5748244	64.7821000	99.4752423	137.4534274	177.6385041	201.3561722	223.5748244	244.7821000	177.6385041	105.9768823	264.4660276
alcabitius	200.000	47.6000	23.4393	0.0	262.6132136	299.1590239	339.0577345	21.6385041	43.1042194	63.3338783	82.6132136	119.1590239	159.0577345	201.6385041	223.1042194	243.3338783	262.6132136	201.6385041	125.7715209	288.4660276
alcabitius	200.000	47.6000	23.4393	24.0	238.6132136	275.1590239	315.0577345	357.6385041	19.1042194	39.3338783	58.6132136	95.1590239	135.0577345	177.6385041	199.1042194	219.3338783	238.6132136	177.6385041	101.7715209	264.4660276
alcabitius	200.000	60.0000	23.4393	0.0	248.2355982	289.3912301	333.5798761	21.6385041	37.8574384	53.3781324	68.2355982	109.3912301	153.5798761	201.6385041	217.8574384	233.3781324	248.2355982	201.6385041	120.0421617	288.4660276
alcabitius	200.000	60.0000	23.4393	24.0	224.2355982	265.3912301	309.5798761	357.6385041	13.8574384	29.3781324	44.2355982	85.3912301	129.5798761	177.6385041	193.8574384	209.3781324	224.2355982	177.6385041	96.0421617	264.4660276
alcabitius	200.000	66.5597	23.4393	0.0	237.2840765	282.2690402	329.5583443	21.6385041	33.9130157	45.8008173	57.2840765	102.2690402	149.5583443	201.6385041	213.9130157	225.8008173	237.2840765	201.6385041	117.3602317	288.4660276
alcabitius	200.000	66.5597	23.4393	24.0	213.2840765	258.2690402	305.5583443	357.6385041	9.9130157	21.8008173	33.2840765	78.2690402	125.5583443	177.6385041	189.9130157	201.8008173	213.2840765	177.6385041	93.3602317	264.4660276
alcabitius	200.000	66.5607	23.4393	0.0	237.2821828	282.2678333	329.5576624	21.6385041	33.9123399	45.7995112	57.2821828	102.2678333	149.5576624	201.6385041	213.9123399	225.7995112	237.2821828	201.6385041	117.3598350	288.4660276
alcabitius	200.000	66.5607	23.4393	24.0	213.2821828	258.2678333	305.5576624	357.6385041	9.9123399	21.7995112	33.2821828	78.2678333	125.5576624	177.6385041	189.9123399	201.7995112	213.2821828	177.6385041	93.3598350	264.4660276
alcabitius	200.000	66.5617	23.4393	0.0	237.2802890	282.2666264	329.5569804	21.6385041	33.9116640	45.7982051	57.2802890	102.2666264	149.5569804	201.6385041	213.9116640	225.7982051	237.2802890	201.6385041	117.3594383	288.4660276
alcabitius	200.000	66.5617	23.4393	24.0	213.2802890	258.2666264	305.5569804	357.6385041	9.9116640	21.7982051	33.2802890	78.2666264	125.5569804	177.6385041	189.9116640	201.7982051	213.2802890	177.6385041	93.3594383	264.4660276
alcabitius	200.000	70.0000	23.4393	0.0	230.3383184	277.8980469	327.0897876	21.6385041	31.4509217	41.0242966	50.3383184	97.8980469	147.0897876	201.6385041	211.4509217	221.0242966	230.3383184	201.6385041	116.0126922	288.4660276
alcabitius	200.000	70.0000	23.4393	24.0	206.3383184	253.8980469	303.0897876	357.6385041	7.4509217	17.0242966	26.3383184	73.8980469	123.0897876	177.6385041	187.4509217	197.0242966	206.3383184	177.6385041	92.0126922	264.4660276
alcabitius	200.000	89.9990	23.4393	0.0	0.0023624	7.2616974	14.4848207	21.6385041	74.6416762	124.3360455	180.0023624	187.2616974	194.4848207	201.6385041	254.6416762	304.3360455	0.0023624	201.6385041	108.4664084	288.4660276
alcabitius	200.000	89.9990	23.4393	24.0	336.0023624	343.2616974	350.4848207	357.6385041	50.6416762	100.3360455	156.0023624	163.2616974	170.4848207	177.6385041	230.6416762	280.3360455	336.0023624	177.6385041	84.4664084	264.4660276
alcabitius	200.000	90.0000	23.4393	0.0	refused	refused	refused	refused	refused	refused	refused	refused	refused	refused	refused	refused	refused	refused	refused	refused
alcabitius	200.000	90.0000	23.4393	24.0	refused	refused	refused	refused	refused	refused	refused	refused	refused	refused	refused	refused	refused	refused	refused	refused
alcabitius	280.457	-89.9990	23.4393	0.0	0.0004563	35.7927682	68.6948514	99.6109051	124.6311441	151.4645223	180.0004563	215.7927682	248.6948514	279.6109051	304.6311441	331.4645223	0.0004563	279.6109051	191.3740424	11.3739572
alcabitius	280.457	-89.9990	23.4393	24.0	336.0004563	11.7927682	44.6948514	75.6109051	100.6311441	127.4645223	156.0004563	191.7927682	224.6948514	255.6109051	280.6311441	307.4645223	336.0004563	255.6109051	167.3740424	347.3739572
alcabitius	280.457	-80.0000	23.4393	0.0	3.2891453	37.8609346	69.6397333	99.6109051	125.6115017	153.5834774	183.2891453	217.8609346	249.6397333	279.6109051	305.6115017	333.5834774	3.2891453	279.6109051	192.3045559	11.3739572
alcabitius	280.457	-80.0000	23.4393	24.0	339.2891453	13.8609346	45.6397333	75.6109051	101.6115017	129.5834774	159.2891453	193.8609346	225.6397333	255.6109051	281.6115017	309.5834774	339.2891453	255.6109051	168.3045559	347.3739572
alcabitius	280.457	-66.5617	23.4393	0.0	5.6956473	39.3678945	70.3305324	99.6109051	126.3312512	155.1418273	185.6956473	219.3678945	250.3305324	279.6109051	306.3312512	335.1418273	5.6956473	279.6109051	193.9659455	11.3739572
alcabitius	280.457	-66.5617	23.4393	24.0	341.6956473	15.3678945	46.3305324	75.6109051	102.3312512	131.1418273	161.6956473	195.3678945	226.3305324	255.6109051	282.3312512	311.1418273	341.6956473	255.6109051	169.9659455	347.3739572
alcabitius	280.457	-66.5597	23.4393	0.0	5.6959202	39.3680651	70.3306107	99.6109051	126.3313329	155.1420044	185.6959202	219.3680651	250.3306107	279.6109051	306.3313329	335.1420044	5.6959202	279.6109051	193.9662488	11.3739572
alcabitius	280.457	-66.5597	23.4393	24.0	341.6959202	15.3680651	46.3306107	75.6109051	102.3313329	131.1420044	161.6959202	195.3680651	226.3306107	255.6109051	282.3313329	311.1420044	341.6959202	255.6109051	169.9662488	347.3739572
alcabitius	280.457	-60.0000	23.4393	0.0	6.5071649	39.8750013	70.5634481	99.6109051	126.5745013	155.6689543	186.5071649	219.8750013	250.5634481	279.6109051	306.5745013	335.6689543	6.5071649	279.6109051	195.1015586	11.3739572
alcabitius	280.457	-60.0000	23.4393	24.0	342.5071649	15.8750013	46.5634481	75.6109051	102.5745013	131.6689543	162.5071649	195.8750013	226.5634481	255.6109051	282.5745013	311.6689543	342.5071649	255.6109051	171.1015586	347.3739572
alcabitius	280.457	-30.0000	23.4393	0.0	9.1096939	41.4981244	71.3105399	99.6109051	127.3566881	157.3653679	189.1096939	221.4981244	251.3105399	279.6109051	307.3566881	337.3653679	9.1096939	279.6109051	220.3980752	11.3739572
alcabitius	280.457	-30.0000	23.4393	24.0	345.1096939	17.4981244	47.3105399	75.6109051	103.3566881	133.3653679	165.1096939	197.4981244	227.3105399	255.6109051	283.3566881	313.3653679	345.1096939	255.6109051	196.3980752	347.3739572
alcabitius	280.457	0.5000	23.4393	0.0	11.4167356	42.9335162	71.9732888	99.6109051	128.0530491	158.8772158	191.4167356	222.9335162	251.9732888	279.6109051	308.0530491	338.8772158	11.4167356	279.6109051	180.2237160	11.3739572
alcabitius	280.457	0.5000	23.4393	24.0	347.4167356	18.9335162	47.9732888	75.6109051	104.0530491	134.8772158	167.4167356	198.9335162	227.9732888	255.6109051	284.0530491	314.8772158	347.4167356	255.6109051	156.2237160	347.3739572
alcabitius	280.457	17.3000	23.4393	0.0	13.1258215	43.9951944	72.4647680	99.6109051	128.5709548	160.0024215	193.1258215	223.9951944	252.4647680	279.6109051	308.5709548	340.0024215	13.1258215	279.6109051	184.7606192	11.3739572
alcabitius	280.457	17.3000	23.4393	24.0	349.1258215	19.9951944	48.4647680	75.6109051	104.5709548	136.0024215	169.1258215	199.9951944	228.4647680	255.6109051	284.5709548	316.0024215	349.1258215	255.6109051	160.7606192	347.3739572
alcabitius	280.457	40.0000	23.4393	0.0	17.7069435	46.8361169	73.7854250	99.6109051	129.9689206	163.0420834	197.7069435	226.8361169	253.7854250	279.6109051	309.9689206	343.0420834	17.7069435	279.6109051	187.5124678	11.3739572
alcabitius	280.457	40.0000	23.4393	24.0	353.7069435	22.8361169	49.7854250	75.6109051	105.9689206	139.0420834	173.7069435	202.8361169	229.7854250	255.6109051	285.9689206	319.0420834	353.7069435	255.6109051	163.5124678	347.3739572
alcabitius	280.457	47.6000	23.4393	0.0	21.2540645	49.0334048	74.8125379	99.6109051	131.0624593	165.4211158	201.2540645	229.0334048	254.8125379	279.6109051	311.0624593	345.4211158	21.2540645	279.6109051	188.1619097	11.3739572
alcabitius	280.457	47.6000	23.4393	24.0	357.2540645	25.0334048	50.8125379	75.6109051	107.0624593	141.4211158	177.2540645	205.0334048	230.8125379	255.6109051	287.0624593	321.4211158	357.2540645	255.6109051	164.1619097	347.3739572
alcabitius	280.457	60.0000	23.4393	0.0	40.3980752	60.9482292	80.4712342	99.6109051	137.1830418	178.6998774	220.3980752	240.9482292	260.4712342	279.6109051	317.1830418	358.6998774	40.3980752	279.6109051	189.1096939	11.3739572
alcabitius	280.457	60.0000	23.4393	24.0	16.3980752	36.9482292	56.4712342	75.6109051	113.1830418	154.6998774	196.3980752	216.9482292	236.4712342	255.6109051	293.1830418	334.6998774	16.3980752	255.6109051	165.1096939	347.3739572
alcabitius	280.457	66.5597	23.4393	0.0	94.7854057	96.3918805	98.0002261	99.6109051	156.9867083	219.3577936	274.7854057	276.3918805	278.0002261	279.6109051	336.9867083	39.3577936	94.7854057	279.6109051	189.5856940	11.3739572
alcabitius	280.457	66.5597	23.4393	24.0	70.7854057	72.3918805	74.0002261	75.6109051	132.9867083	195.3577936	250.7854057	252.3918805	254.0002261	255.6109051	312.9867083	15.3577936	70.7854057	255.6109051	165.5856940	347.3739572
alcabitius	280.457	66.5607	23.4393	0.0	94.7991597	96.4010592	98.0048214	99.6109051	156.9920161	219.3679798	274.7991597	276.4010592	278.0048214	279.6109051	336.9920161	39.3679798	94.7991597	279.6109051	189.5857662	11.3739572
alcabitius	280.457	66.5607	23.4393	24.0	70.7991597	72.4010592	74.0048214	75.6109051	132.9920161	195.3679798	250.7991597	252.4010592	254.0048214	255.6109051	312.9920161	15.3679798	70.7991597	255.6109051	165.5857662	347.3739572
alcabitius	280.457	66.5617	23.4393	0.0	94.8129143	96.4102382	98.0094169	99.6109051	156.9973241	219.3781661	274.8129143	276.4102382	278.0094169	279.6109051	336.9973241	39.3781661	94.8129143	279.6109051	189.5858384	11.3739572
alcabitius	280.457	66.5617	23.4393	24.0	70.8129143	72.4102382	74.0094169	75.6109051	132.9973241	195.3781661	250.8129143	252.4102382	254.0094169	255.6109051	312.9973241	15.3781661	70.8129143	255.6109051	165.5858384	347.3739572
alcabitius	280.457	70.0000	23.4393	0.0	316.4073609	6.6017884	55.5931995	99.6109051	111.5220225	123.7464718	136.4073609	186.6017884	235.5931995	279.6109051	291.5220225	303.7464718	316.4073609	279.6109051	189.8342845	11.3739572
alcabitius	280.457	70.0000	23.4393	24.0	292.4073609	342.6017884	31.5931995	75.6109051	87.5220225	99.7464718	112.4073609	162.6017884	211.5931995	255.6109051	267.5220225	279.7464718	292.4073609	255.6109051	165.8342845	347.3739572
alcabitius	280.457	89.9990	23.4393	0.0	359.9995437	35.7921928	68.6945890	99.6109051	124.6308725	151.4639359	179.9995437	215.7921928	248.6945890	279.6109051	304.6308725	331.4639359	359.9995437	279.6109051	191.3738720	11.3739572
alcabitius	280.457	89.9990	23.4393	24.0	335.9995437	11.7921928	44.6945890	75.6109051	100.6308725	127.4639359	155.9995437	191.7921928	224.6945890	255.6109051	280.6308725	307.4639359	335.9995437	255.6109051	167.3738720	347.3739572
alcabitius	280.457	90.0000	23.4393	0.0	refused	refused	refused	refused	refused	refused	refused	refused	refused	refused	refused	refused	refused	refused	refused	refused
alcabitius	280.457	90.0000	23.4393	24.0	refused	refused	refused	refused	refused	refused	refused	refused	refused	refused	refused	refused	refused	refused	refused	refused
alcabitius	333.300	-89.9990	23.4393	0.0	0.0022459	53.4882558	101.2205531	151.2692165	160.7136840	170.3155831	180.0022459	233.4882558	281.2205531	331.2692165	340.7136840	350.3155831	0.0022459	331.2692165	245.2296236	65.2292565
alcabitius	333.300	-89.9990	23.4393	24.0	336.0022459	29.4882558	77.2205531	127.2692165	136.7136840	146.3155831	156.0022459	209.4882558	257.2205531	307.2692165	316.7136840	326.3155831	336.0022459	307.2692165	221.2296236	41.2292565
alcabitius	333.300	-80.0000	23.4393	0.0	18.5119945	64.4557236	106.4994164	151.2692165	166.8397498	182.7077403	198.5119945	244.4557236	286.4994164	331.2692165	346.8397498	2.7077403	18.5119945	331.2692165	249.0464052	65.2292565
alcabitius	333.300	-80.0000	23.4393	24.0	354.5119945	40.4557236	82.4994164	127.2692165	142.8397498	158.7077403	174.5119945	220.4557236	262.4994164	307.2692165	322.8397498	338.7077403	354.5119945	307.2692165	225.0464052	41.2292565
alcabitius	333.300	-66.5617	23.4393	0.0	33.8941933	73.5860183	111.0430734	151.2692165	172.1055197	193.2594094	213.8941933	253.5860183	291.0430734	331.2692165	352.1055197	13.2594094	33.8941933	331.2692165	254.9751963	65.2292565
alcabitius	333.300	-66.5617	23.4393	24.0	9.8941933	49.5860183	87.0430734	127.2692165	148.1055197	169.2594094	189.8941933	229.5860183	267.0430734	307.2692165	328.1055197	349.2594094	9.8941933	307.2692165	230.9751963	41.2292565
alcabitius	333.300	-66.5597	23.4393	0.0	33.8959436	73.5870669	111.0436025	151.2692165	172.1061315	193.2606264	213.8959436	253.5870669	291.0436025	331.2692165	352.1061315	13.2606264	33.8959436	331.2692165	254.9761831	65.2292565
alcabitius	333.300	-66.5597	23.4393	24.0	9.8959436	49.5870669	87.0436025	127.2692165	148.1061315	169.2606264	189.8959436	229.5870669	267.0436025	307.2692165	328.1061315	349.2606264	9.8959436	307.2692165	230.9761831	41.2292565
alcabitius	333.300	-60.0000	23.4393	0.0	39.0510900	76.6895419	112.6156702	151.2692165	173.9220914	196.8620477	219.0510900	256.6895419	292.6156702	331.2692165	353.9220914	16.8620477	39.0510900	331.2692165	258.4490906	65.2292565
alcabitius	333.300	-60.0000	23.4393	24.0	15.0510900	52.6895419	88.6156702	127.2692165	149.9220914	172.8620477	195.0510900	232.6895419	268.6156702	307.2692165	329.9220914	352.8620477	15.0510900	307.2692165	234.4490906	41.2292565
alcabitius	333.300	-30.0000	23.4393	0.0	54.3022646	86.0746142	117.4440973	151.2692165	179.4674703	207.7033958	234.3022646	266.0746142	297.4440973	331.2692165	359.4674703	27.7033958	54.3022646	331.2692165	287.2107540	65.2292565
alcabitius	333.300	-30.0000	23.4393	24.0	30.3022646	62.0746142	93.4440973	127.2692165	155.4674703	183.7033958	210.3022646	242.0746142	273.4440973	307.2692165	335.4674703	3.7033958	30.3022646	307.2692165	263.2107540	41.2292565
alcabitius	333.300	0.5000	23.4393	0.0	65.4130769	93.1469434	121.1385424	151.2692165	183.6664906	215.7343962	245.4130769	273.1469434	301.1385424	331.2692165	3.6664906	35.7343962	65.4130769	331.2692165	181.1127773	65.2292565
alcabitius	333.300	0.5000	23.4393	24.0	41.4130769	69.1469434	97.1385424	127.2692165	159.6664906	191.7343962	221.4130769	249.1469434	277.1385424	307.2692165	339.6664906	11.7343962	41.4130769	307.2692165	157.1127773	41.2292565
alcabitius	333.300	17.3000	23.4393	0.0	72.1117805	97.5121098	123.4342682	151.2692165	186.2517739	220.5982429	252.1117805	277.5121098	303.4342682	331.2692165	6.2517739	40.5982429	72.1117805	331.2692165	207.8709169	65.2292565
alcabitius	333.300	17.3000	23.4393	24.0	48.1117805	73.5121098	99.4342682	127.2692165	162.2517739	196.5982429	228.1117805	253.5121098	279.4342682	307.2692165	342.2517739	16.5982429	48.1117805	307.2692165	183.8709169	41.2292565
alcabitius	333.300	40.0000	23.4393	0.0	84.9804329	106.0917067	127.9616771	151.2692165	191.2875111	229.9005541	264.9804329	286.0917067	307.9616771	331.2692165	11.2875111	49.9005541	84.9804329	331.2692165	225.2278332	65.2292565
alcabitius	333.300	40.0000	23.4393	24.0	60.9804329	82.0917067	103.9616771	127.2692165	167.2875111	205.9005541	240.9804329	262.0917067	283.9616771	307.2692165	347.2875111	25.9005541	60.9804329	307.2692165	201.2278332	41.2292565
alcabitius	333.300	47.6000	23.4393	0.0	91.4990950	110.5166734	130.2963386	151.2692165	193.8484586	234.5511065	271.4990950	290.5166734	310.2963386	331.2692165	13.8484586	54.5511065	91.4990950	331.2692165	229.0414226	65.2292565
alcabitius	333.300	47.6000	23.4393	24.0	67.4990950	86.5166734	106.2963386	127.2692165	169.8484586	210.5511065	247.4990950	266.5166734	286.2963386	307.2692165	349.8484586	30.5511065	67.4990950	307.2692165	205.0414226	41.2292565
alcabitius	333.300	60.0000	23.4393	0.0	107.2107540	121.3046738	135.9592566	151.2692165	199.9491720	245.4538456	287.2107540	301.3046738	315.9592566	331.2692165	19.9491720	65.4538456	107.2107540	331.2692165	234.3022646	65.2292565
alcabitius	333.300	60.0000	23.4393	24.0	83.2107540	97.3046738	111.9592566	127.2692165	175.9491720	221.4538456	263.2107540	277.3046738	291.9592566	307.2692165	355.9491720	41.4538456	83.2107540	307.2692165	210.3022646	41.2292565
alcabitius	333.300	66.5597	23.4393	0.0	119.4878926	129.7563471	140.3469874	151.2692165	204.5619672	253.5851627	299.4878926	309.7563471	320.3469874	331.2692165	24.5619672	73.5851627	119.4878926	331.2692165	236.7954143	65.2292565
alcabitius	333.300	66.5597	23.4393	24.0	95.4878926	105.7563471	116.3469874	127.2692165	180.5619672	229.5851627	275.4878926	285.7563471	296.3469874	307.2692165	0.5619672	49.5851627	95.4878926	307.2692165	212.7954143	41.2292565
alcabitius	333.300	66.5607	23.4393	0.0	119.4900247	129.7578111	140.3477428	151.2692165	204.5627526	253.5865426	299.4900247	309.7578111	320.3477428	331.2692165	24.5627526	73.5865426	119.4900247	331.2692165	236.7957846	65.2292565
alcabitius	333.300	66.5607	23.4393	24.0	95.4900247	105.7578111	116.3477428	127.2692165	180.5627526	229.5865426	275.4900247	285.7578111	296.3477428	307.2692165	0.5627526	49.5865426	95.4900247	307.2692165	212.7957846	41.2292565
alcabitius	333.300	66.5617	23.4393	0.0	119.4921568	129.7592751	140.3484983	151.2692165	204.5635380	253.5879225	299.4921568	309.7592751	320.3484983	331.2692165	24.5635380	73.5879225	119.4921568	331.2692165	236.7961550	65.2292565
alcabitius	333.300	66.5617	23.4393	24.0	95.4921568	105.7592751	116.3484983	127.2692165	180.5635380	229.5879225	275.4921568	285.7592751	296.3484983	307.2692165	0.5635380	49.5879225	95.4921568	307.2692165	212.7961550	41.2292565
alcabitius	333.300	70.0000	23.4393	0.0	127.3030611	135.1071416	143.0969667	151.2692165	207.4007841	258.5683687	307.3030611	315.1071416	323.0969667	331.2692165	27.4007841	78.5683687	127.3030611	331.2692165	238.0562699	65.2292565
alcabitius	333.300	70.0000	23.4393	24.0	103.3030611	111.1071416	119.0969667	127.2692165	183.4007841	234.5683687	283.3030611	291.1071416	299.0969667	307.2692165	3.4007841	54.5683687	103.3030611	307.2692165	214.0562699	41.2292565
alcabitius	333.300	89.9990	23.4393	0.0	359.9977541	53.4855674	101.2192838	151.2692165	160.7122126	170.3126020	179.9977541	233.4855674	281.2192838	331.2692165	340.7122126	350.3126020	359.9977541	331.2692165	245.2288894	65.2292565
alcabitius	333.300	89.9990	23.4393	24.0	335.9977541	29.4855674	77.2192838	127.2692165	136.7122126	146.3126020	155.9977541	209.4855674	257.2192838	307.2692165	316.7122126	326.3126020	335.9977541	307.2692165	221.2288894	41.2292565
alcabitius	333.300	90.0000	23.4393	0.0	refused	refused	refused	refused	refused	refused	refused	refused	refused	refused	refused	refused	refused	refused	refused	refused
alcabitius	333.300	90.0000	23.4393	24.0	refused	refused	refused	refused	refused	refused	refused	refused	refused	refused	refused	refused	refused	refused	refused	refused
morinus	0.000	-89.9990	23.4393	0.0	90.0000000	122.1812609	152.0894518	180.0000000	207.9105482	237.8187391	270.0000000	302.1812609	332.0894518	0.0000000	27.9105482	57.8187391	0.0025140	0.0000000	270.0003978	90.0000000
morinus	0.000	-89.9990	23.4393	24.0	66.0000000	98.1812609	128.0894518	156.0000000	183.9105482	213.8187391	246.0000000	278.1812609	308.0894518	336.0000000	3.9105482	33.8187391	336.0025140	336.0000000	246.0003978	66.0000000
morinus	0.000	-80.0000	23.4393	0.0	90.0000000	122.1812609	152.0894518	180.0000000	207.9105482	237.8187391	270.0000000	302.1812609	332.0894518	0.0000000	27.9105482	57.8187391	23.9067834	0.0000000	274.0120907	90.0000000
morinus	0.000	-80.0000	23.4393	24.0	66.0000000	98.1812609	128.0894518	156.0000000	183.9105482	213.8187391	246.0000000	278.1812609	308.0894518	336.0000000	3.9105482	33.8187391	359.9067834	336.0000000	250.0120907	66.0000000
morinus	0.000	-66.5617	23.4393	0.0	90.0000000	122.1812609	152.0894518	180.0000000	207.9105482	237.8187391	270.0000000	302.1812609	332.0894518	0.0000000	27.9105482	57.8187391	47.4628134	0.0000000	279.7843877	90.0000000
morinus	0.000	-66.5617	23.4393	24.0	66.0000000	98.1812609	128.0894518	156.0000000	183.9105482	213.8187391	246.0000000	278.1812609	308.0894518	336.0000000	3.9105482	33.8187391	23.4628134	336.0000000	255.7843877	66.0000000
morinus	0.000	-66.5597	23.4393	0.0	90.0000000	122.1812609	152.0894518	180.0000000	207.9105482	237.8187391	270.0000000	302.1812609	332.0894518	0.0000000	27.9105482	57.8187391	47.4655433	0.0000000	279.7853055	90.0000000
morinus	0.000	-66.5597	23.4393	24.0	66.0000000	98.1812609	128.0894518	156.0000000	183.9105482	213.8187391	246.0000000	278.1812609	308.0894518	336.0000000	3.9105482	33.8187391	23.4655433	336.0000000	255.7853055	66.0000000
morinus	0.000	-60.0000	23.4393	0.0	90.0000000	122.1812609	152.0894518	180.0000000	207.9105482	237.8187391	270.0000000	302.1812609	332.0894518	0.0000000	27.9105482	57.8187391	55.4343048	0.0000000	282.9340888	90.0000000
morinus	0.000	-60.0000	23.4393	24.0	66.0000000	98.1812609	128.0894518	156.0000000	183.9105482	213.8187391	246.0000000	278.1812609	308.0894518	336.0000000	3.9105482	33.8187391	31.4343048	336.0000000	258.9340888	66.0000000
morinus	0.000	-30.0000	23.4393	0.0	90.0000000	122.1812609	152.0894518	180.0000000	207.9105482	237.8187391	270.0000000	302.1812609	332.0894518	0.0000000	27.9105482	57.8187391	77.0659112	0.0000000	304.5656952	90.0000000
morinus	0.000	-30.0000	23.4393	24.0	66.0000000	98.1812609	128.0894518	156.0000000	183.9105482	213.8187391	246.0000000	278.1812609	308.0894518	336.0000000	3.9105482	33.8187391	53.0659112	336.0000000	280.5656952	66.0000000
morinus	0.000	0.5000	23.4393	0.0	90.0000000	122.1812609	152.0894518	180.0000000	207.9105482	237.8187391	270.0000000	302.1812609	332.0894518	0.0000000	27.9105482	57.8187391	90.1988929	0.0000000	181.2568150	90.0000000
morinus	0.000	0.5000	23.4393	24.0	66.0000000	98.1812609	128.0894518	156.0000000	183.9105482	213.8187391	246.0000000	278.1812609	308.0894518	336.0000000	3.9105482	33.8187391	66.1988929	336.0000000	157.2568150	66.0000000
morinus	0.000	17.3000	23.4393	0.0	90.0000000	122.1812609	152.0894518	180.0000000	207.9105482	237.8187391	270.0000000	302.1812609	332.0894518	0.0000000	27.9105482	57.8187391	97.0626042	0.0000000	218.0614522	90.0000000
morinus	0.000	17.3000	23.4393	24.0	66.0000000	98.1812609	128.0894518	156.0000000	183.9105482	213.8187391	246.0000000	278.1812609	308.0894518	336.0000000	3.9105482	33.8187391	73.0626042	336.0000000	194.0614522	66.0000000
morinus	0.000	40.0000	23.4393	0.0	90.0000000	122.1812609	152.0894518	180.0000000	207.9105482	237.8187391	270.0000000	302.1812609	332.0894518	0.0000000	27.9105482	57.8187391	108.4577098	0.0000000	244.6365910	90.0000000
morinus	0.000	40.0000	23.4393	24.0	66.0000000	98.1812609	128.0894518	156.0000000	183.9105482	213.8187391	246.0000000	278.1812609	308.0894518	336.0000000	3.9105482	33.8187391	84.4577098	336.0000000	220.6365910	66.0000000
morinus	0.000	47.6000	23.4393	0.0	90.0000000	122.1812609	152.0894518	180.0000000	207.9105482	237.8187391	270.0000000	302.1812609	332.0894518	0.0000000	27.9105482	57.8187391	113.5389876	0.0000000	250.0379364	90.0000000
morinus	0.000	47.6000	23.4393	24.0	66.0000000	98.1812609	128.0894518	156.0000000	183.9105482	213.8187391	246.0000000	278.1812609	308.0894518	336.0000000	3.9105482	33.8187391	89.5389876	336.0000000	226.0379364	66.0000000
morinus	0.000	60.0000	23.4393	0.0	90.0000000	122.1812609	152.0894518	180.0000000	207.9105482	237.8187391	270.0000000	302.1812609	332.0894518	0.0000000	27.9105482	57.8187391	124.5656952	0.0000000	257.0659112	90.0000000
morinus	0.000	60.0000	23.4393	24.0	66.0000000	98.1812609	128.0894518	156.0000000	183.9105482	213.8187391	246.0000000	278.1812609	308.0894518	336.0000000	3.9105482	33.8187391	100.5656952	336.0000000	233.0659112	66.0000000
morinus	0.000	66.5597	23.4393	0.0	90.0000000	122.1812609	152.0894518	180.0000000	207.9105482	237.8187391	270.0000000	302.1812609	332.0894518	0.0000000	27.9105482	57.8187391	132.5344567	0.0000000	260.2146945	90.0000000
morinus	0.000	66.5597	23.4393	24.0	66.0000000	98.1812609	128.0894518	156.0000000	183.9105482	213.8187391	246.0000000	278.1812609	308.0894518	336.0000000	3.9105482	33.8187391	108.5344567	336.0000000	236.2146945	66.0000000
morinus	0.000	66.5607	23.4393	0.0	90.0000000	122.1812609	152.0894518	180.0000000	207.9105482	237.8187391	270.0000000	302.1812609	332.0894518	0.0000000	27.9105482	57.8187391	132.5358216	0.0000000	260.2151534	90.0000000
morinus	0.000	66.5607	23.4393	24.0	66.0000000	98.1812609	128.0894518	156.0000000	183.9105482	213.8187391	246.0000000	278.1812609	308.0894518	336.0000000	3.9105482	33.8187391	108.5358216	336.0000000	236.2151534	66.0000000
morinus	0.000	66.5617	23.4393	0.0	90.0000000	122.1812609	152.0894518	180.0000000	207.9105482	237.8187391	270.0000000	302.1812609	332.0894518	0.0000000	27.9105482	57.8187391	132.5371866	0.0000000	260.2156123	90.0000000
morinus	0.000	66.5617	23.4393	24.0	66.0000000	98.1812609	128.0894518	156.0000000	183.9105482	213.8187391	246.0000000	278.1812609	308.0894518	336.0000000	3.9105482	33.8187391	108.5371866	336.0000000	236.2156123	66.0000000
morinus	0.000	70.0000	23.4393	0.0	90.0000000	122.1812609	152.0894518	180.0000000	207.9105482	237.8187391	270.0000000	302.1812609	332.0894518	0.0000000	27.9105482	57.8187391	137.5411724	0.0000000	261.7620094	90.0000000
morinus	0.000	70.0000	23.4393	24.0	66.0000000	98.1812609	128.0894518	156.0000000	183.9105482	213.8187391	246.0000000	278.1812609	308.0894518	336.0000000	3.9105482	33.8187391	113.5411724	336.0000000	237.7620094	66.0000000
morinus	0.000	89.9990	23.4393	0.0	90.0000000	122.1812609	152.0894518	180.0000000	207.9105482	237.8187391	270.0000000	302.1812609	332.0894518	0.0000000	27.9105482	57.8187391	179.9974860	0.0000000	269.9996022	90.0000000
morinus	0.000	89.9990	23.4393	24.0	66.0000000	98.1812609	128.0894518	156.0000000	183.9105482	213.8187391	246.0000000	278.1812609	308.0894518	336.0000000	3.9105482	33.8187391	155.9974860	336.0000000	245.9996022	66.0000000
morinus	0.000	90.0000	23.4393	0.0	refused	refused	refused	refused	refused	refused	refused	refused	refused	refused	refused	refused	refused	refused	refused	refused
morinus	0.000	90.0000	23.4393	24.0	refused	refused	refused	refused	refused	refused	refused	refused	refused	refused	refused	refused	refused	refused	refused	refused
morinus	77.100	-89.9990	23.4393	0.0	168.1330088	195.7619490	224.6346705	255.9837376	288.5367771	319.5498570	348.1330088	15.7619490	44.6346705	75.9837376	108.5367771	139.5498570	180.0005613	78.1330088	345.9838421	165.9837376
morinus	77.100	-89.9990	23.4393	24.0	144.1330088	171.7619490	200.6346705	231.9837376	264.5367771	295.5498570	324.1330088	351.7619490	20.6346705	51.9837376	84.5367771	115.5498570	156.0005613	54.1330088	321.9838421	141.9837376
morinus	77.100	-80.0000	23.4393	0.0	168.1330088	195.7619490	224.6346705	255.9837376	288.5367771	319.5498570	348.1330088	15.7619490	44.6346705	75.9837376	108.5367771	139.5498570	189.3115820	78.1330088	346.9669598	165.9837376
morinus	77.100	-80.0000	23.4393	24.0	144.1330088	171.7619490	200.6346705	231.9837376	264.5367771	295.5498570	324.1330088	351.7619490	20.6346705	51.9837376	84.5367771	115.5498570	165.3115820	54.1330088	322.9669598	141.9837376
morinus	77.100	-66.5617	23.4393	0.0	168.1330088	195.7619490	224.6346705	255.9837376	288.5367771	319.5498570	348.1330088	15.7619490	44.6346705	75.9837376	108.5367771	139.5498570	84.0671498	78.1330088	348.1799742	165.9837376
morinus	77.100	-66.5617	23.4393	24.0	144.1330088	171.7619490	200.6346705	231.9837376	264.5367771	295.5498570	324.1330088	351.7619490	20.6346705	51.9837376	84.5367771	115.5498570	60.0671498	54.1330088	324.1799742	141.9837376
morinus	77.100	-66.5597	23.4393	0.0	168.1330088	195.7619490	224.6346705	255.9837376	288.5367771	319.5498570	348.1330088	15.7619490	44.6346705	75.9837376	108.5367771	139.5498570	84.0894317	78.1330088	348.1801518	165.9837376
morinus	77.100	-66.5597	23.4393	24.0	144.1330088	171.7619490	200.6346705	231.9837376	264.5367771	295.5498570	324.1330088	351.7619490	20.6346705	51.9837376	84.5367771	115.5498570	60.0894317	54.1330088	324.1801518	141.9837376
morinus	77.100	-60.0000	23.4393	0.0	168.1330088	195.7619490	224.6346705	255.9837376	288.5367771	319.5498570	348.1330088	15.7619490	44.6346705	75.9837376	108.5367771	139.5498570	132.6092259	78.1330088	348.7658854	165.9837376
morinus	77.100	-60.0000	23.4393	24.0	144.1330088	171.7619490	200.6346705	231.9837376	264.5367771	295.5498570	324.1330088	351.7619490	20.6346705	51.9837376	84.5367771	115.5498570	108.6092259	54.1330088	324.7658854	141.9837376
morinus	77.100	-30.0000	23.4393	0.0	168.1330088	195.7619490	224.6346705	255.9837376	288.5367771	319.5498570	348.1330088	15.7619490	44.6346705	75.9837376	108.5367771	139.5498570	161.4337456	78.1330088	351.9740138	165.9837376
morinus	77.100	-30.0000	23.4393	24.0	144.1330088	171.7619490	200.6346705	231.9837376	264.5367771	295.5498570	324.1330088	351.7619490	20.6346705	51.9837376	84.5367771	115.5498570	137.4337456	54.1330088	327.9740138	141.9837376
morinus	77.100	0.5000	23.4393	0.0	168.1330088	195.7619490	224.6346705	255.9837376	288.5367771	319.5498570	348.1330088	15.7619490	44.6346705	75.9837376	108.5367771	139.5498570	166.0358071	78.1330088	0.2862431	165.9837376
morinus	77.100	0.5000	23.4393	24.0	144.1330088	171.7619490	200.6346705	231.9837376	264.5367771	295.5498570	324.1330088	351.7619490	20.6346705	51.9837376	84.5367771	115.5498570	142.0358071	54.1330088	336.2862431	141.9837376
morinus	77.100	17.3000	23.4393	0.0	168.1330088	195.7619490	224.6346705	255.9837376	288.5367771	319.5498570	348.1330088	15.7619490	44.6346705	75.9837376	108.5367771	139.5498570	167.6332833	78.1330088	30.2515161	165.9837376
morinus	77.100	17.3000	23.4393	24.0	144.1330088	171.7619490	200.6346705	231.9837376	264.5367771	295.5498570	324.1330088	351.7619490	20.6346705	51.9837376	84.5367771	115.5498570	143.6332833	54.1330088	6.2515161	141.9837376
morinus	77.100	40.0000	23.4393	0.0	168.1330088	195.7619490	224.6346705	255.9837376	288.5367771	319.5498570	348.1330088	15.7619490	44.6346705	75.9837376	108.5367771	139.5498570	169.6970010	78.1330088	332.0226615	165.9837376
morinus	77.100	40.0000	23.4393	24.0	144.1330088	171.7619490	200.6346705	231.9837376	264.5367771	295.5498570	324.1330088	351.7619490	20.6346705	51.9837376	84.5367771	115.5498570	145.6970010	54.1330088	308.0226615	141.9837376
morinus	77.100	47.6000	23.4393	0.0	168.1330088	195.7619490	224.6346705	255.9837376	288.5367771	319.5498570	348.1330088	15.7619490	44.6346705	75.9837376	108.5367771	139.5498570	170.4709513	78.1330088	337.2005482	165.9837376
morinus	77.100	47.6000	23.4393	24.0	144.1330088	171.7619490	200.6346705	231.9837376	264.5367771	295.5498570	324.1330088	351.7619490	20.6346705	51.9837376	84.5367771	115.5498570	146.4709513	54.1330088	313.2005482	141.9837376
morinus	77.100	60.0000	23.4393	0.0	168.1330088	195.7619490	224.6346705	255.9837376	288.5367771	319.5498570	348.1330088	15.7619490	44.6346705	75.9837376	108.5367771	139.5498570	171.9740138	78.1330088	341.4337456	165.9837376
morinus	77.100	60.0000	23.4393	24.0	144.1330088	171.7619490	200.6346705	231.9837376	264.5367771	295.5498570	324.1330088	351.7619490	20.6346705	51.9837376	84.5367771	115.5498570	147.9740138	54.1330088	317.4337456	141.9837376
morinus	77.100	66.5597	23.4393	0.0	168.1330088	195.7619490	224.6346705	255.9837376	288.5367771	319.5498570	348.1330088	15.7619490	44.6346705	75.9837376	108.5367771	139.5498570	172.9752810	78.1330088	342.8146954	165.9837376
morinus	77.100	66.5597	23.4393	24.0	144.1330088	171.7619490	200.6346705	231.9837376	264.5367771	295.5498570	324.1330088	351.7619490	20.6346705	51.9837376	84.5367771	115.5498570	148.9752810	54.1330088	318.8146954	141.9837376
morinus	77.100	66.5607	23.4393	0.0	168.1330088	195.7619490	224.6346705	255.9837376	288.5367771	319.5498570	348.1330088	15.7619490	44.6346705	75.9837376	108.5367771	139.5498570	172.9754494	78.1330088	342.8148802	165.9837376
morinus	77.100	66.5607	23.4393	24.0	144.1330088	171.7619490	200.6346705	231.9837376	264.5367771	295.5498570	324.1330088	351.7619490	20.6346705	51.9837376	84.5367771	115.5498570	148.9754494	54.1330088	318.8148802	141.9837376
morinus	77.100	66.5617	23.4393	0.0	168.1330088	195.7619490	224.6346705	255.9837376	288.5367771	319.5498570	348.1330088	15.7619490	44.6346705	75.9837376	108.5367771	139.5498570	172.9756178	78.1330088	342.8150650	165.9837376
morinus	77.100	66.5617	23.4393	24.0	144.1330088	171.7619490	200.6346705	231.9837376	264.5367771	295.5498570	324.1330088	351.7619490	20.6346705	51.9837376	84.5367771	115.5498570	148.9756178	54.1330088	318.8150650	141.9837376
morinus	77.100	70.0000	23.4393	0.0	168.1330088	195.7619490	224.6346705	255.9837376	288.5367771	319.5498570	348.1330088	15.7619490	44.6346705	75.9837376	108.5367771	139.5498570	173.5900684	78.1330088	343.4140046	165.9837376
morinus	77.100	70.0000	23.4393	24.0	144.1330088	171.7619490	200.6346705	231.9837376	264.5367771	295.5498570	324.1330088	351.7619490	20.6346705	51.9837376	84.5367771	115.5498570	149.5900684	54.1330088	319.4140046	141.9837376
morinus	77.100	89.9990	23.4393	0.0	168.1330088	195.7619490	224.6346705	255.9837376	288.5367771	319.5498570	348.1330088	15.7619490	44.6346705	75.9837376	108.5367771	139.5498570	179.9994388	78.1330088	345.9836331	165.9837376
morinus	77.100	89.9990	23.4393	24.0	144.1330088	171.7619490	200.6346705	231.9837376	264.5367771	295.5498570	324.1330088	351.7619490	20.6346705	51.9837376	84.5367771	115.5498570	155.9994388	54.1330088	321.9836331	141.9837376
morinus	77.100	90.0000	23.4393	0.0	refused	refused	refused	refused	refused	refused	refused	refused	refused	refused	refused	refused	refused	refused	refused	refused
morinus	77.100	90.0000	23.4393	24.0	refused	refused	refused	refused	refused	refused	refused	refused	refused	refused	refused	refused	refused	refused	refused	refused
morinus	143.300	-89.9990	23.4393	0.0	230.9090413	262.7036345	295.1454623	325.6329465	353.8484436	21.5604714	50.9090413	82.7036345	115.1454623	145.6329465	173.8484436	201.5604714	179.9979843	140.9090413	55.6326085	235.6329465
morinus	143.300	-89.9990	23.4393	24.0	206.9090413	238.7036345	271.1454623	301.6329465	329.8484436	357.5604714	26.9090413	58.7036345	91.1454623	121.6329465	149.8484436	177.5604714	155.9979843	116.9090413	31.6326085	211.6329465
morinus	143.300	-80.0000	23.4393	0.0	230.9090413	262.7036345	295.1454623	325.6329465	353.8484436	21.5604714	50.9090413	82.7036345	115.1454623	145.6329465	173.8484436	201.5604714	154.8483245	140.9090413	52.3552223	235.6329465
morinus	143.300	-80.0000	23.4393	24.0	206.9090413	238.7036345	271.1454623	301.6329465	329.8484436	357.5604714	26.9090413	58.7036345	91.1454623	121.6329465	149.8484436	177.5604714	130.8483245	116.9090413	28.3552223	211.6329465
morinus	143.300	-66.5617	23.4393	0.0	230.9090413	262.7036345	295.1454623	325.6329465	353.8484436	21.5604714	50.9090413	82.7036345	115.1454623	145.6329465	173.8484436	201.5604714	294.7259454	140.9090413	48.0459048	235.6329465
morinus	143.300	-66.5617	23.4393	24.0	206.9090413	238.7036345	271.1454623	301.6329465	329.8484436	357.5604714	26.9090413	58.7036345	91.1454623	121.6329465	149.8484436	177.5604714	270.7259454	116.9090413	24.0459048	211.6329465
morinus	143.300	-66.5597	23.4393	0.0	230.9090413	262.7036345	295.1454623	325.6329465	353.8484436	21.5604714	50.9090413	82.7036345	115.1454623	145.6329465	173.8484436	201.5604714	294.7207713	140.9090413	48.0452529	235.6329465
morinus	143.300	-66.5597	23.4393	24.0	206.9090413	238.7036345	271.1454623	301.6329465	329.8484436	357.5604714	26.9090413	58.7036345	91.1454623	121.6329465	149.8484436	177.5604714	270.7207713	116.9090413	24.0452529	211.6329465
morinus	143.300	-60.0000	23.4393	0.0	230.9090413	262.7036345	295.1454623	325.6329465	353.8484436	21.5604714	50.9090413	82.7036345	115.1454623	145.6329465	173.8484436	201.5604714	279.9504729	140.9090413	45.8634464	235.6329465
morinus	143.300	-60.0000	23.4393	24.0	206.9090413	238.7036345	271.1454623	301.6329465	329.8484436	357.5604714	26.9090413	58.7036345	91.1454623	121.6329465	149.8484436	177.5604714	255.9504729	116.9090413	21.8634464	211.6329465
morinus	143.300	-30.0000	23.4393	0.0	230.9090413	262.7036345	295.1454623	325.6329465	353.8484436	21.5604714	50.9090413	82.7036345	115.1454623	145.6329465	173.8484436	201.5604714	248.3254087	140.9090413	32.9438141	235.6329465
morinus	143.300	-30.0000	23.4393	24.0	206.9090413	238.7036345	271.1454623	301.6329465	329.8484436	357.5604714	26.9090413	58.7036345	91.1454623	121.6329465	149.8484436	177.5604714	224.3254087	116.9090413	8.9438141	211.6329465
morinus	143.300	0.5000	23.4393	0.0	230.9090413	262.7036345	295.1454623	325.6329465	353.8484436	21.5604714	50.9090413	82.7036345	115.1454623	145.6329465	173.8484436	201.5604714	235.4642676	140.9090413	358.9799910	235.6329465
morinus	143.300	0.5000	23.4393	24.0	206.9090413	238.7036345	271.1454623	301.6329465	329.8484436	357.5604714	26.9090413	58.7036345	91.1454623	121.6329465	149.8484436	177.5604714	211.4642676	116.9090413	334.9799910	211.6329465
morinus	143.300	17.3000	23.4393	0.0	230.9090413	262.7036345	295.1454623	325.6329465	353.8484436	21.5604714	50.9090413	82.7036345	115.1454623	145.6329465	173.8484436	201.5604714	230.0237225	140.9090413	132.2705043	235.6329465
morinus	143.300	17.3000	23.4393	24.0	206.9090413	238.7036345	271.1454623	301.6329465	329.8484436	357.5604714	26.9090413	58.7036345	91.1454623	121.6329465	149.8484436	177.5604714	206.0237225	116.9090413	108.2705043	211.6329465
morinus	143.300	40.0000	23.4393	0.0	230.9090413	262.7036345	295.1454623	325.6329465	353.8484436	21.5604714	50.9090413	82.7036345	115.1454623	145.6329465	173.8484436	201.5604714	222.2694246	140.9090413	84.7085509	235.6329465
morinus	143.300	40.0000	23.4393	24.0	206.9090413	238.7036345	271.1454623	301.6329465	329.8484436	357.5604714	26.9090413	58.7036345	91.1454623	121.6329465	149.8484436	177.5604714	198.2694246	116.9090413	60.7085509	211.6329465
morinus	143.300	47.6000	23.4393	0.0	230.9090413	262.7036345	295.1454623	325.6329465	353.8484436	21.5604714	50.9090413	82.7036345	115.1454623	145.6329465	173.8484436	201.5604714	219.1755211	140.9090413	77.0010017	235.6329465
morinus	143.300	47.6000	23.4393	24.0	206.9090413	238.7036345	271.1454623	301.6329465	329.8484436	357.5604714	26.9090413	58.7036345	91.1454623	121.6329465	149.8484436	177.5604714	195.1755211	116.9090413	53.0010017	211.6329465
morinus	143.300	60.0000	23.4393	0.0	230.9090413	262.7036345	295.1454623	325.6329465	353.8484436	21.5604714	50.9090413	82.7036345	115.1454623	145.6329465	173.8484436	201.5604714	212.9438141	140.9090413	68.3254087	235.6329465
morinus	143.300	60.0000	23.4393	24.0	206.9090413	238.7036345	271.1454623	301.6329465	329.8484436	357.5604714	26.9090413	58.7036345	91.1454623	121.6329465	149.8484436	177.5604714	188.9438141	116.9090413	44.3254087	211.6329465
morinus	143.300	66.5597	23.4393	0.0	230.9090413	262.7036345	295.1454623	325.6329465	353.8484436	21.5604714	50.9090413	82.7036345	115.1454623	145.6329465	173.8484436	201.5604714	208.6789977	140.9090413	64.8844564	235.6329465
morinus	143.300	66.5597	23.4393	24.0	206.9090413	238.7036345	271.1454623	301.6329465	329.8484436	357.5604714	26.9090413	58.7036345	91.1454623	121.6329465	149.8484436	177.5604714	184.6789977	116.9090413	40.8844564	211.6329465
morinus	143.300	66.5607	23.4393	0.0	230.9090413	262.7036345	295.1454623	325.6329465	353.8484436	21.5604714	50.9090413	82.7036345	115.1454623	145.6329465	173.8484436	201.5604714	208.6782757	140.9090413	64.8839732	235.6329465
morinus	143.300	66.5607	23.4393	24.0	206.9090413	238.7036345	271.1454623	301.6329465	329.8484436	357.5604714	26.9090413	58.7036345	91.1454623	121.6329465	149.8484436	177.5604714	184.6782757	116.9090413	40.8839732	211.6329465
morinus	143.300	66.5617	23.4393	0.0	230.9090413	262.7036345	295.1454623	325.6329465	353.8484436	21.5604714	50.9090413	82.7036345	115.1454623	145.6329465	173.8484436	201.5604714	208.6775536	140.9090413	64.8834900	235.6329465
morinus	143.300	66.5617	23.4393	24.0	206.9090413	238.7036345	271.1454623	301.6329465	329.8484436	357.5604714	26.9090413	58.7036345	91.1454623	121.6329465	149.8484436	177.5604714	184.6775536	116.9090413	40.8834900	211.6329465
morinus	143.300	70.0000	23.4393	0.0	230.9090413	262.7036345	295.1454623	325.6329465	353.8484436	21.5604714	50.9090413	82.7036345	115.1454623	145.6329465	173.8484436	201.5604714	206.0369790	140.9090413	63.2840281	235.6329465
morinus	143.300	70.0000	23.4393	24.0	206.9090413	238.7036345	271.1454623	301.6329465	329.8484436	357.5604714	26.9090413	58.7036345	91.1454623	121.6329465	149.8484436	177.5604714	182.0369790	116.9090413	39.2840281	211.6329465
morinus	143.300	89.9990	23.4393	0.0	230.9090413	262.7036345	295.1454623	325.6329465	353.8484436	21.5604714	50.9090413	82.7036345	115.1454623	145.6329465	173.8484436	201.5604714	180.0020156	140.9090413	55.6332845	235.6329465
morinus	143.300	89.9990	23.4393	24.0	206.9090413	238.7036345	271.1454623	301.6329465	329.8484436	357.5604714	26.9090413	58.7036345	91.1454623	121.6329465	149.8484436	177.5604714	156.0020156	116.9090413	31.6332845	211.6329465
morinus	143.300	90.0000	23.4393	0.0	refused	refused	refused	refused	refused	refused	refused	refused	refused	refused	refused	refused	refused	refused	refused	refused
morinus	143.300	90.0000	23.4393	24.0	refused	refused	refused	refused	refused	refused	refused	refused	refused	refused	refused	refused	refused	refused	refused	refused
morinus	200.000	-89.9990	23.4393	0.0	291.6385041	322.4088078	350.8104869	18.4660276	47.5549634	79.1212098	111.6385041	142.4088078	170.8104869	198.4660276	227.5549634	259.1212098	359.9976377	201.6385041	108.4656467	288.4660276
morinus	200.000	-89.9990	23.4393	24.0	267.6385041	298.4088078	326.8104869	354.4660276	23.5549634	55.1212098	87.6385041	118.4088078	146.8104869	174.4660276	203.5549634	235.1212098	335.9976377	177.6385041	84.4656467	264.4660276
morinus	200.000	-80.0000	23.4393	0.0	291.6385041	322.4088078	350.8104869	18.4660276	47.5549634	79.1212098	111.6385041	142.4088078	170.8104869	198.4660276	227.5549634	259.1212098	339.9134840	201.6385041	104.5364229	288.4660276
morinus	200.000	-80.0000	23.4393	24.0	267.6385041	298.4088078	326.8104869	354.4660276	23.5549634	55.1212098	87.6385041	118.4088078	146.8104869	174.4660276	203.5549634	235.1212098	315.9134840	177.6385041	80.5364229	264.4660276
morinus	200.000	-66.5617	23.4393	0.0	291.6385041	322.4088078	350.8104869	18.4660276	47.5549634	79.1212098	111.6385041	142.4088078	170.8104869	198.4660276	227.5549634	259.1212098	322.6506922	201.6385041	98.5542613	288.4660276
morinus	200.000	-66.5617	23.4393	24.0	267.6385041	298.4088078	326.8104869	354.4660276	23.5549634	55.1212098	87.6385041	118.4088078	146.8104869	174.4660276	203.5549634	235.1212098	298.6506922	177.6385041	74.5542613	264.4660276
morinus	200.000	-66.5597	23.4393	0.0	291.6385041	322.4088078	350.8104869	18.4660276	47.5549634	79.1212098	111.6385041	142.4088078	170.8104869	198.4660276	227.5549634	259.1212098	322.6487228	201.6385041	98.5532778	288.4660276
morinus	200.000	-66.5597	23.4393	24.0	267.6385041	298.4088078	326.8104869	354.4660276	23.5549634	55.1212098	87.6385041	118.4088078	146.8104869	174.4660276	203.5549634	235.1212098	298.6487228	177.6385041	74.5532778	264.4660276
morinus	200.000	-60.0000	23.4393	0.0	291.6385041	322.4088078	350.8104869	18.4660276	47.5549634	79.1212098	111.6385041	142.4088078	170.8104869	198.4660276	227.5549634	259.1212098	316.8598438	201.6385041	95.1166445	288.4660276
morinus	200.000	-60.0000	23.4393	24.0	267.6385041	298.4088078	326.8104869	354.4660276	23.5549634	55.1212098	87.6385041	118.4088078	146.8104869	174.4660276	203.5549634	235.1212098	292.8598438	177.6385041	71.1166445	264.4660276
morinus	200.000	-30.0000	23.4393	0.0	291.6385041	322.4088078	350.8104869	18.4660276	47.5549634	79.1212098	111.6385041	142.4088078	170.8104869	198.4660276	227.5549634	259.1212098	300.0421617	201.6385041	68.2355982	288.4660276
morinus	200.000	-30.0000	23.4393	24.0	267.6385041	298.4088078	326.8104869	354.4660276	23.5549634	55.1212098	87.6385041	118.4088078	146.8104869	174.4660276	203.5549634	235.1212098	276.0421617	177.6385041	44.2355982	264.4660276
morinus	200.000	0.5000	23.4393	0.0	291.6385041	322.4088078	350.8104869	18.4660276	47.5549634	79.1212098	111.6385041	142.4088078	170.8104869	198.4660276	227.5549634	259.1212098	288.2753932	201.6385041	178.8270310	288.4660276
morinus	200.000	0.5000	23.4393	24.0	267.6385041	298.4088078	326.8104869	354.4660276	23.5549634	55.1212098	87.6385041	118.4088078	146.8104869	174.4660276	203.5549634	235.1212098	264.2753932	177.6385041	154.8270310	264.4660276
morinus	200.000	17.3000	23.4393	0.0	291.6385041	322.4088078	350.8104869	18.4660276	47.5549634	79.1212098	111.6385041	142.4088078	170.8104869	198.4660276	227.5549634	259.1212098	281.4250878	201.6385041	149.4312502	288.4660276
morinus	200.000	17.3000	23.4393	24.0	267.6385041	298.4088078	326.8104869	354.4660276	23.5549634	55.1212098	87.6385041	118.4088078	146.8104869	174.4660276	203.5549634	235.1212098	257.4250878	177.6385041	125.4312502	264.4660276
morinus	200.000	40.0000	23.4393	0.0	291.6385041	322.4088078	350.8104869	18.4660276	47.5549634	79.1212098	111.6385041	142.4088078	170.8104869	198.4660276	227.5549634	259.1212098	268.7821000	201.6385041	129.9768823	288.4660276
morinus	200.000	40.0000	23.4393	24.0	267.6385041	298.4088078	326.8104869	354.4660276	23.5549634	55.1212098	87.6385041	118.4088078	146.8104869	174.4660276	203.5549634	235.1212098	244.7821000	177.6385041	105.9768823	264.4660276
morinus	200.000	47.6000	23.4393	0.0	291.6385041	322.4088078	350.8104869	18.4660276	47.5549634	79.1212098	111.6385041	142.4088078	170.8104869	198.4660276	227.5549634	259.1212098	262.6132136	201.6385041	125.7715209	288.4660276
morinus	200.000	47.6000	23.4393	24.0	267.6385041	298.4088078	326.8104869	354.4660276	23.5549634	55.1212098	87.6385041	118.4088078	146.8104869	174.4660276	203.5549634	235.1212098	238.6132136	177.6385041	101.7715209	264.4660276
morinus	200.000	60.0000	23.4393	0.0	291.6385041	322.4088078	350.8104869	18.4660276	47.5549634	79.1212098	111.6385041	142.4088078	170.8104869	198.4660276	227.5549634	259.1212098	248.2355982	201.6385041	120.0421617	288.4660276
morinus	200.000	60.0000	23.4393	24.0	267.6385041	298.4088078	326.8104869	354.4660276	23.5549634	55.1212098	87.6385041	118.4088078	146.8104869	174.4660276	203.5549634	235.1212098	224.2355982	177.6385041	96.0421617	264.4660276
morinus	200.000	66.5597	23.4393	0.0	291.6385041	322.4088078	350.8104869	18.4660276	47.5549634	79.1212098	111.6385041	142.4088078	170.8104869	198.4660276	227.5549634	259.1212098	237.2840765	201.6385041	117.3602317	288.4660276
morinus	200.000	66.5597	23.4393	24.0	267.6385041	298.4088078	326.8104869	354.4660276	23.5549634	55.1212098	87.6385041	118.4088078	146.8104869	174.4660276	203.5549634	235.1212098	213.2840765	177.6385041	93.3602317	264.4660276
morinus	200.000	66.5607	23.4393	0.0	291.6385041	322.4088078	350.8104869	18.4660276	47.5549634	79.1212098	111.6385041	142.4088078	170.8104869	198.4660276	227.5549634	259.1212098	237.2821828	201.6385041	117.3598350	288.4660276
morinus	200.000	66.5607	23.4393	24.0	267.6385041	298.4088078	326.8104869	354.4660276	23.5549634	55.1212098	87.6385041	118.4088078	146.8104869	174.4660276	203.5549634	235.1212098	213.2821828	177.6385041	93.3598350	264.4660276
morinus	200.000	66.5617	23.4393	0.0	291.6385041	322.4088078	350.8104869	18.4660276	47.5549634	79.1212098	111.6385041	142.4088078	170.8104869	198.4660276	227.5549634	259.1212098	237.2802890	201.6385041	117.3594383	288.4660276
morinus	200.000	66.5617	23.4393	24.0	267.6385041	298.4088078	326.8104869	354.4660276	23.5549634	55.1212098	87.6385041	118.4088078	146.8104869	174.4660276	203.5549634	235.1212098	213.2802890	177.6385041	93.3594383	264.4660276
morinus	200.000	70.0000	23.4393	0.0	291.6385041	322.4088078	350.8104869	18.4660276	47.5549634	79.1212098	111.6385041	142.4088078	170.8104869	198.4660276	227.5549634	259.1212098	230.3383184	201.6385041	116.0126922	288.4660276
morinus	200.000	70.0000	23.4393	24.0	267.6385041	298.4088078	326.8104869	354.4660276	23.5549634	55.1212098	87.6385041	118.4088078	146.8104869	174.4660276	203.5549634	235.1212098	206.3383184	177.6385041	92.0126922	264.4660276
morinus	200.000	89.9990	23.4393	0.0	291.6385041	322.4088078	350.8104869	18.4660276	47.5549634	79.1212098	111.6385041	142.4088078	170.8104869	198.4660276	227.5549634	259.1212098	0.0023624	201.6385041	108.4664084	288.4660276
morinus	200.000	89.9990	23.4393	24.0	267.6385041	298.4088078	326.8104869	354.4660276	23.5549634	55.1212098	87.6385041	118.4088078	146.8104869	174.4660276	203.5549634	235.1212098	336.0023624	177.6385041	84.4664084	264.4660276
morinus	200.000	90.0000	23.4393	0.0	refused	refused	refused	refused	refused	refused	refused	refused	refused	refused	refused	refused	refused	refused	refused	refused
morinus	200.000	90.0000	23.4393	24.0	refused	refused	refused	refused	refused	refused	refused	refused	refused	refused	refused	refused	refused	refused	refused	refused
morinus	280.457	-89.9990	23.4393	0.0	9.6109051	38.0401089	68.8491101	101.3739572	132.9069256	161.9609934	189.6109051	218.0401089	248.8491101	281.3739572	312.9069256	341.9609934	0.0004563	279.6109051	191.3740424	11.3739572
morinus	280.457	-89.9990	23.4393	24.0	345.6109051	14.0401089	44.8491101	77.3739572	108.9069256	137.9609934	165.6109051	194.0401089	224.8491101	257.3739572	288.9069256	317.9609934	336.0004563	255.6109051	167.3740424	347.3739572
morinus	280.457	-80.0000	23.4393	0.0	9.6109051	38.0401089	68.8491101	101.3739572	132.9069256	161.9609934	189.6109051	218.0401089	248.8491101	281.3739572	312.9069256	341.9609934	3.2891453	279.6109051	192.3045559	11.3739572
morinus	280.457	-80.0000	23.4393	24.0	345.6109051	14.0401089	44.8491101	77.3739572	108.9069256	137.9609934	165.6109051	194.0401089	224.8491101	257.3739572	288.9069256	317.9609934	339.2891453	255.6109051	168.3045559	347.3739572
morinus	280.457	-66.5617	23.4393	0.0	9.6109051	38.0401089	68.8491101	101.3739572	132.9069256	161.9609934	189.6109051	218.0401089	248.8491101	281.3739572	312.9069256	341.9609934	5.6956473	279.6109051	193.9659455	11.3739572
morinus	280.457	-66.5617	23.4393	24.0	345.6109051	14.0401089	44.8491101	77.3739572	108.9069256	137.9609934	165.6109051	194.0401089	224.8491101	257.3739572	288.9069256	317.9609934	341.6956473	255.6109051	169.9659455	347.3739572
morinus	280.457	-66.5597	23.4393	0.0	9.6109051	38.0401089	68.8491101	101.3739572	132.9069256	161.9609934	189.6109051	218.0401089	248.8491101	281.3739572	312.9069256	341.9609934	5.6959202	279.6109051	193.9662488	11.3739572
morinus	280.457	-66.5597	23.4393	24.0	345.6109051	14.0401089	44.8491101	77.3739572	108.9069256	137.9609934	165.6109051	194.0401089	224.8491101	257.3739572	288.9069256	317.9609934	341.6959202	255.6109051	169.9662488	347.3739572
morinus	280.457	-60.0000	23.4393	0.0	9.6109051	38.0401089	68.8491101	101.3739572	132.9069256	161.9609934	189.6109051	218.0401089	248.8491101	281.3739572	312.9069256	341.9609934	6.5071649	279.6109051	195.1015586	11.3739572
morinus	280.457	-60.0000	23.4393	24.0	345.6109051	14.0401089	44.8491101	77.3739572	108.9069256	137.9609934	165.6109051	194.0401089	224.8491101	257.3739572	288.9069256	317.9609934	342.5071649	255.6109051	171.1015586	347.3739572
morinus	280.457	-30.0000	23.4393	0.0	9.6109051	38.0401089	68.8491101	101.3739572	132.9069256	161.9609934	189.6109051	218.0401089	248.8491101	281.3739572	312.9069256	341.9609934	9.1096939	279.6109051	220.3980752	11.3739572
morinus	280.457	-30.0000	23.4393	24.0	345.6109051	14.0401089	44.8491101	77.3739572	108.9069256	137.9609934	165.6109051	194.0401089	224.8491101	257.3739572	288.9069256	317.9609934	345.1096939	255.6109051	196.3980752	347.3739572
morinus	280.457	0.5000	23.4393	0.0	9.6109051	38.0401089	68.8491101	101.3739572	132.9069256	161.9609934	189.6109051	218.0401089	248.8491101	281.3739572	312.9069256	341.9609934	11.4167356	279.6109051	180.2237160	11.3739572
morinus	280.457	0.5000	23.4393	24.0	345.6109051	14.0401089	44.8491101	77.3739572	108.9069256	137.9609934	165.6109051	194.0401089	224.8491101	257.3739572	288.9069256	317.9609934	347.4167356	255.6109051	156.2237160	347.3739572
morinus	280.457	17.3000	23.4393	0.0	9.6109051	38.0401089	68.8491101	101.3739572	132.9069256	161.9609934	189.6109051	218.0401089	248.8491101	281.3739572	312.9069256	341.9609934	13.1258215	279.6109051	184.7606192	11.3739572
morinus	280.457	17.3000	23.4393	24.0	345.6109051	14.0401089	44.8491101	77.3739572	108.9069256	137.9609934	165.6109051	194.0401089	224.8491101	257.3739572	288.9069256	317.9609934	349.1258215	255.6109051	160.7606192	347.3739572
morinus	280.457	40.0000	23.4393	0.0	9.6109051	38.0401089	68.8491101	101.3739572	132.9069256	161.9609934	189.6109051	218.0401089	248.8491101	281.3739572	312.9069256	341.9609934	17.7069435	279.6109051	187.5124678	11.3739572
morinus	280.457	40.0000	23.4393	24.0	345.6109051	14.0401089	44.8491101	77.3739572	108.9069256	137.9609934	165.6109051	194.0401089	224.8491101	257.3739572	288.9069256	317.9609934	353.7069435	255.6109051	163.5124678	347.3739572
morinus	280.457	47.6000	23.4393	0.0	9.6109051	38.0401089	68.8491101	101.3739572	132.9069256	161.9609934	189.6109051	218.0401089	248.8491101	281.3739572	312.9069256	341.9609934	21.2540645	279.6109051	188.1619097	11.3739572
morinus	280.457	47.6000	23.4393	24.0	345.6109051	14.0401089	44.8491101	77.3739572	108.9069256	137.9609934	165.6109051	194.0401089	224.8491101	257.3739572	288.9069256	317.9609934	357.2540645	255.6109051	164.1619097	347.3739572
morinus	280.457	60.0000	23.4393	0.0	9.6109051	38.0401089	68.8491101	101.3739572	132.9069256	161.9609934	189.6109051	218.0401089	248.8491101	281.3739572	312.9069256	341.9609934	40.3980752	279.6109051	189.1096939	11.3739572
morinus	280.457	60.0000	23.4393	24.0	345.6109051	14.0401089	44.8491101	77.3739572	108.9069256	137.9609934	165.6109051	194.0401089	224.8491101	257.3739572	288.9069256	317.9609934	16.3980752	255.6109051	165.1096939	347.3739572
morinus	280.457	66.5597	23.4393	0.0	9.6109051	38.0401089	68.8491101	101.3739572	132.9069256	161.9609934	189.6109051	218.0401089	248.8491101	281.3739572	312.9069256	341.9609934	94.7854057	279.6109051	189.5856940	11.3739572
morinus	280.457	66.5597	23.4393	24.0	345.6109051	14.0401089	44.8491101	77.3739572	108.9069256	137.9609934	165.6109051	194.0401089	224.8491101	257.3739572	288.9069256	317.9609934	70.7854057	255.6109051	165.5856940	347.3739572
morinus	280.457	66.5607	23.4393	0.0	9.6109051	38.0401089	68.8491101	101.3739572	132.9069256	161.9609934	189.6109051	218.0401089	248.8491101	281.3739572	312.9069256	341.9609934	94.7991597	279.6109051	189.5857662	11.3739572
morinus	280.457	66.5607	23.4393	24.0	345.6109051	14.0401089	44.8491101	77.3739572	108.9069256	137.9609934	165.6109051	194.0401089	224.8491101	257.3739572	288.9069256	317.9609934	70.7991597	255.6109051	165.5857662	347.3739572
morinus	280.457	66.5617	23.4393	0.0	9.6109051	38.0401089	68.8491101	101.3739572	132.9069256	161.9609934	189.6109051	218.0401089	248.8491101	281.3739572	312.9069256	341.9609934	94.8129143	279.6109051	189.5858384	11.3739572
morinus	280.457	66.5617	23.4393	24.0	345.6109051	14.0401089	44.8491101	77.3739572	108.9069256	137.9609934	165.6109051	194.0401089	224.8491101	257.3739572	288.9069256	317.9609934	70.8129143	255.6109051	165.5858384	347.3739572
morinus	280.457	70.0000	23.4393	0.0	9.6109051	38.0401089	68.8491101	101.3739572	132.9069256	161.9609934	189.6109051	218.0401089	248.8491101	281.3739572	312.9069256	341.9609934	316.4073609	279.6109051	189.8342845	11.3739572
morinus	280.457	70.0000	23.4393	24.0	345.6109051	14.0401089	44.8491101	77.3739572	108.9069256	137.9609934	165.6109051	194.0401089	224.8491101	257.3739572	288.9069256	317.9609934	292.4073609	255.6109051	165.8342845	347.3739572
morinus	280.457	89.9990	23.4393	0.0	9.6109051	38.0401089	68.8491101	101.3739572	132.9069256	161.9609934	189.6109051	218.0401089	248.8491101	281.3739572	312.9069256	341.9609934	359.9995437	279.6109051	191.3738720	11.3739572
morinus	280.457	89.9990	23.4393	24.0	345.6109051	14.0401089	44.8491101	77.3739572	108.9069256	137.9609934	165.6109051	194.0401089	224.8491101	257.3739572	288.9069256	317.9609934	335.9995437	255.6109051	167.3738720	347.3739572
morinus	280.457	90.0000	23.4393	0.0	refused	refused	refused	refused	refused	refused	refused	refused	refused	refused	refused	refused	refused	refused	refused	refused
morinus	280.457	90.0000	23.4393	24.0	refused	refused	refused	refused	refused	refused	refused	refused	refused	refused	refused	refused	refused	refused	refused	refused
morinus	333.300	-89.9990	23.4393	0.0	61.2692165	93.5960540	125.6010167	155.2292565	183.0282201	211.0762364	241.2692165	273.5960540	305.6010167	335.2292565	3.0282201	31.0762364	0.0022459	331.2692165	245.2296236	65.2292565
morinus	333.300	-89.9990	23.4393	24.0	37.2692165	69.5960540	101.6010167	131.2292565	159.0282201	187.0762364	217.2692165	249.5960540	281.6010167	311.2292565	339.0282201	7.0762364	336.0022459	307.2692165	221.2296236	41.2292565
morinus	333.300	-80.0000	23.4393	0.0	61.2692165	93.5960540	125.6010167	155.2292565	183.0282201	211.0762364	241.2692165	273.5960540	305.6010167	335.2292565	3.0282201	31.0762364	18.5119945	331.2692165	249.0464052	65.2292565
morinus	333.300	-80.0000	23.4393	24.0	37.2692165	69.5960540	101.6010167	131.2292565	159.0282201	187.0762364	217.2692165	249.5960540	281.6010167	311.2292565	339.0282201	7.0762364	354.5119945	307.2692165	225.0464052	41.2292565
morinus	333.300	-66.5617	23.4393	0.0	61.2692165	93.5960540	125.6010167	155.2292565	183.0282201	211.0762364	241.2692165	273.5960540	305.6010167	335.2292565	3.0282201	31.0762364	33.8941933	331.2692165	254.9751963	65.2292565
morinus	333.300	-66.5617	23.4393	24.0	37.2692165	69.5960540	101.6010167	131.2292565	159.0282201	187.0762364	217.2692165	249.5960540	281.6010167	311.2292565	339.0282201	7.0762364	9.8941933	307.2692165	230.9751963	41.2292565
morinus	333.300	-66.5597	23.4393	0.0	61.2692165	93.5960540	125.6010167	155.2292565	183.0282201	211.0762364	241.2692165	273.5960540	305.6010167	335.2292565	3.0282201	31.0762364	33.8959436	331.2692165	254.9761831	65.2292565
morinus	333.300	-66.5597	23.4393	24.0	37.2692165	69.5960540	101.6010167	131.2292565	159.0282201	187.0762364	217.2692165	249.5960540	281.6010167	311.2292565	339.0282201	7.0762364	9.8959436	307.2692165	230.9761831	41.2292565
morinus	333.300	-60.0000	23.4393	0.0	61.2692165	93.5960540	125.6010167	155.2292565	183.0282201	211.0762364	241.2692165	273.5960540	305.6010167	335.2292565	3.0282201	31.0762364	39.0510900	331.2692165	258.4490906	65.2292565
morinus	333.300	-60.0000	23.4393	24.0	37.2692165	69.5960540	101.6010167	131.2292565	159.0282201	187.0762364	217.2692165	249.5960540	281.6010167	311.2292565	339.0282201	7.0762364	15.0510900	307.2692165	234.4490906	41.2292565
morinus	333.300	-30.0000	23.4393	0.0	61.2692165	93.5960540	125.6010167	155.2292565	183.0282201	211.0762364	241.2692165	273.5960540	305.6010167	335.2292565	3.0282201	31.0762364	54.3022646	331.2692165	287.2107540	65.2292565
morinus	333.300	-30.0000	23.4393	24.0	37.2692165	69.5960540	101.6010167	131.2292565	159.0282201	187.0762364	217.2692165	249.5960540	281.6010167	311.2292565	339.0282201	7.0762364	30.3022646	307.2692165	263.2107540	41.2292565
morinus	333.300	0.5000	23.4393	0.0	61.2692165	93.5960540	125.6010167	155.2292565	183.0282201	211.0762364	241.2692165	273.5960540	305.6010167	335.2292565	3.0282201	31.0762364	65.4130769	331.2692165	181.1127773	65.2292565
morinus	333.300	0.5000	23.4393	24.0	37.2692165	69.5960540	101.6010167	131.2292565	159.0282201	187.0762364	217.2692165	249.5960540	281.6010167	311.2292565	339.0282201	7.0762364	41.4130769	307.2692165	157.1127773	41.2292565
morinus	333.300	17.3000	23.4393	0.0	61.2692165	93.5960540	125.6010167	155.2292565	183.0282201	211.0762364	241.2692165	273.5960540	305.6010167	335.2292565	3.0282201	31.0762364	72.1117805	331.2692165	207.8709169	65.2292565
morinus	333.300	17.3000	23.4393	24.0	37.2692165	69.5960540	101.6010167	131.2292565	159.0282201	187.0762364	217.2692165	249.5960540	281.6010167	311.2292565	339.0282201	7.0762364	48.1117805	307.2692165	183.8709169	41.2292565
morinus	333.300	40.0000	23.4393	0.0	61.2692165	93.5960540	125.6010167	155.2292565	183.0282201	211.0762364	241.2692165	273.5960540	305.6010167	335.2292565	3.0282201	31.0762364	84.9804329	331.2692165	225.2278332	65.2292565
morinus	333.300	40.0000	23.4393	24.0	37.2692165	69.5960540	101.6010167	131.2292565	159.0282201	187.0762364	217.2692165	249.5960540	281.6010167	311.2292565	339.0282201	7.0762364	60.9804329	307.2692165	201.2278332	41.2292565
morinus	333.300	47.6000	23.4393	0.0	61.2692165	93.5960540	125.6010167	155.2292565	183.0282201	211.0762364	241.2692165	273.5960540	305.6010167	335.2292565	3.0282201	31.0762364	91.4990950	331.2692165	229.0414226	65.2292565
morinus	333.300	47.6000	23.4393	24.0	37.2692165	69.5960540	101.6010167	131.2292565	159.0282201	187.0762364	217.2692165	249.5960540	281.6010167	311.2292565	339.0282201	7.0762364	67.4990950	307.2692165	205.0414226	41.2292565
morinus	333.300	60.0000	23.4393	0.0	61.2692165	93.5960540	125.6010167	155.2292565	183.0282201	211.0762364	241.2692165	273.5960540	305.6010167	335.2292565	3.0282201	31.0762364	107.2107540	331.2692165	234.3022646	65.2292565
morinus	333.300	60.0000	23.4393	24.0	37.2692165	69.5960540	101.6010167	131.2292565	159.0282201	187.0762364	217.2692165	249.5960540	281.6010167	311.2292565	339.0282201	7.0762364	83.2107540	307.2692165	210.3022646	41.2292565
morinus	333.300	66.5597	23.4393	0.0	61.2692165	93.5960540	125.6010167	155.2292565	183.0282201	211.0762364	241.2692165	273.5960540	305.6010167	335.2292565	3.0282201	31.0762364	119.4878926	331.2692165	236.7954143	65.2292565
morinus	333.300	66.5597	23.4393	24.0	37.2692165	69.5960540	101.6010167	131.2292565	159.0282201	187.0762364	217.2692165	249.5960540	281.6010167	311.2292565	339.0282201	7.0762364	95.4878926	307.2692165	212.7954143	41.2292565
morinus	333.300	66.5607	23.4393	0.0	61.2692165	93.5960540	125.6010167	155.2292565	183.0282201	211.0762364	241.2692165	273.5960540	305.6010167	335.2292565	3.0282201	31.0762364	119.4900247	331.2692165	236.7957846	65.2292565
morinus	333.300	66.5607	23.4393	24.0	37.2692165	69.5960540	101.6010167	131.2292565	159.0282201	187.0762364	217.2692165	249.5960540	281.6010167	311.2292565	339.0282201	7.0762364	95.4900247	307.2692165	212.7957846	41.2292565
morinus	333.300	66.5617	23.4393	0.0	61.2692165	93.5960540	125.6010167	155.2292565	183.0282201	211.0762364	241.2692165	273.5960540	305.6010167	335.2292565	3.0282201	31.0762364	119.4921568	331.2692165	236.7961550	65.2292565
morinus	333.300	66.5617	23.4393	24.0	37.2692165	69.5960540	101.6010167	131.2292565	159.0282201	187.0762364	217.2692165	249.5960540	281.6010167	311.2292565	339.0282201	7.0762364	95.4921568	307.2692165	212.7961550	41.2292565
morinus	333.300	70.0000	23.4393	0.0	61.2692165	93.5960540	125.6010167	155.2292565	183.0282201	211.0762364	241.2692165	273.5960540	305.6010167	335.2292565	3.0282201	31.0762364	127.3030611	331.2692165	238.0562699	65.2292565
morinus	333.300	70.0000	23.4393	24.0	37.2692165	69.5960540	101.6010167	131.2292565	159.0282201	187.0762364	217.2692165	249.5960540	281.6010167	311.2292565	339.0282201	7.0762364	103.3030611	307.2692165	214.0562699	41.2292565
morinus	333.300	89.9990	23.4393	0.0	61.2692165	93.5960540	125.6010167	155.2292565	183.0282201	211.0762364	241.2692165	273.5960540	305.6010167	335.2292565	3.0282201	31.0762364	359.9977541	331.2692165	245.2288894	65.2292565
morinus	333.300	89.9990	23.4393	24.0	37.2692165	69.5960540	101.6010167	131.2292565	159.0282201	187.0762364	217.2692165	249.5960540	281.6010167	311.2292565	339.0282201	7.0762364	335.9977541	307.2692165	221.2288894	41.2292565
morinus	333.300	90.0000	23.4393	0.0	refused	refused	refused	refused	refused	refused	refused	refused	refused	refused	refused	refused	refused	refused	refused	refused
morinus	333.300	90.0000	23.4393	24.0	refused	refused	refused	refused	refused	refused	refused	refused	refused	refused	refused	refused	refused	refused	refused	refused
meridian	0.000	-89.9990	23.4393	0.0	90.0000000	117.9105482	147.8187391	180.0000000	212.1812609	242.0894518	270.0000000	297.9105482	327.8187391	0.0000000	32.1812609	62.0894518	0.0025140	0.0000000	270.0003978	90.0000000
meridian	0.000	-89.9990	23.4393	24.0	66.0000000	93.9105482	123.8187391	156.0000000	188.1812609	218.0894518	246.0000000	273.9105482	303.8187391	336.0000000	8.1812609	38.0894518	336.0025140	336.0000000	246.0003978	66.0000000
meridian	0.000	-80.0000	23.4393	0.0	90.0000000	117.9105482	147.8187391	180.0000000	212.1812609	242.0894518	270.0000000	297.9105482	327.8187391	0.0000000	32.1812609	62.0894518	23.9067834	0.0000000	274.0120907	90.0000000
meridian	0.000	-80.0000	23.4393	24.0	66.0000000	93.9105482	123.8187391	156.0000000	188.1812609	218.0894518	246.0000000	273.9105482	303.8187391	336.0000000	8.1812609	38.0894518	359.9067834	336.0000000	250.0120907	66.0000000
meridian	0.000	-66.5617	23.4393	0.0	90.0000000	117.9105482	147.8187391	180.0000000	212.1812609	242.0894518	270.0000000	297.9105482	327.8187391	0.0000000	32.1812609	62.0894518	47.4628134	0.0000000	279.7843877	90.0000000
meridian	0.000	-66.5617	23.4393	24.0	66.0000000	93.9105482	123.8187391	156.0000000	188.1812609	218.0894518	246.0000000	273.9105482	303.8187391	336.0000000	8.1812609	38.0894518	23.4628134	336.0000000	255.7843877	66.0000000
meridian	0.000	-66.5597	23.4393	0.0	90.0000000	117.9105482	147.8187391	180.0000000	212.1812609	242.0894518	270.0000000	297.9105482	327.8187391	0.0000000	32.1812609	62.0894518	47.4655433	0.0000000	279.7853055	90.0000000
meridian	0.000	-66.5597	23.4393	24.0	66.0000000	93.9105482	123.8187391	156.0000000	188.1812609	218.0894518	246.0000000	273.9105482	303.8187391	336.0000000	8.1812609	38.0894518	23.4655433	336.0000000	255.7853055	66.0000000
meridian	0.000	-60.0000	23.4393	0.0	90.0000000	117.9105482	147.8187391	180.0000000	212.1812609	242.0894518	270.0000000	297.9105482	327.8187391	0.0000000	32.1812609	62.0894518	55.4343048	0.0000000	282.9340888	90.0000000
meridian	0.000	-60.0000	23.4393	24.0	66.0000000	93.9105482	123.8187391	156.0000000	188.1812609	218.0894518	246.0000000	273.9105482	303.8187391	336.0000000	8.1812609	38.0894518	31.4343048	336.0000000	258.9340888	66.0000000
meridian	0.000	-30.0000	23.4393	0.0	90.0000000	117.9105482	147.8187391	180.0000000	212.1812609	242.0894518	270.0000000	297.9105482	327.8187391	0.0000000	32.1812609	62.0894518	77.0659112	0.0000000	304.5656952	90.0000000
meridian	0.000	-30.0000	23.4393	24.0	66.0000000	93.9105482	123.8187391	156.0000000	188.1812609	218.0894518	246.0000000	273.9105482	303.8187391	336.0000000	8.1812609	38.0894518	53.0659112	336.0000000	280.5656952	66.0000000
meridian	0.000	0.5000	23.4393	0.0	90.0000000	117.9105482	147.8187391	180.0000000	212.1812609	242.0894518	270.0000000	297.9105482	327.8187391	0.0000000	32.1812609	62.0894518	90.1988929	0.0000000	181.2568150	90.0000000
meridian	0.000	0.5000	23.4393	24.0	66.0000000	93.9105482	123.8187391	156.0000000	188.1812609	218.0894518	246.0000000	273.9105482	303.8187391	336.0000000	8.1812609	38.0894518	66.1988929	336.0000000	157.2568150	66.0000000
meridian	0.000	17.3000	23.4393	0.0	90.0000000	117.9105482	147.8187391	180.0000000	212.1812609	242.0894518	270.0000000	297.9105482	327.8187391	0.0000000	32.1812609	62.0894518	97.0626042	0.0000000	218.0614522	90.0000000
meridian	0.000	17.3000	23.4393	24.0	66.0000000	93.9105482	123.8187391	156.0000000	188.1812609	218.0894518	246.0000000	273.9105482	303.8187391	336.0000000	8.1812609	38.0894518	73.0626042	336.0000000	194.0614522	66.0000000
meridian	0.000	40.0000	23.4393	0.0	90.0000000	117.9105482	147.8187391	180.0000000	212.1812609	242.0894518	270.0000000	297.9105482	327.8187391	0.0000000	32.1812609	62.0894518	108.4577098	0.0000000	244.6365910	90.0000000
meridian	0.000	40.0000	23.4393	24.0	66.0000000	93.9105482	123.8187391	156.0000000	188.1812609	218.0894518	246.0000000	273.9105482	303.8187391	336.0000000	8.1812609	38.0894518	84.4577098	336.0000000	220.6365910	66.0000000
meridian	0.000	47.6000	23.4393	0.0	90.0000000	117.9105482	147.8187391	180.0000000	212.1812609	242.0894518	270.0000000	297.9105482	327.8187391	0.0000000	32.1812609	62.0894518	113.5389876	0.0000000	250.0379364	90.0000000
meridian	0.000	47.6000	23.4393	24.0	66.0000000	93.9105482	123.8187391	156.0000000	188.1812609	218.0894518	246.0000000	273.9105482	303.8187391	336.0000000	8.1812609	38.0894518	89.5389876	336.0000000	226.0379364	66.0000000
meridian	0.000	60.0000	23.4393	0.0	90.0000000	117.9105482	147.8187391	180.0000000	212.1812609	242.0894518	270.0000000	297.9105482	327.8187391	0.0000000	32.1812609	62.0894518	124.5656952	0.0000000	257.0659112	90.0000000
meridian	0.000	60.0000	23.4393	24.0	66.0000000	93.9105482	123.8187391	156.0000000	188.1812609	218.0894518	246.0000000	273.9105482	303.8187391	336.0000000	8.1812609	38.0894518	100.5656952	336.0000000	233.0659112	66.0000000
meridian	0.000	66.5597	23.4393	0.0	90.0000000	117.9105482	147.8187391	180.0000000	212.1812609	242.0894518	270.0000000	297.9105482	327.8187391	0.0000000	32.1812609	62.0894518	132.5344567	0.0000000	260.2146945	90.0000000
meridian	0.000	66.5597	23.4393	24.0	66.0000000	93.9105482	123.8187391	156.0000000	188.1812609	218.0894518	246.0000000	273.9105482	303.8187391	336.0000000	8.1812609	38.0894518	108.5344567	336.0000000	236.2146945	66.0000000
meridian	0.000	66.5607	23.4393	0.0	90.0000000	117.9105482	147.8187391	180.0000000	212.1812609	242.0894518	270.0000000	297.9105482	327.8187391	0.0000000	32.1812609	62.0894518	132.5358216	0.0000000	260.2151534	90.0000000
meridian	0.000	66.5607	23.4393	24.0	66.0000000	93.9105482	123.8187391	156.0000000	188.1812609	218.0894518	246.0000000	273.9105482	303.8187391	336.0000000	8.1812609	38.0894518	108.5358216	336.0000000	236.2151534	66.0000000
meridian	0.000	66.5617	23.4393	0.0	90.0000000	117.9105482	147.8187391	180.0000000	212.1812609	242.0894518	270.0000000	297.9105482	327.8187391	0.0000000	32.1812609	62.0894518	132.5371866	0.0000000	260.2156123	90.0000000
meridian	0.000	66.5617	23.4393	24.0	66.0000000	93.9105482	123.8187391	156.0000000	188.1812609	218.0894518	246.0000000	273.9105482	303.8187391	336.0000000	8.1812609	38.0894518	108.5371866	336.0000000	236.2156123	66.0000000
meridian	0.000	70.0000	23.4393	0.0	90.0000000	117.9105482	147.8187391	180.0000000	212.1812609	242.0894518	270.0000000	297.9105482	327.8187391	0.0000000	32.1812609	62.0894518	137.5411724	0.0000000	261.7620094	90.0000000
meridian	0.000	70.0000	23.4393	24.0	66.0000000	93.9105482	123.8187391	156.0000000	188.1812609	218.0894518	246.0000000	273.9105482	303.8187391	336.0000000	8.1812609	38.0894518	113.5411724	336.0000000	237.7620094	66.0000000
meridian	0.000	89.9990	23.4393	0.0	90.0000000	117.9105482	147.8187391	180.0000000	212.1812609	242.0894518	270.0000000	297.9105482	327.8187391	0.0000000	32.1812609	62.0894518	179.9974860	0.0000000	269.9996022	90.0000000
meridian	0.000	89.9990	23.4393	24.0	66.0000000	93.9105482	123.8187391	156.0000000	188.1812609	218.0894518	246.0000000	273.9105482	303.8187391	336.0000000	8.1812609	38.0894518	155.9974860	336.0000000	245.9996022	66.0000000
meridian	0.000	90.0000	23.4393	0.0	refused	refused	refused	refused	refused	refused	refused	refused	refused	refused	refused	refused	refused	refused	refused	refused
meridian	0.000	90.0000	23.4393	24.0	refused	refused	refused	refused	refused	refused	refused	refused	refused	refused	refused	refused	refused	refused	refused	refused
meridian	77.100	-89.9990	23.4393	0.0	165.9837376	198.5367771	229.5498570	258.1330088	285.7619490	314.6346705	345.9837376	18.5367771	49.5498570	78.1330088	105.7619490	134.6346705	180.0005613	78.1330088	345.9838421	165.9837376
meridian	77.100	-89.9990	23.4393	24.0	141.9837376	174.5367771	205.5498570	234.1330088	261.7619490	290.6346705	321.9837376	354.5367771	25.5498570	54.1330088	81.7619490	110.6346705	156.0005613	54.1330088	321.9838421	141.9837376
meridian	77.100	-80.0000	23.4393	0.0	165.9837376	198.5367771	229.5498570	258.1330088	285.7619490	314.6346705	345.9837376	18.5367771	49.5498570	78.1330088	105.7619490	134.6346705	189.3115820	78.1330088	346.9669598	165.9837376
meridian	77.100	-80.0000	23.4393	24.0	141.9837376	174.5367771	205.5498570	234.1330088	261.7619490	290.6346705	321.9837376	354.5367771	25.5498570	54.1330088	81.7619490	110.6346705	165.3115820	54.1330088	322.9669598	141.9837376
meridian	77.100	-66.5617	23.4393	0.0	165.9837376	198.5367771	229.5498570	258.1330088	285.7619490	314.6346705	345.9837376	18.5367771	49.5498570	78.1330088	105.7619490	134.6346705	84.0671498	78.1330088	348.1799742	165.9837376
meridian	77.100	-66.5617	23.4393	24.0	141.9837376	174.5367771	205.5498570	234.1330088	261.7619490	290.6346705	321.9837376	354.5367771	25.5498570	54.1330088	81.7619490	110.6346705	60.0671498	54.1330088	324.1799742	141.9837376
meridian	77.100	-66.5597	23.4393	0.0	165.9837376	198.5367771	229.5498570	258.1330088	285.7619490	314.6346705	345.9837376	18.5367771	49.5498570	78.1330088	105.7619490	134.6346705	84.0894317	78.1330088	348.1801518	165.9837376
meridian	77.100	-66.5597	23.4393	24.0	141.9837376	174.5367771	205.5498570	234.1330088	261.7619490	290.6346705	321.9837376	354.5367771	25.5498570	54.1330088	81.7619490	110.6346705	60.0894317	54.1330088	324.1801518	141.9837376
meridian	77.100	-60.0000	23.4393	0.0	165.9837376	198.5367771	229.5498570	258.1330088	285.7619490	314.6346705	345.9837376	18.5367771	49.5498570	78.1330088	105.7619490	134.6346705	132.6092259	78.1330088	348.7658854	165.9837376
meridian	77.100	-60.0000	23.4393	24.0	141.9837376	174.5367771	205.5498570	234.1330088	261.7619490	290.6346705	321.9837376	354.5367771	25.5498570	54.1330088	81.7619490	110.6346705	108.6092259	54.1330088	324.7658854	141.9837376
meridian	77.100	-30.0000	23.4393	0.0	165.9837376	198.5367771	229.5498570	258.1330088	285.7619490	314.6346705	345.9837376	18.5367771	49.5498570	78.1330088	105.7619490	134.6346705	161.4337456	78.1330088	351.9740138	165.9837376
meridian	77.100	-30.0000	23.4393	24.0	141.9837376	174.5367771	205.5498570	234.1330088	261.7619490	290.6346705	321.9837376	354.5367771	25.5498570	54.1330088	81.7619490	110.6346705	137.4337456	54.1330088	327.9740138	141.9837376
meridian	77.100	0.5000	23.4393	0.0	165.9837376	198.5367771	229.5498570	258.1330088	285.7619490	314.6346705	345.9837376	18.5367771	49.5498570	78.1330088	105.7619490	134.6346705	166.0358071	78.1330088	0.2862431	165.9837376
meridian	77.100	0.5000	23.4393	24.0	141.9837376	174.5367771	205.5498570	234.1330088	261.7619490	290.6346705	321.9837376	354.5367771	25.5498570	54.1330088	81.7619490	110.6346705	142.0358071	54.1330088	336.2862431	141.9837376
meridian	77.100	17.3000	23.4393	0.0	165.9837376	198.5367771	229.5498570	258.1330088	285.7619490	314.6346705	345.9837376	18.5367771	49.5498570	78.1330088	105.7619490	134.6346705	167.6332833	78.1330088	30.2515161	165.9837376
meridian	77.100	17.3000	23.4393	24.0	141.9837376	174.5367771	205.5498570	234.1330088	261.7619490	290.6346705	321.9837376	354.5367771	25.5498570	54.1330088	81.7619490	110.6346705	143.6332833	54.1330088	6.2515161	141.9837376
meridian	77.100	40.0000	23.4393	0.0	165.9837376	198.5367771	229.5498570	258.1330088	285.7619490	314.6346705	345.9837376	18.5367771	49.5498570	78.1330088	105.7619490	134.6346705	169.6970010	78.1330088	332.0226615	165.9837376
meridian	77.100	40.0000	23.4393	24.0	141.9837376	174.5367771	205.5498570	234.1330088	261.7619490	290.6346705	321.9837376	354.5367771	25.5498570	54.1330088	81.7619490	110.6346705	145.6970010	54.1330088	308.0226615	141.9837376
meridian	77.100	47.6000	23.4393	0.0	165.9837376	198.5367771	229.5498570	258.1330088	285.7619490	314.6346705	345.9837376	18.5367771	49.5498570	78.1330088	105.7619490	134.6346705	170.4709513	78.1330088	337.2005482	165.9837376
meridian	77.100	47.6000	23.4393	24.0	141.9837376	174.5367771	205.5498570	234.1330088	261.7619490	290.6346705	321.9837376	354.5367771	25.5498570	54.1330088	81.7619490	110.6346705	146.4709513	54.1330088	313.2005482	141.9837376
meridian	77.100	60.0000	23.4393	0.0	165.9837376	198.5367771	229.5498570	258.1330088	285.7619490	314.6346705	345.9837376	18.5367771	49.5498570	78.1330088	105.7619490	134.6346705	171.9740138	78.1330088	341.4337456	165.9837376
meridian	77.100	60.0000	23.4393	24.0	141.9837376	174.5367771	205.5498570	234.1330088	261.7619490	290.6346705	321.9837376	354.5367771	25.5498570	54.1330088	81.7619490	110.6346705	147.9740138	54.1330088	317.4337456	141.9837376
meridian	77.100	66.5597	23.4393	0.0	165.9837376	198.5367771	229.5498570	258.1330088	285.7619490	314.6346705	345.9837376	18.5367771	49.5498570	78.1330088	105.7619490	134.6346705	172.9752810	78.1330088	342.8146954	165.9837376
meridian	77.100	66.5597	23.4393	24.0	141.9837376	174.5367771	205.5498570	234.1330088	261.7619490	290.6346705	321.9837376	354.5367771	25.5498570	54.1330088	81.7619490	110.6346705	148.9752810	54.1330088	318.8146954	141.9837376
meridian	77.100	66.5607	23.4393	0.0	165.9837376	198.5367771	229.5498570	258.1330088	285.7619490	314.6346705	345.9837376	18.5367771	49.5498570	78.1330088	105.7619490	134.6346705	172.9754494	78.1330088	342.8148802	165.9837376
meridian	77.100	66.5607	23.4393	24.0	141.9837376	174.5367771	205.5498570	234.1330088	261.7619490	290.6346705	321.9837376	354.5367771	25.5498570	54.1330088	81.7619490	110.6346705	148.9754494	54.1330088	318.8148802	141.9837376
meridian	77.100	66.5617	23.4393	0.0	165.9837376	198.5367771	229.5498570	258.1330088	285.7619490	314.6346705	345.9837376	18.5367771	49.5498570	78.1330088	105.7619490	134.6346705	172.9756178	78.1330088	342.8150650	165.9837376
meridian	77.100	66.5617	23.4393	24.0	141.9837376	174.5367771	205.5498570	234.1330088	261.7619490	290.6346705	321.9837376	354.5367771	25.5498570	54.1330088	81.7619490	110.6346705	148.9756178	54.1330088	318.8150650	141.9837376
meridian	77.100	70.0000	23.4393	0.0	165.9837376	198.5367771	229.5498570	258.1330088	285.7619490	314.6346705	345.9837376	18.5367771	49.5498570	78.1330088	105.7619490	134.6346705	173.5900684	78.1330088	343.4140046	165.9837376
meridian	77.100	70.0000	23.4393	24.0	141.9837376	174.5367771	205.5498570	234.1330088	261.7619490	290.6346705	321.9837376	354.5367771	25.5498570	54.1330088	81.7619490	110.6346705	149.5900684	54.1330088	319.4140046	141.9837376
meridian	77.100	89.9990	23.4393	0.0	165.9837376	198.5367771	229.5498570	258.1330088	285.7619490	314.6346705	345.9837376	18.5367771	49.5498570	78.1330088	105.7619490	134.6346705	179.9994388	78.1330088	345.9836331	165.9837376
meridian	77.100	89.9990	23.4393	24.0	141.9837376	174.5367771	205.5498570	234.1330088	261.7619490	290.6346705	321.9837376	354.5367771	25.5498570	54.1330088	81.7619490	110.6346705	155.9994388	54.1330088	321.9836331	141.9837376
meridian	77.100	90.0000	23.4393	0.0	refused	refused	refused	refused	refused	refused	refused	refused	refused	refused	refused	refused	refused	refused	refused	refused
meridian	77.100	90.0000	23.4393	24.0	refused	refused	refused	refused	refused	refused	refused	refused	refused	refused	refused	refused	refused	refused	refused	refused
meridian	143.300	-89.9990	23.4393	0.0	235.6329465	263.8484436	291.5604714	320.9090413	352.7036345	25.1454623	55.6329465	83.8484436	111.5604714	140.9090413	172.7036345	205.1454623	179.9979843	140.9090413	55.6326085	235.6329465
meridian	143.300	-89.9990	23.4393	24.0	211.6329465	239.8484436	267.5604714	296.9090413	328.7036345	1.1454623	31.6329465	59.8484436	87.5604714	116.9090413	148.7036345	181.1454623	155.9979843	116.9090413	31.6326085	211.6329465
meridian	143.300	-80.0000	23.4393	0.0	235.6329465	263.8484436	291.5604714	320.9090413	352.7036345	25.1454623	55.6329465	83.8484436	111.5604714	140.9090413	172.7036345	205.1454623	154.8483245	140.9090413	52.3552223	235.6329465
meridian	143.300	-80.0000	23.4393	24.0	211.6329465	239.8484436	267.5604714	296.9090413	328.7036345	1.1454623	31.6329465	59.8484436	87.5604714	116.9090413	148.7036345	181.1454623	130.8483245	116.9090413	28.3552223	211.6329465
meridian	143.300	-66.5617	23.4393	0.0	235.6329465	263.8484436	291.5604714	320.9090413	352.7036345	25.1454623	55.6329465	83.8484436	111.5604714	140.9090413	172.7036345	205.1454623	294.7259454	140.9090413	48.0459048	235.6329465
meridian	143.300	-66.5617	23.4393	24.0	211.6329465	239.8484436	267.5604714	296.9090413	328.7036345	1.1454623	31.6329465	59.8484436	87.5604714	116.9090413	148.7036345	181.1454623	270.7259454	116.9090413	24.0459048	211.6329465
meridian	143.300	-66.5597	23.4393	0.0	235.6329465	263.8484436	291.5604714	320.9090413	352.7036345	25.1454623	55.6329465	83.8484436	111.5604714	140.9090413	172.7036345	205.1454623	294.7207713	140.9090413	48.0452529	235.6329465
meridian	143.300	-66.5597	23.4393	24.0	211.6329465	239.8484436	267.5604714	296.9090413	328.7036345	1.1454623	31.6329465	59.8484436	87.5604714	116.9090413	148.7036345	181.1454623	270.7207713	116.9090413	24.0452529	211.6329465
meridian	143.300	-60.0000	23.4393	0.0	235.6329465	263.8484436	291.5604714	320.9090413	352.7036345	25.1454623	55.6329465	83.8484436	111.5604714	140.9090413	172.7036345	205.1454623	279.9504729	140.9090413	45.8634464	235.6329465
meridian	143.300	-60.0000	23.4393	24.0	211.6329465	239.8484436	267.5604714	296.9090413	328.7036345	1.1454623	31.6329465	59.8484436	87.5604714	116.9090413	148.7036345	181.1454623	255.9504729	116.9090413	21.8634464	211.6329465
meridian	143.300	-30.0000	23.4393	0.0	235.6329465	263.8484436	291.5604714	320.9090413	352.7036345	25.1454623	55.6329465	83.8484436	111.5604714	140.9090413	172.7036345	205.1454623	248.3254087	140.9090413	32.9438141	235.6329465
meridian	143.300	-30.0000	23.4393	24.0	211.6329465	239.8484436	267.5604714	296.9090413	328.7036345	1.1454623	31.6329465	59.8484436	87.5604714	116.9090413	148.7036345	181.1454623	224.3254087	116.9090413	8.9438141	211.6329465
meridian	143.300	0.5000	23.4393	0.0	235.6329465	263.8484436	291.5604714	320.9090413	352.7036345	25.1454623	55.6329465	83.8484436	111.5604714	140.9090413	172.7036345	205.1454623	235.4642676	140.9090413	358.9799910	235.6329465
meridian	143.300	0.5000	23.4393	24.0	211.6329465	239.8484436	267.5604714	296.9090413	328.7036345	1.1454623	31.6329465	59.8484436	87.5604714	116.9090413	148.7036345	181.1454623	211.4642676	116.9090413	334.9799910	211.6329465
meridian	143.300	17.3000	23.4393	0.0	235.6329465	263.8484436	291.5604714	320.9090413	352.7036345	25.1454623	55.6329465	83.8484436	111.5604714	140.9090413	172.7036345	205.1454623	230.0237225	140.9090413	132.2705043	235.6329465
meridian	143.300	17.3000	23.4393	24.0	211.6329465	239.8484436	267.5604714	296.9090413	328.7036345	1.1454623	31.6329465	59.8484436	87.5604714	116.9090413	148.7036345	181.1454623	206.0237225	116.9090413	108.2705043	211.6329465
meridian	143.300	40.0000	23.4393	0.0	235.6329465	263.8484436	291.5604714	320.9090413	352.7036345	25.1454623	55.6329465	83.8484436	111.5604714	140.9090413	172.7036345	205.1454623	222.2694246	140.9090413	84.7085509	235.6329465
meridian	143.300	40.0000	23.4393	24.0	211.6329465	239.8484436	267.5604714	296.9090413	328.7036345	1.1454623	31.6329465	59.8484436	87.5604714	116.9090413	148.7036345	181.1454623	198.2694246	116.9090413	60.7085509	211.6329465
meridian	143.300	47.6000	23.4393	0.0	235.6329465	263.8484436	291.5604714	320.9090413	352.7036345	25.1454623	55.6329465	83.8484436	111.5604714	140.9090413	172.7036345	205.1454623	219.1755211	140.9090413	77.0010017	235.6329465
meridian	143.300	47.6000	23.4393	24.0	211.6329465	239.8484436	267.5604714	296.9090413	328.7036345	1.1454623	31.6329465	59.8484436	87.5604714	116.9090413	148.7036345	181.1454623	195.1755211	116.9090413	53.0010017	211.6329465
meridian	143.300	60.0000	23.4393	0.0	235.6329465	263.8484436	291.5604714	320.9090413	352.7036345	25.1454623	55.6329465	83.8484436	111.5604714	140.9090413	172.7036345	205.1454623	212.9438141	140.9090413	68.3254087	235.6329465
meridian	143.300	60.0000	23.4393	24.0	211.6329465	239.8484436	267.5604714	296.9090413	328.7036345	1.1454623	31.6329465	59.8484436	87.5604714	116.9090413	148.7036345	181.1454623	188.9438141	116.9090413	44.3254087	211.6329465
meridian	143.300	66.5597	23.4393	0.0	235.6329465	263.8484436	291.5604714	320.9090413	352.7036345	25.1454623	55.6329465	83.8484436	111.5604714	140.9090413	172.7036345	205.1454623	208.6789977	140.9090413	64.8844564	235.6329465
meridian	143.300	66.5597	23.4393	24.0	211.6329465	239.8484436	267.5604714	296.9090413	328.7036345	1.1454623	31.6329465	59.8484436	87.5604714	116.9090413	148.7036345	181.1454623	184.6789977	116.9090413	40.8844564	211.6329465
meridian	143.300	66.5607	23.4393	0.0	235.6329465	263.8484436	291.5604714	320.9090413	352.7036345	25.1454623	55.6329465	83.8484436	111.5604714	140.9090413	172.7036345	205.1454623	208.6782757	140.9090413	64.8839732	235.6329465
meridian	143.300	66.5607	23.4393	24.0	211.6329465	239.8484436	267.5604714	296.9090413	328.7036345	1.1454623	31.6329465	59.8484436	87.5604714	116.9090413	148.7036345	181.1454623	184.6782757	116.9090413	40.8839732	211.6329465
meridian	143.300	66.5617	23.4393	0.0	235.6329465	263.8484436	291.5604714	320.9090413	352.7036345	25.1454623	55.6329465	83.8484436	111.5604714	140.9090413	172.7036345	205.1454623	208.6775536	140.9090413	64.8834900	235.6329465
meridian	143.300	66.5617	23.4393	24.0	211.6329465	239.8484436	267.5604714	296.9090413	328.7036345	1.1454623	31.6329465	59.8484436	87.5604714	116.9090413	148.7036345	181.1454623	184.6775536	116.9090413	40.8834900	211.6329465
meridian	143.300	70.0000	23.4393	0.0	235.6329465	263.8484436	291.5604714	320.9090413	352.7036345	25.1454623	55.6329465	83.8484436	111.5604714	140.9090413	172.7036345	205.1454623	206.0369790	140.9090413	63.2840281	235.6329465
meridian	143.300	70.0000	23.4393	24.0	211.6329465	239.8484436	267.5604714	296.9090413	328.7036345	1.1454623	31.6329465	59.8484436	87.5604714	116.9090413	148.7036345	181.1454623	182.0369790	116.9090413	39.2840281	211.6329465
meridian	143.300	89.9990	23.4393	0.0	235.6329465	263.8484436	291.5604714	320.9090413	352.7036345	25.1454623	55.6329465	83.8484436	111.5604714	140.9090413	172.7036345	205.1454623	180.0020156	140.9090413	55.6332845	235.6329465
meridian	143.300	89.9990	23.4393	24.0	211.6329465	239.8484436	267.5604714	296.9090413	328.7036345	1.1454623	31.6329465	59.8484436	87.5604714	116.9090413	148.7036345	181.1454623	156.0020156	116.9090413	31.6332845	211.6329465
meridian	143.300	90.0000	23.4393	0.0	refused	refused	refused	refused	refused	refused	refused	refused	refused	refused	refused	refused	refused	refused	refused	refused
meridian	143.300	90.0000	23.4393	24.0	refused	refused	refused	refused	refused	refused	refused	refused	refused	refused	refused	refused	refused	refused	refused	refused
meridian	200.000	-89.9990	23.4393	0.0	288.4660276	317.5549634	349.1212098	21.6385041	52.4088078	80.8104869	108.4660276	137.5549634	169.1212098	201.6385041	232.4088078	260.8104869	359.9976377	201.6385041	108.4656467	288.4660276
meridian	200.000	-89.9990	23.4393	24.0	264.4660276	293.5549634	325.1212098	357.6385041	28.4088078	56.8104869	84.4660276	113.5549634	145.1212098	177.6385041	208.4088078	236.8104869	335.9976377	177.6385041	84.4656467	264.4660276
meridian	200.000	-80.0000	23.4393	0.0	288.4660276	317.5549634	349.1212098	21.6385041	52.4088078	80.8104869	108.4660276	137.5549634	169.1212098	201.6385041	232.4088078	260.8104869	339.9134840	201.6385041	104.5364229	288.4660276
meridian	200.000	-80.0000	23.4393	24.0	264.4660276	293.5549634	325.1212098	357.6385041	28.4088078	56.8104869	84.4660276	113.5549634	145.1212098	177.6385041	208.4088078	236.8104869	315.9134840	177.6385041	80.5364229	264.4660276
meridian	200.000	-66.5617	23.4393	0.0	288.4660276	317.5549634	349.1212098	21.6385041	52.4088078	80.8104869	108.4660276	137.5549634	169.1212098	201.6385041	232.4088078	260.8104869	322.6506922	201.6385041	98.5542613	288.4660276
meridian	200.000	-66.5617	23.4393	24.0	264.4660276	293.5549634	325.1212098	357.6385041	28.4088078	56.8104869	84.4660276	113.5549634	145.1212098	177.6385041	208.4088078	236.8104869	298.6506922	177.6385041	74.5542613	264.4660276
meridian	200.000	-66.5597	23.4393	0.0	288.4660276	317.5549634	349.1212098	21.6385041	52.4088078	80.8104869	108.4660276	137.5549634	169.1212098	201.6385041	232.4088078	260.8104869	322.6487228	201.6385041	98.5532778	288.4660276
meridian	200.000	-66.5597	23.4393	24.0	264.4660276	293.5549634	325.1212098	357.6385041	28.4088078	56.8104869	84.4660276	113.5549634	145.1212098	177.6385041	208.4088078	236.8104869	298.6487228	177.6385041	74.5532778	264.4660276
meridian	200.000	-60.0000	23.4393	0.0	288.4660276	317.5549634	349.1212098	21.6385041	52.4088078	80.8104869	108.4660276	137.5549634	169.1212098	201.6385041	232.4088078	260.8104869	316.8598438	201.6385041	95.1166445	288.4660276
meridian	200.000	-60.0000	23.4393	24.0	264.4660276	293.5549634	325.1212098	357.6385041	28.4088078	56.8104869	84.4660276	113.5549634	145.1212098	177.6385041	208.4088078	236.8104869	292.8598438	177.6385041	71.1166445	264.4660276
meridian	200.000	-30.0000	23.4393	0.0	288.4660276	317.5549634	349.1212098	21.6385041	52.4088078	80.8104869	108.4660276	137.5549634	169.1212098	201.6385041	232.4088078	260.8104869	300.0421617	201.6385041	68.2355982	288.4660276
meridian	200.000	-30.0000	23.4393	24.0	264.4660276	293.5549634	325.1212098	357.6385041	28.4088078	56.8104869	84.4660276	113.5549634	145.1212098	177.6385041	208.4088078	236.8104869	276.0421617	177.6385041	44.2355982	264.4660276
meridian	200.000	0.5000	23.4393	0.0	288.4660276	317.5549634	349.1212098	21.6385041	52.4088078	80.8104869	108.4660276	137.5549634	169.1212098	201.6385041	232.4088078	260.8104869	288.2753932	201.6385041	178.8270310	288.4660276
meridian	200.000	0.5000	23.4393	24.0	264.4660276	293.5549634	325.1212098	357.6385041	28.4088078	56.8104869	84.4660276	113.5549634	145.1212098	177.6385041	208.4088078	236.8104869	264.2753932	177.6385041	154.8270310	264.4660276
meridian	200.000	17.3000	23.4393	0.0	288.4660276	317.5549634	349.1212098	21.6385041	52.4088078	80.8104869	108.4660276	137.5549634	169.1212098	201.6385041	232.4088078	260.8104869	281.4250878	201.6385041	149.4312502	288.4660276
meridian	200.000	17.3000	23.4393	24.0	264.4660276	293.5549634	325.1212098	357.6385041	28.4088078	56.8104869	84.4660276	113.5549634	145.1212098	177.6385041	208.4088078	236.8104869	257.4250878	177.6385041	125.4312502	264.4660276
meridian	200.000	40.0000	23.4393	0.0	288.4660276	317.5549634	349.1212098	21.6385041	52.4088078	80.8104869	108.4660276	137.5549634	169.1212098	201.6385041	232.4088078	260.8104869	268.7821000	201.6385041	129.9768823	288.4660276
meridian	200.000	40.0000	23.4393	24.0	264.4660276	293.5549634	325.1212098	357.6385041	28.4088078	56.8104869	84.4660276	113.5549634	145.1212098	177.6385041	208.4088078	236.8104869	244.7821000	177.6385041	105.9768823	264.4660276
meridian	200.000	47.6000	23.4393	0.0	288.4660276	317.5549634	349.1212098	21.6385041	52.4088078	80.8104869	108.4660276	137.5549634	169.1212098	201.6385041	232.4088078	260.8104869	262.6132136	201.6385041	125.7715209	288.4660276
meridian	200.000	47.6000	23.4393	24.0	264.4660276	293.5549634	325.1212098	357.6385041	28.4088078	56.8104869	84.4660276	113.5549634	145.1212098	177.6385041	208.4088078	236.8104869	238.6132136	177.6385041	101.7715209	264.4660276
meridian	200.000	60.0000	23.4393	0.0	288.4660276	317.5549634	349.1212098	21.6385041	52.4088078	80.8104869	108.4660276	137.5549634	169.1212098	201.6385041	232.4088078	260.8104869	248.2355982	201.6385041	120.0421617	288.4660276
meridian	200.000	60.0000	23.4393	24.0	264.4660276	293.5549634	325.1212098	357.6385041	28.4088078	56.8104869	84.4660276	113.5549634	145.1212098	177.6385041	208.4088078	236.8104869	224.2355982	177.6385041	96.0421617	264.4660276
meridian	200.000	66.5597	23.4393	0.0	288.4660276	317.5549634	349.1212098	21.6385041	52.4088078	80.8104869	108.4660276	137.5549634	169.1212098	201.6385041	232.4088078	260.8104869	237.2840765	201.6385041	117.3602317	288.4660276
meridian	200.000	66.5597	23.4393	24.0	264.4660276	293.5549634	325.1212098	357.6385041	28.4088078	56.8104869	84.4660276	113.5549634	145.1212098	177.6385041	208.4088078	236.8104869	213.2840765	177.6385041	93.3602317	264.4660276
meridian	200.000	66.5607	23.4393	0.0	288.4660276	317.5549634	349.1212098	21.6385041	52.4088078	80.8104869	108.4660276	137.5549634	169.1212098	201.6385041	232.4088078	260.8104869	237.2821828	201.6385041	117.3598350	288.4660276
meridian	200.000	66.5607	23.4393	24.0	264.4660276	293.5549634	325.1212098	357.6385041	28.4088078	56.8104869	84.4660276	113.5549634	145.1212098	177.6385041	208.4088078	236.8104869	213.2821828	177.6385041	93.3598350	264.4660276
meridian	200.000	66.5617	23.4393	0.0	288.4660276	317.5549634	349.1212098	21.6385041	52.4088078	80.8104869	108.4660276	137.5549634	169.1212098	201.6385041	232.4088078	260.8104869	237.2802890	201.6385041	117.3594383	288.4660276
meridian	200.000	66.5617	23.4393	24.0	264.4660276	293.5549634	325.1212098	357.6385041	28.4088078	56.8104869	84.4660276	113.5549634	145.1212098	177.6385041	208.4088078	236.8104869	213.2802890	177.6385041	93.3594383	264.4660276
meridian	200.000	70.0000	23.4393	0.0	288.4660276	317.5549634	349.1212098	21.6385041	52.4088078	80.8104869	108.4660276	137.5549634	169.1212098	201.6385041	232.4088078	260.8104869	230.3383184	201.6385041	116.0126922	288.4660276
meridian	200.000	70.0000	23.4393	24.0	264.4660276	293.5549634	325.1212098	357.6385041	28.4088078	56.8104869	84.4660276	113.5549634	145.1212098	177.6385041	208.4088078	236.8104869	206.3383184	177.6385041	92.0126922	264.4660276
meridian	200.000	89.9990	23.4393	0.0	288.4660276	317.5549634	349.1212098	21.6385041	52.4088078	80.8104869	108.4660276	137.5549634	169.1212098	201.6385041	232.4088078	260.8104869	0.0023624	201.6385041	108.4664084	288.4660276
meridian	200.000	89.9990	23.4393	24.0	264.4660276	293.5549634	325.1212098	357.6385041	28.4088078	56.8104869	84.4660276	113.5549634	145.1212098	177.6385041	208.4088078	236.8104869	336.0023624	177.6385041	84.4664084	264.4660276
meridian	200.000	90.0000	23.4393	0.0	refused	refused	refused	refused	refused	refused	refused	refused	refused	refused	refused	refused	refused	refused	refused	refused
meridian	200.000	90.0000	23.4393	24.0	refused	refused	refused	refused	refused	refused	refused	refused	refused	refused	refused	refused	refused	refused	refused	refused
meridian	280.457	-89.9990	23.4393	0.0	11.3739572	42.9069256	71.9609934	99.6109051	128.0401089	158.8491101	191.3739572	222.9069256	251.9609934	279.6109051	308.0401089	338.8491101	0.0004563	279.6109051	191.3740424	11.3739572
meridian	280.457	-89.9990	23.4393	24.0	347.3739572	18.9069256	47.9609934	75.6109051	104.0401089	134.8491101	167.3739572	198.9069256	227.9609934	255.6109051	284.0401089	314.8491101	336.0004563	255.6109051	167.3740424	347.3739572
meridian	280.457	-80.0000	23.4393	0.0	11.3739572	42.9069256	71.9609934	99.6109051	128.0401089	158.8491101	191.3739572	222.9069256	251.9609934	279.6109051	308.0401089	338.8491101	3.2891453	279.6109051	192.3045559	11.3739572
meridian	280.457	-80.0000	23.4393	24.0	347.3739572	18.9069256	47.9609934	75.6109051	104.0401089	134.8491101	167.3739572	198.9069256	227.9609934	255.6109051	284.0401089	314.8491101	339.2891453	255.6109051	168.3045559	347.3739572
meridian	280.457	-66.5617	23.4393	0.0	11.3739572	42.9069256	71.9609934	99.6109051	128.0401089	158.8491101	191.3739572	222.9069256	251.9609934	279.6109051	308.0401089	338.8491101	5.6956473	279.6109051	193.9659455	11.3739572
meridian	280.457	-66.5617	23.4393	24.0	347.3739572	18.9069256	47.9609934	75.6109051	104.0401089	134.8491101	167.3739572	198.9069256	227.9609934	255.6109051	284.0401089	314.8491101	341.6956473	255.6109051	169.9659455	347.3739572
meridian	280.457	-66.5597	23.4393	0.0	11.3739572	42.9069256	71.9609934	99.6109051	128.0401089	158.8491101	191.3739572	222.9069256	251.9609934	279.6109051	308.0401089	338.8491101	5.6959202	279.6109051	193.9662488	11.3739572
meridian	280.457	-66.5597	23.4393	24.0	347.3739572	18.9069256	47.9609934	75.6109051	104.0401089	134.8491101	167.3739572	198.9069256	227.9609934	255.6109051	284.0401089	314.8491101	341.6959202	255.6109051	169.9662488	347.3739572
meridian	280.457	-60.0000	23.4393	0.0	11.3739572	42.9069256	71.9609934	99.6109051	128.0401089	158.8491101	191.3739572	222.9069256	251.9609934	279.6109051	308.0401089	338.8491101	6.5071649	279.6109051	195.1015586	11.3739572
meridian	280.457	-60.0000	23.4393	24.0	347.3739572	18.9069256	47.9609934	75.6109051	104.0401089	134.8491101	167.3739572	198.9069256	227.9609934	255.6109051	284.0401089	314.8491101	342.5071649	255.6109051	171.1015586	347.3739572
meridian	280.457	-30.0000	23.4393	0.0	11.3739572	42.9069256	71.9609934	99.6109051	128.0401089	158.8491101	191.3739572	222.9069256	251.9609934	279.6109051	308.0401089	338.8491101	9.1096939	279.6109051	220.3980752	11.3739572
meridian	280.457	-30.0000	23.4393	24.0	347.3739572	18.9069256	47.9609934	75.6109051	104.0401089	134.8491101	167.3739572	198.9069256	227.9609934	255.6109051	284.0401089	314.8491101	345.1096939	255.6109051	196.3980752	347.3739572
meridian	280.457	0.5000	23.4393	0.0	11.3739572	42.9069256	71.9609934	99.6109051	128.0401089	158.8491101	191.3739572	222.9069256	251.9609934	279.6109051	308.0401089	338.8491101	11.4167356	279.6109051	180.2237160	11.3739572
meridian	280.457	0.5000	23.4393	24.0	347.3739572	18.9069256	47.9609934	75.6109051	104.0401089	134.8491101	167.3739572	198.9069256	227.9609934	255.6109051	284.0401089	314.8491101	347.4167356	255.6109051	156.2237160	347.3739572
meridian	280.457	17.3000	23.4393	0.0	11.3739572	42.9069256	71.9609934	99.6109051	128.0401089	158.8491101	191.3739572	222.9069256	251.9609934	279.6109051	308.0401089	338.8491101	13.1258215	279.6109051	184.7606192	11.3739572
meridian	280.457	17.3000	23.4393	24.0	347.3739572	18.9069256	47.9609934	75.6109051	104.0401089	134.8491101	167.3739572	198.9069256	227.9609934	255.6109051	284.0401089	314.8491101	349.1258215	255.6109051	160.7606192	347.3739572
meridian	280.457	40.0000	23.4393	0.0	11.3739572	42.9069256	71.9609934	99.6109051	128.0401089	158.8491101	191.3739572	222.9069256	251.9609934	279.6109051	308.0401089	338.8491101	17.7069435	279.6109051	187.5124678	11.3739572
meridian	280.457	40.0000	23.4393	24.0	347.3739572	18.9069256	47.9609934	75.6109051	104.0401089	134.8491101	167.3739572	198.9069256	227.9609934	255.6109051	284.0401089	314.8491101	353.7069435	255.6109051	163.5124678	347.3739572
meridian	280.457	47.6000	23.4393	0.0	11.3739572	42.9069256	71.9609934	99.6109051	128.0401089	158.8491101	191.3739572	222.9069256	251.9609934	279.6109051	308.0401089	338.8491101	21.2540645	279.6109051	188.1619097	11.3739572
meridian	280.457	47.6000	23.4393	24.0	347.3739572	18.9069256	47.9609934	75.6109051	104.0401089	134.8491101	167.3739572	198.9069256	227.9609934	255.6109051	284.0401089	314.8491101	357.2540645	255.6109051	164.1619097	347.3739572
meridian	280.457	60.0000	23.4393	0.0	11.3739572	42.9069256	71.9609934	99.6109051	128.0401089	158.8491101	191.3739572	222.9069256	251.9609934	279.6109051	308.0401089	338.8491101	40.3980752	279.6109051	189.1096939	11.3739572
meridian	280.457	60.0000	23.4393	24.0	347.3739572	18.9069256	47.9609934	75.6109051	104.0401089	134.8491101	167.3739572	198.9069256	227.9609934	255.6109051	284.0401089	314.8491101	16.3980752	255.6109051	165.1096939	347.3739572
meridian	280.457	66.5597	23.4393	0.0	11.3739572	42.9069256	71.9609934	99.6109051	128.0401089	158.8491101	191.3739572	222.9069256	251.9609934	279.6109051	308.0401089	338.8491101	94.7854057	279.6109051	189.5856940	11.3739572
meridian	280.457	66.5597	23.4393	24.0	347.3739572	18.9069256	47.9609934	75.6109051	104.0401089	134.8491101	167.3739572	198.9069256	227.9609934	255.6109051	284.0401089	314.8491101	70.7854057	255.6109051	165.5856940	347.3739572
meridian	280.457	66.5607	23.4393	0.0	11.3739572	42.9069256	71.9609934	99.6109051	128.0401089	158.8491101	191.3739572	222.9069256	251.9609934	279.6109051	308.0401089	338.8491101	94.7991597	279.6109051	189.5857662	11.3739572
meridian	280.457	66.5607	23.4393	24.0	347.3739572	18.9069256	47.9609934	75.6109051	104.0401089	134.8491101	167.3739572	198.9069256	227.9609934	255.6109051	284.0401089	314.8491101	70.7991597	255.6109051	165.5857662	347.3739572
meridian	280.457	66.5617	23.4393	0.0	11.3739572	42.9069256	71.9609934	99.6109051	128.0401089	158.8491101	191.3739572	222.9069256	251.9609934	279.6109051	308.0401089	338.8491101	94.8129143	279.6109051	189.5858384	11.3739572
meridian	280.457	66.5617	23.4393	24.0	347.3739572	18.9069256	47.9609934	75.6109051	104.0401089	134.8491101	167.3739572	198.9069256	227.9609934	255.6109051	284.0401089	314.8491101	70.8129143	255.6109051	165.5858384	347.3739572
meridian	280.457	70.0000	23.4393	0.0	11.3739572	42.9069256	71.9609934	99.6109051	128.0401089	158.8491101	191.3739572	222.9069256	251.9609934	279.6109051	308.0401089	338.8491101	316.4073609	279.6109051	189.8342845	11.3739572
meridian	280.457	70.0000	23.4393	24.0	347.3739572	18.9069256	47.9609934	75.6109051	104.0401089	134.8491101	167.3739572	198.9069256	227.9609934	255.6109051	284.0401089	314.8491101	292.4073609	255.6109051	165.8342845	347.3739572
meridian	280.457	89.9990	23.4393	0.0	11.3739572	42.9069256	71.9609934	99.6109051	128.0401089	158.8491101	191.3739572	222.9069256	251.9609934	279.6109051	308.0401089	338.8491101	359.9995437	279.6109051	191.3738720	11.3739572
meridian	280.457	89.9990	23.4393	24.0	347.3739572	18.9069256	47.9609934	75.6109051	104.0401089	134.8491101	167.3739572	198.9069256	227.9609934	255.6109051	284.0401089	314.8491101	335.9995437	255.6109051	167.3738720	347.3739572
meridian	280.457	90.0000	23.4393	0.0	refused	refused	refused	refused	refused	refused	refused	refused	refused	refused	refused	refused	refused	refused	refused	refused
meridian	280.457	90.0000	23.4393	24.0	refused	refused	refused	refused	refused	refused	refused	refused	refused	refused	refused	refused	refused	refused	refused	refused
meridian	333.300	-89.9990	23.4393	0.0	65.2292565	93.0282201	121.0762364	151.2692165	183.5960540	215.6010167	245.2292565	273.0282201	301.0762364	331.2692165	3.5960540	35.6010167	0.0022459	331.2692165	245.2296236	65.2292565
meridian	333.300	-89.9990	23.4393	24.0	41.2292565	69.0282201	97.0762364	127.2692165	159.5960540	191.6010167	221.2292565	249.0282201	277.0762364	307.2692165	339.5960540	11.6010167	336.0022459	307.2692165	221.2296236	41.2292565
meridian	333.300	-80.0000	23.4393	0.0	65.2292565	93.0282201	121.0762364	151.2692165	183.5960540	215.6010167	245.2292565	273.0282201	301.0762364	331.2692165	3.5960540	35.6010167	18.5119945	331.2692165	249.0464052	65.2292565
meridian	333.300	-80.0000	23.4393	24.0	41.2292565	69.0282201	97.0762364	127.2692165	159.5960540	191.6010167	221.2292565	249.0282201	277.0762364	307.2692165	339.5960540	11.6010167	354.5119945	307.2692165	225.0464052	41.2292565
meridian	333.300	-66.5617	23.4393	0.0	65.2292565	93.0282201	121.0762364	151.2692165	183.5960540	215.6010167	245.2292565	273.0282201	301.0762364	331.2692165	3.5960540	35.6010167	33.8941933	331.2692165	254.9751963	65.2292565
meridian	333.300	-66.5617	23.4393	24.0	41.2292565	69.0282201	97.0762364	127.2692165	159.5960540	191.6010167	221.2292565	249.0282201	277.0762364	307.2692165	339.5960540	11.6010167	9.8941933	307.2692165	230.9751963	41.2292565
meridian	333.300	-66.5597	23.4393	0.0	65.2292565	93.0282201	121.0762364	151.2692165	183.5960540	215.6010167	245.2292565	273.0282201	301.0762364	331.2692165	3.5960540	35.6010167	33.8959436	331.2692165	254.9761831	65.2292565
meridian	333.300	-66.5597	23.4393	24.0	41.2292565	69.0282201	97.0762364	127.2692165	159.5960540	191.6010167	221.2292565	249.0282201	277.0762364	307.2692165	339.5960540	11.6010167	9.8959436	307.2692165	230.9761831	41.2292565
meridian	333.300	-60.0000	23.4393	0.0	65.2292565	93.0282201	121.0762364	151.2692165	183.5960540	215.6010167	245.2292565	273.0282201	301.0762364	331.2692165	3.5960540	35.6010167	39.0510900	331.2692165	258.4490906	65.2292565
meridian	333.300	-60.0000	23.4393	24.0	41.2292565	69.0282201	97.0762364	127.2692165	159.5960540	191.6010167	221.2292565	249.0282201	277.0762364	307.2692165	339.5960540	11.6010167	15.0510900	307.2692165	234.4490906	41.2292565
meridian	333.300	-30.0000	23.4393	0.0	65.2292565	93.0282201	121.0762364	151.2692165	183.5960540	215.6010167	245.2292565	273.0282201	301.0762364	331.2692165	3.5960540	35.6010167	54.3022646	331.2692165	287.2107540	65.2292565
meridian	333.300	-30.0000	23.4393	24.0	41.2292565	69.0282201	97.0762364	127.2692165	159.5960540	191.6010167	221.2292565	249.0282201	277.0762364	307.2692165	339.5960540	11.6010167	30.3022646	307.2692165	263.2107540	41.2292565
meridian	333.300	0.5000	23.4393	0.0	65.2292565	93.0282201	121.0762364	151.2692165	183.5960540	215.6010167	245.2292565	273.0282201	301.0762364	331.2692165	3.5960540	35.6010167	65.4130769	331.2692165	181.1127773	65.2292565
meridian	333.300	0.5000	23.4393	24.0	41.2292565	69.0282201	97.0762364	127.2692165	159.5960540	191.6010167	221.2292565	249.0282201	277.0762364	307.2692165	339.5960540	11.6010167	41.4130769	307.2692165	157.1127773	41.2292565
meridian	333.300	17.3000	23.4393	0.0	65.2292565	93.0282201	121.0762364	151.2692165	183.5960540	215.6010167	245.2292565	273.0282201	301.0762364	331.2692165	3.5960540	35.6010167	72.1117805	331.2692165	207.8709169	65.2292565
meridian	333.300	17.3000	23.4393	24.0	41.2292565	69.0282201	97.0762364	127.2692165	159.5960540	191.6010167	221.2292565	249.0282201	277.0762364	307.2692165	339.5960540	11.6010167	48.1117805	307.2692165	183.8709169	41.2292565
meridian	333.300	40.0000	23.4393	0.0	65.2292565	93.0282201	121.0762364	151.2692165	183.5960540	215.6010167	245.2292565	273.0282201	301.0762364	331.2692165	3.5960540	35.6010167	84.9804329	331.2692165	225.2278332	65.2292565
meridian	333.300	40.0000	23.4393	24.0	41.2292565	69.0282201	97.0762364	127.2692165	159.5960540	191.6010167	221.2292565	249.0282201	277.0762364	307.2692165	339.5960540	11.6010167	60.9804329	307.2692165	201.2278332	41.2292565
meridian	333.300	47.6000	23.4393	0.0	65.2292565	93.0282201	121.0762364	151.2692165	183.5960540	215.6010167	245.2292565	273.0282201	301.0762364	331.2692165	3.5960540	35.6010167	91.4990950	331.2692165	229.0414226	65.2292565
meridian	333.300	47.6000	23.4393	24.0	41.2292565	69.0282201	97.0762364	127.2692165	159.5960540	191.6010167	221.2292565	249.0282201	277.0762364	307.2692165	339.5960540	11.6010167	67.4990950	307.2692165	205.0414226	41.2292565
meridian	333.300	60.0000	23.4393	0.0	65.2292565	93.0282201	121.0762364	151.2692165	183.5960540	215.6010167	245.2292565	273.0282201	301.0762364	331.2692165	3.5960540	35.6010167	107.2107540	331.2692165	234.3022646	65.2292565
meridian	333.300	60.0000	23.4393	24.0	41.2292565	69.0282201	97.0762364	127.2692165	159.5960540	191.6010167	221.2292565	249.0282201	277.0762364	307.2692165	339.5960540	11.6010167	83.2107540	307.2692165	210.3022646	41.2292565
meridian	333.300	66.5597	23.4393	0.0	65.2292565	93.0282201	121.0762364	151.2692165	183.5960540	215.6010167	245.2292565	273.0282201	301.0762364	331.2692165	3.5960540	35.6010167	119.4878926	331.2692165	236.7954143	65.2292565
meridian	333.300	66.5597	23.4393	24.0	41.2292565	69.0282201	97.0762364	127.2692165	159.5960540	191.6010167	221.2292565	249.0282201	277.0762364	307.2692165	339.5960540	11.6010167	95.4878926	307.2692165	212.7954143	41.2292565
meridian	333.300	66.5607	23.4393	0.0	65.2292565	93.0282201	121.0762364	151.2692165	183.5960540	215.6010167	245.2292565	273.0282201	301.0762364	331.2692165	3.5960540	35.6010167	119.4900247	331.2692165	236.7957846	65.2292565
meridian	333.300	66.5607	23.4393	24.0	41.2292565	69.0282201	97.0762364	127.2692165	159.5960540	191.6010167	221.2292565	249.0282201	277.0762364	307.2692165	339.5960540	11.6010167	95.4900247	307.2692165	212.7957846	41.2292565
meridian	333.300	66.5617	23.4393	0.0	65.2292565	93.0282201	121.0762364	151.2692165	183.5960540	215.6010167	245.2292565	273.0282201	301.0762364	331.2692165	3.5960540	35.6010167	119.4921568	331.2692165	236.7961550	65.2292565
meridian	333.300	66.5617	23.4393	24.0	41.2292565	69.0282201	97.0762364	127.2692165	159.5960540	191.6010167	221.2292565	249.0282201	277.0762364	307.2692165	339.5960540	11.6010167	95.4921568	307.2692165	212.7961550	41.2292565
meridian	333.300	70.0000	23.4393	0.0	65.2292565	93.0282201	121.0762364	151.2692165	183.5960540	215.6010167	245.2292565	273.0282201	301.0762364	331.2692165	3.5960540	35.6010167	127.3030611	331.2692165	238.0562699	65.2292565
meridian	333.300	70.0000	23.4393	24.0	41.2292565	69.0282201	97.0762364	127.2692165	159.5960540	191.6010167	221.2292565	249.0282201	277.0762364	307.2692165	339.5960540	11.6010167	103.3030611	307.2692165	214.0562699	41.2292565
meridian	333.300	89.9990	23.4393	0.0	65.2292565	93.0282201	121.0762364	151.2692165	183.5960540	215.6010167	245.2292565	273.0282201	301.0762364	331.2692165	3.5960540	35.6010167	359.9977541	331.2692165	245.2288894	65.2292565
meridian	333.300	89.9990	23.4393	24.0	41.2292565	69.0282201	97.0762364	127.2692165	159.5960540	191.6010167	221.2292565	249.0282201	277.0762364	307.2692165	339.5960540	11.6010167	335.9977541	307.2692165	221.2288894	41.2292565
meridian	333.300	90.0000	23.4393	0.0	refused	refused	refused	refused	refused	refused	refused	refused	refused	refused	refused	refused	refused	refused	refused	refused
meridian	333.300	90.0000	23.4393	24.0	refused	refused	refused	refused	refused	refused	refused	refused	refused	refused	refused	refused	refused	refused	refused	refused
topocentric	0.000	-89.9990	23.4393	0.0	0.0025140	180.0032658	180.0037713	180.0000000	180.0037706	180.0032656	180.0025140	0.0032658	0.0037713	0.0000000	0.0037706	0.0032656	0.0025140	0.0000000	270.0003978	90.0000000
topocentric	0.000	-89.9990	23.4393	24.0	336.0025140	156.0032658	156.0037713	156.0000000	156.0037706	156.0032656	156.0025140	336.0032658	336.0037713	336.0000000	336.0037706	336.0032656	336.0025140	336.0000000	246.0003978	66.0000000
topocentric	0.000	-80.0000	23.4393	0.0	23.9067834	39.6443357	94.8691191	180.0000000	197.9162307	203.8093050	203.9067834	219.6443357	274.8691191	0.0000000	17.9162307	23.8093050	23.9067834	0.0000000	274.0120907	90.0000000
topocentric	0.000	-80.0000	23.4393	24.0	359.9067834	15.6443357	70.8691191	156.0000000	173.9162307	179.8093050	179.9067834	195.6443357	250.8691191	336.0000000	353.9162307	359.8093050	359.9067834	336.0000000	250.0120907	66.0000000
topocentric	0.000	-66.5617	23.4393	0.0	47.4628134	79.9846478	134.3464031	180.0000000	204.4360166	218.9745296	227.4628134	259.9846478	314.3464031	0.0000000	24.4360166	38.9745296	47.4628134	0.0000000	279.7843877	90.0000000
topocentric	0.000	-66.5617	23.4393	24.0	23.4628134	55.9846478	110.3464031	156.0000000	180.4360166	194.9745296	203.4628134	235.9846478	290.3464031	336.0000000	0.4360166	14.9745296	23.4628134	336.0000000	255.7843877	66.0000000
topocentric	0.000	-66.5597	23.4393	0.0	47.4655433	79.9884013	134.3481173	180.0000000	204.4365903	218.9760608	227.4655433	259.9884013	314.3481173	0.0000000	24.4365903	38.9760608	47.4655433	0.0000000	279.7853055	90.0000000
topocentric	0.000	-66.5597	23.4393	24.0	23.4655433	55.9884013	110.3481173	156.0000000	180.4365903	194.9760608	203.4655433	235.9884013	290.3481173	336.0000000	0.4365903	14.9760608	23.4655433	336.0000000	255.7853055	66.0000000
topocentric	0.000	-60.0000	23.4393	0.0	55.4343048	89.9621131	138.4878563	180.0000000	206.0205468	223.3295525	235.4343048	269.9621131	318.4878563	0.0000000	26.0205468	43.3295525	55.4343048	0.0000000	282.9340888	90.0000000
topocentric	0.000	-60.0000	23.4393	24.0	31.4343048	65.9621131	114.4878563	156.0000000	182.0205468	199.3295525	211.4343048	245.9621131	294.4878563	336.0000000	2.0205468	19.3295525	31.4343048	336.0000000	258.9340888	66.0000000
topocentric	0.000	-30.0000	23.4393	0.0	77.0659112	109.4388830	145.1478544	180.0000000	209.8548341	234.7588558	257.0659112	289.4388830	325.1478544	0.0000000	29.8548341	54.7588558	77.0659112	0.0000000	304.5656952	90.0000000
topocentric	0.000	-30.0000	23.4393	24.0	53.0659112	85.4388830	121.1478544	156.0000000	185.8548341	210.7588558	233.0659112	265.4388830	301.1478544	336.0000000	5.8548341	30.7588558	53.0659112	336.0000000	280.5656952	66.0000000
topocentric	0.000	0.5000	23.4393	0.0	90.1988929	118.0299768	147.8563123	180.0000000	212.2189126	242.2091447	270.1988929	298.0299768	327.8563123	0.0000000	32.2189126	62.2091447	90.1988929	0.0000000	181.2568150	90.0000000
topocentric	0.000	0.5000	23.4393	24.0	66.1988929	94.0299768	123.8563123	156.0000000	188.2189126	218.2091447	246.1988929	274.0299768	303.8563123	336.0000000	8.2189126	38.2091447	66.1988929	336.0000000	157.2568150	66.0000000
topocentric	0.000	17.3000	23.4393	0.0	97.0626042	122.0087614	149.1127345	180.0000000	213.5753010	246.5230084	277.0626042	302.0087614	329.1127345	0.0000000	33.5753010	66.5230084	97.0626042	0.0000000	218.0614522	90.0000000
topocentric	0.000	17.3000	23.4393	24.0	73.0626042	98.0087614	125.1127345	156.0000000	189.5753010	222.5230084	253.0626042	278.0087614	305.1127345	336.0000000	9.5753010	42.5230084	73.0626042	336.0000000	194.0614522	66.0000000
topocentric	0.000	40.0000	23.4393	0.0	108.4577098	128.1903043	151.1019415	180.0000000	216.1943611	254.7426810	288.4577098	308.1903043	331.1019415	0.0000000	36.1943611	74.7426810	108.4577098	0.0000000	244.6365910	90.0000000
topocentric	0.000	40.0000	23.4393	24.0	84.4577098	104.1903043	127.1019415	156.0000000	192.1943611	230.7426810	264.4577098	284.1903043	307.1019415	336.0000000	12.1943611	50.7426810	84.4577098	336.0000000	220.6365910	66.0000000
topocentric	0.000	47.6000	23.4393	0.0	113.5389876	130.8614520	151.9850088	180.0000000	217.5960652	259.0007503	293.5389876	310.8614520	331.9850088	0.0000000	37.5960652	79.0007503	113.5389876	0.0000000	250.0379364	90.0000000
topocentric	0.000	47.6000	23.4393	24.0	89.5389876	106.8614520	127.9850088	156.0000000	193.5960652	235.0007503	269.5389876	286.8614520	307.9850088	336.0000000	13.5960652	55.0007503	89.5389876	336.0000000	226.0379364	66.0000000
topocentric	0.000	60.0000	23.4393	0.0	124.5656952	136.6704475	153.9794532	180.0000000	221.5121437	270.0378869	304.5656952	316.6704475	333.9794532	0.0000000	41.5121437	90.0378869	124.5656952	0.0000000	257.0659112	90.0000000
topocentric	0.000	60.0000	23.4393	24.0	100.5656952	112.6704475	129.9794532	156.0000000	197.5121437	246.0378869	280.5656952	292.6704475	309.9794532	336.0000000	17.5121437	66.0378869	100.5656952	336.0000000	233.0659112	66.0000000
topocentric	0.000	66.5597	23.4393	0.0	132.5344567	141.0239392	155.5634097	180.0000000	225.6518827	280.0115987	312.5344567	321.0239392	335.5634097	0.0000000	45.6518827	100.0115987	132.5344567	0.0000000	260.2146945	90.0000000
topocentric	0.000	66.5597	23.4393	24.0	108.5344567	117.0239392	131.5634097	156.0000000	201.6518827	256.0115987	288.5344567	297.0239392	311.5634097	336.0000000	21.6518827	76.0115987	108.5344567	336.0000000	236.2146945	66.0000000
topocentric	0.000	66.5607	23.4393	0.0	132.5358216	141.0247048	155.5636965	180.0000000	225.6527398	280.0134754	312.5358216	321.0247048	335.5636965	0.0000000	45.6527398	100.0134754	132.5358216	0.0000000	260.2151534	90.0000000
topocentric	0.000	66.5607	23.4393	24.0	108.5358216	117.0247048	131.5636965	156.0000000	201.6527398	256.0134754	288.5358216	297.0247048	311.5636965	336.0000000	21.6527398	76.0134754	108.5358216	336.0000000	236.2151534	66.0000000
topocentric	0.000	66.5617	23.4393	0.0	132.5371866	141.0254704	155.5639834	180.0000000	225.6535969	280.0153522	312.5371866	321.0254704	335.5639834	0.0000000	45.6535969	100.0153522	132.5371866	0.0000000	260.2156123	90.0000000
topocentric	0.000	66.5617	23.4393	24.0	108.5371866	117.0254704	131.5639834	156.0000000	201.6535969	256.0153522	288.5371866	297.0254704	311.5639834	336.0000000	21.6535969	76.0153522	108.5371866	336.0000000	236.2156123	66.0000000
topocentric	0.000	70.0000	23.4393	0.0	137.5411724	143.8934111	156.6617606	180.0000000	229.2868195	287.3067274	317.5411724	323.8934111	336.6617606	0.0000000	49.2868195	107.3067274	137.5411724	0.0000000	261.7620094	90.0000000
topocentric	0.000	70.0000	23.4393	24.0	113.5411724	119.8934111	132.6617606	156.0000000	205.2868195	263.3067274	293.5411724	299.8934111	312.6617606	336.0000000	25.2868195	83.3067274	113.5411724	336.0000000	237.7620094	66.0000000
topocentric	0.000	89.9990	23.4393	0.0	179.9974860	179.9967344	179.9962294	180.0000000	179.9962287	179.9967342	359.9974860	359.9967344	359.9962294	0.0000000	359.9962287	359.9967342	179.9974860	0.0000000	269.9996022	90.0000000
topocentric	0.000	89.9990	23.4393	24.0	155.9974860	155.9967344	155.9962294	156.0000000	155.9962287	155.9967342	335.9974860	335.9967344	335.9962294	336.0000000	335.9962287	335.9967342	155.9974860	336.0000000	245.9996022	66.0000000
topocentric	0.000	90.0000	23.4393	0.0	refused	refused	refused	refused	refused	refused	refused	refused	refused	refused	refused	refused	refused	refused	refused	refused
topocentric	0.000	90.0000	23.4393	24.0	refused	refused	refused	refused	refused	refused	refused	refused	refused	refused	refused	refused	refused	refused	refused	refused
topocentric	77.100	-89.9990	23.4393	0.0	180.0005613	179.9988911	179.9944748	258.1330088	0.0072088	0.0025671	0.0005613	359.9988911	359.9944748	78.1330088	180.0072088	180.0025671	180.0005613	78.1330088	345.9838421	165.9837376
topocentric	77.100	-89.9990	23.4393	24.0	156.0005613	155.9988911	155.9944748	234.1330088	336.0072088	336.0025671	336.0005613	335.9988911	335.9944748	54.1330088	156.0072088	156.0025671	156.0005613	54.1330088	321.9838421	141.9837376
topocentric	77.100	-80.0000	23.4393	0.0	189.3115820	154.8756558	279.8674121	258.1330088	243.2293053	39.2944360	9.3115820	334.8756558	99.8674121	78.1330088	63.2293053	219.2944360	189.3115820	78.1330088	346.9669598	165.9837376
topocentric	77.100	-80.0000	23.4393	24.0	165.3115820	130.8756558	255.8674121	234.1330088	219.2293053	15.2944360	345.3115820	310.8756558	75.8674121	54.1330088	39.2293053	195.2944360	165.3115820	54.1330088	322.9669598	141.9837376
topocentric	77.100	-66.5617	23.4393	0.0	84.0671498	227.9479722	246.4876040	258.1330088	267.8390646	275.0714642	264.0671498	47.9479722	66.4876040	78.1330088	87.8390646	95.0714642	84.0671498	78.1330088	348.1799742	165.9837376
topocentric	77.100	-66.5617	23.4393	24.0	60.0671498	203.9479722	222.4876040	234.1330088	243.8390646	251.0714642	240.0671498	23.9479722	42.4876040	54.1330088	63.8390646	71.0714642	60.0671498	54.1330088	324.1799742	141.9837376
topocentric	77.100	-66.5597	23.4393	0.0	84.0894317	227.9416875	246.4856803	258.1330088	267.8408156	275.0763498	264.0894317	47.9416875	66.4856803	78.1330088	87.8408156	95.0763498	84.0894317	78.1330088	348.1801518	165.9837376
topocentric	77.100	-66.5597	23.4393	24.0	60.0894317	203.9416875	222.4856803	234.1330088	243.8408156	251.0763498	240.0894317	23.9416875	42.4856803	54.1330088	63.8408156	71.0763498	60.0894317	54.1330088	324.1801518	141.9837376
topocentric	77.100	-60.0000	23.4393	0.0	132.6092259	215.1495293	241.6721998	258.1330088	272.4036071	287.3583181	312.6092259	35.1495293	61.6721998	78.1330088	92.4036071	107.3583181	132.6092259	78.1330088	348.7658854	165.9837376
topocentric	77.100	-60.0000	23.4393	24.0	108.6092259	191.1495293	217.6721998	234.1330088	248.4036071	263.3583181	288.6092259	11.1495293	37.6721998	54.1330088	68.4036071	83.3583181	108.6092259	54.1330088	324.7658854	141.9837376
topocentric	77.100	-30.0000	23.4393	0.0	161.4337456	202.1087096	233.2007641	258.1330088	281.4289574	307.3223646	341.4337456	22.1087096	53.2007641	78.1330088	101.4289574	127.3223646	161.4337456	78.1330088	351.9740138	165.9837376
topocentric	77.100	-30.0000	23.4393	24.0	137.4337456	178.1087096	209.2007641	234.1330088	257.4289574	283.3223646	317.4337456	358.1087096	29.2007641	54.1330088	77.4289574	103.3223646	137.4337456	54.1330088	327.9740138	141.9837376
topocentric	77.100	0.5000	23.4393	0.0	166.0358071	198.4913085	229.4974892	258.1330088	285.8261746	314.7331387	346.0358071	18.4913085	49.4974892	78.1330088	105.8261746	134.7331387	166.0358071	78.1330088	0.2862431	165.9837376
topocentric	77.100	0.5000	23.4393	24.0	142.0358071	174.4913085	205.4974892	234.1330088	261.8261746	290.7331387	322.0358071	354.4913085	25.4974892	54.1330088	81.8261746	110.7331387	142.0358071	54.1330088	336.2862431	141.9837376
topocentric	77.100	17.3000	23.4393	0.0	167.6332833	197.0374539	227.7306365	258.1330088	288.0281188	317.9499690	347.6332833	17.0374539	47.7306365	78.1330088	108.0281188	137.9499690	167.6332833	78.1330088	30.2515161	165.9837376
topocentric	77.100	17.3000	23.4393	24.0	143.6332833	173.0374539	203.7306365	234.1330088	264.0281188	293.9499690	323.6332833	353.0374539	23.7306365	54.1330088	84.0281188	113.9499690	143.6332833	54.1330088	6.2515161	141.9837376
topocentric	77.100	40.0000	23.4393	0.0	169.6970010	194.9730802	224.8726175	258.1330088	291.7351161	322.7320468	349.6970010	14.9730802	44.8726175	78.1330088	111.7351161	142.7320468	169.6970010	78.1330088	332.0226615	165.9837376
topocentric	77.100	40.0000	23.4393	24.0	145.6970010	170.9730802	200.8726175	234.1330088	267.7351161	298.7320468	325.6970010	350.9730802	20.8726175	54.1330088	87.7351161	118.7320468	145.6970010	54.1330088	308.0226615	141.9837376
topocentric	77.100	47.6000	23.4393	0.0	170.4709513	194.1381040	223.5810152	258.1330088	293.4694074	324.7306921	350.4709513	14.1381040	43.5810152	78.1330088	113.4694074	144.7306921	170.4709513	78.1330088	337.2005482	165.9837376
topocentric	77.100	47.6000	23.4393	24.0	146.4709513	170.1381040	199.5810152	234.1330088	269.4694074	300.7306921	326.4709513	350.1381040	19.5810152	54.1330088	89.4694074	120.7306921	146.4709513	54.1330088	313.2005482	141.9837376
topocentric	77.100	60.0000	23.4393	0.0	171.9740138	192.4102113	220.6154572	258.1330088	297.5885597	328.9664501	351.9740138	12.4102113	40.6154572	78.1330088	117.5885597	148.9664501	171.9740138	78.1330088	341.4337456	165.9837376
topocentric	77.100	60.0000	23.4393	24.0	147.9740138	168.4102113	196.6154572	234.1330088	273.5885597	304.9664501	327.9740138	348.4102113	16.6154572	54.1330088	93.5885597	124.9664501	147.9740138	54.1330088	317.4337456	141.9837376
topocentric	77.100	66.5597	23.4393	0.0	172.9752810	191.1740639	218.2159822	258.1330088	301.0568287	332.0642478	352.9752810	11.1740639	38.2159822	78.1330088	121.0568287	152.0642478	172.9752810	78.1330088	342.8146954	165.9837376
topocentric	77.100	66.5597	23.4393	24.0	148.9752810	167.1740639	194.2159822	234.1330088	277.0568287	308.0642478	328.9752810	347.1740639	14.2159822	54.1330088	97.0568287	128.0642478	148.9752810	54.1330088	318.8146954	141.9837376
topocentric	77.100	66.5607	23.4393	0.0	172.9754494	191.1738499	218.2155444	258.1330088	301.0574721	332.0647881	352.9754494	11.1738499	38.2155444	78.1330088	121.0574721	152.0647881	172.9754494	78.1330088	342.8148802	165.9837376
topocentric	77.100	66.5607	23.4393	24.0	148.9754494	167.1738499	194.2155444	234.1330088	277.0574721	308.0647881	328.9754494	347.1738499	14.2155444	54.1330088	97.0574721	128.0647881	148.9754494	54.1330088	318.8148802	141.9837376
topocentric	77.100	66.5617	23.4393	0.0	172.9756178	191.1736358	218.2151066	258.1330088	301.0581155	332.0653285	352.9756178	11.1736358	38.2151066	78.1330088	121.0581155	152.0653285	172.9756178	78.1330088	342.8150650	165.9837376
topocentric	77.100	66.5617	23.4393	24.0	148.9756178	167.1736358	194.2151066	234.1330088	277.0581155	308.0653285	328.9756178	347.1736358	14.2151066	54.1330088	97.0581155	128.0653285	148.9756178	54.1330088	318.8150650	141.9837376
topocentric	77.100	70.0000	23.4393	0.0	173.5900684	190.3783753	216.5313233	258.1330088	303.5602262	334.0806361	353.5900684	10.3783753	36.5313233	78.1330088	123.5602262	154.0806361	173.5900684	78.1330088	343.4140046	165.9837376
topocentric	77.100	70.0000	23.4393	24.0	149.5900684	166.3783753	192.5313233	234.1330088	279.5602262	310.0806361	329.5900684	346.3783753	12.5313233	54.1330088	99.5602262	130.0806361	149.5900684	54.1330088	319.4140046	141.9837376
topocentric	77.100	89.9990	23.4393	0.0	179.9994388	180.0011087	180.0055243	258.1330088	359.9927918	359.9974331	359.9994388	0.0011087	0.0055243	78.1330088	179.9927918	179.9974331	179.9994388	78.1330088	345.9836331	165.9837376
topocentric	77.100	89.9990	23.4393	24.0	155.9994388	156.0011087	156.0055243	234.1330088	335.9927918	335.9974331	335.9994388	336.0011087	336.0055243	54.1330088	155.9927918	155.9974331	155.9994388	54.1330088	321.9836331	141.9837376
topocentric	77.100	90.0000	23.4393	0.0	refused	refused	refused	refused	refused	refused	refused	refused	refused	refused	refused	refused	refused	refused	refused	refused
topocentric	77.100	90.0000	23.4393	24.0	refused	refused	refused	refused	refused	refused	refused	refused	refused	refused	refused	refused	refused	refused	refused	refused
topocentric	143.300	-89.9990	23.4393	0.0	179.9979843	179.9962548	359.9930735	320.9090413	0.0008800	359.9985083	359.9979843	359.9962548	179.9930735	140.9090413	180.0008800	179.9985083	179.9979843	140.9090413	55.6326085	235.6329465
topocentric	143.300	-89.9990	23.4393	24.0	155.9979843	155.9962548	335.9930735	296.9090413	336.0008800	335.9985083	335.9979843	335.9962548	155.9930735	116.9090413	156.0008800	155.9985083	155.9979843	116.9090413	31.6326085	211.6329465
topocentric	143.300	-80.0000	23.4393	0.0	154.8483245	324.5877604	320.5179232	320.9090413	323.7720242	329.1141938	334.8483245	144.5877604	140.5179232	140.9090413	143.7720242	149.1141938	154.8483245	140.9090413	52.3552223	235.6329465
topocentric	143.300	-80.0000	23.4393	24.0	130.8483245	300.5877604	296.5179232	296.9090413	299.7720242	305.1141938	310.8483245	120.5877604	116.5179232	116.9090413	119.7720242	125.1141938	130.8483245	116.9090413	28.3552223	211.6329465
topocentric	143.300	-66.5617	23.4393	0.0	294.7259454	296.9356102	306.0594648	320.9090413	349.0914186	59.7177148	114.7259454	116.9356102	126.0594648	140.9090413	169.0914186	239.7177148	294.7259454	140.9090413	48.0459048	235.6329465
topocentric	143.300	-66.5617	23.4393	24.0	270.7259454	272.9356102	282.0594648	296.9090413	325.0914186	35.7177148	90.7259454	92.9356102	102.0594648	116.9090413	145.0914186	215.7177148	270.7259454	116.9090413	24.0459048	211.6329465
topocentric	143.300	-66.5597	23.4393	0.0	294.7207713	296.9329277	306.0582722	320.9090413	349.0919330	59.7113958	114.7207713	116.9329277	126.0582722	140.9090413	169.0919330	239.7113958	294.7207713	140.9090413	48.0452529	235.6329465
topocentric	143.300	-66.5597	23.4393	24.0	270.7207713	272.9329277	282.0582722	296.9090413	325.0919330	35.7113958	90.7207713	92.9329277	102.0582722	116.9090413	145.0919330	215.7113958	270.7207713	116.9090413	24.0452529	211.6329465
topocentric	143.300	-60.0000	23.4393	0.0	279.9504729	289.5292234	302.8292755	320.9090413	350.2861428	45.8974525	99.9504729	109.5292234	122.8292755	140.9090413	170.2861428	225.8974525	279.9504729	140.9090413	45.8634464	235.6329465
topocentric	143.300	-60.0000	23.4393	24.0	255.9504729	265.5292234	278.8292755	296.9090413	326.2861428	21.8974525	75.9504729	85.5292234	98.8292755	116.9090413	146.2861428	201.8974525	255.9504729	116.9090413	21.8634464	211.6329465
topocentric	143.300	-30.0000	23.4393	0.0	248.3254087	272.6553600	295.5701788	320.9090413	352.0426575	29.8396847	68.3254087	92.6553600	115.5701788	140.9090413	172.0426575	209.8396847	248.3254087	140.9090413	32.9438141	235.6329465
topocentric	143.300	-30.0000	23.4393	24.0	224.3254087	248.6553600	271.5701788	296.9090413	328.0426575	5.8396847	44.3254087	68.6553600	91.5701788	116.9090413	148.0426575	185.8396847	224.3254087	116.9090413	8.9438141	211.6329465
topocentric	143.300	0.5000	23.4393	0.0	235.4642676	263.7165021	291.4980078	320.9090413	352.7127885	25.0850721	55.4642676	83.7165021	111.4980078	140.9090413	172.7127885	205.0850721	235.4642676	140.9090413	358.9799910	235.6329465
topocentric	143.300	0.5000	23.4393	24.0	211.4642676	239.7165021	267.4980078	296.9090413	328.7127885	1.0850721	31.4642676	59.7165021	87.4980078	116.9090413	148.7127885	181.0850721	211.4642676	116.9090413	334.9799910	211.6329465
topocentric	143.300	17.3000	23.4393	0.0	230.0237225	259.1898831	289.2984767	320.9090413	353.0167882	23.1466793	50.0237225	79.1898831	109.2984767	140.9090413	173.0167882	203.1466793	230.0237225	140.9090413	132.2705043	235.6329465
topocentric	143.300	17.3000	23.4393	24.0	206.0237225	235.1898831	265.2984767	296.9090413	329.0167882	359.1466793	26.0237225	55.1898831	85.2984767	116.9090413	149.0167882	179.1466793	206.0237225	116.9090413	108.2705043	211.6329465
topocentric	143.300	40.0000	23.4393	0.0	222.2694246	251.6428148	285.3225820	320.9090413	353.4903478	20.3721451	42.2694246	71.6428148	105.3225820	140.9090413	173.4903478	200.3721451	222.2694246	140.9090413	84.7085509	235.6329465
topocentric	143.300	40.0000	23.4393	24.0	198.2694246	227.6428148	261.3225820	296.9090413	329.4903478	356.3721451	18.2694246	47.6428148	81.3225820	116.9090413	149.4903478	176.3721451	198.2694246	116.9090413	60.7085509	211.6329465
topocentric	143.300	47.6000	23.4393	0.0	219.1755211	248.1891655	283.3346827	320.9090413	353.6978297	19.2436389	39.1755211	68.1891655	103.3346827	140.9090413	173.6978297	199.2436389	219.1755211	140.9090413	77.0010017	235.6329465
topocentric	143.300	47.6000	23.4393	24.0	195.1755211	224.1891655	259.3346827	296.9090413	329.6978297	355.2436389	15.1755211	44.1891655	79.3346827	116.9090413	149.6978297	175.2436389	195.1755211	116.9090413	53.0010017	211.6329465
topocentric	143.300	60.0000	23.4393	0.0	212.9438141	240.3059887	278.2549282	320.9090413	354.1609778	16.8990436	32.9438141	60.3059887	98.2549282	140.9090413	174.1609778	196.8990436	212.9438141	140.9090413	68.3254087	235.6329465
topocentric	143.300	60.0000	23.4393	24.0	188.9438141	216.3059887	254.2549282	296.9090413	330.1609778	352.8990436	8.9438141	36.3059887	74.2549282	116.9090413	150.1609778	172.8990436	188.9438141	116.9090413	44.3254087	211.6329465
topocentric	143.300	66.5597	23.4393	0.0	208.6789977	234.1101058	273.5570873	320.9090413	354.5240618	15.2156080	28.6789977	54.1101058	93.5570873	140.9090413	174.5240618	195.2156080	208.6789977	140.9090413	64.8844564	235.6329465
topocentric	143.300	66.5597	23.4393	24.0	184.6789977	210.1101058	249.5570873	296.9090413	330.5240618	351.2156080	4.6789977	30.1101058	69.5570873	116.9090413	150.5240618	171.2156080	184.6789977	116.9090413	40.8844564	211.6329465
topocentric	143.300	66.5607	23.4393	0.0	208.6782757	234.1089983	273.5561784	320.9090413	354.5241272	15.2153161	28.6782757	54.1089983	93.5561784	140.9090413	174.5241272	195.2153161	208.6782757	140.9090413	64.8839732	235.6329465
topocentric	143.300	66.5607	23.4393	24.0	184.6782757	210.1089983	249.5561784	296.9090413	330.5241272	351.2153161	4.6782757	30.1089983	69.5561784	116.9090413	150.5241272	171.2153161	184.6782757	116.9090413	40.8839732	211.6329465
topocentric	143.300	66.5617	23.4393	0.0	208.6775536	234.1078908	273.5552695	320.9090413	354.5241926	15.2150243	28.6775536	54.1078908	93.5552695	140.9090413	174.5241926	195.2150243	208.6775536	140.9090413	64.8834900	235.6329465
topocentric	143.300	66.5617	23.4393	24.0	184.6775536	210.1078908	249.5552695	296.9090413	330.5241926	351.2150243	4.6775536	30.1078908	69.5552695	116.9090413	150.5241926	171.2150243	184.6775536	116.9090413	40.8834900	211.6329465
topocentric	143.300	70.0000	23.4393	0.0	206.0369790	229.9234544	269.9133598	320.9090413	354.7737094	14.1300239	26.0369790	49.9234544	89.9133598	140.9090413	174.7737094	194.1300239	206.0369790	140.9090413	63.2840281	235.6329465
topocentric	143.300	70.0000	23.4393	24.0	182.0369790	205.9234544	245.9133598	296.9090413	330.7737094	350.1300239	2.0369790	25.9234544	65.9133598	116.9090413	150.7737094	170.1300239	182.0369790	116.9090413	39.2840281	211.6329465
topocentric	143.300	89.9990	23.4393	0.0	180.0020156	180.0037452	0.0069272	320.9090413	359.9991202	0.0014915	0.0020156	0.0037452	180.0069272	140.9090413	179.9991202	180.0014915	180.0020156	140.9090413	55.6332845	235.6329465
topocentric	143.300	89.9990	23.4393	24.0	156.0020156	156.0037452	336.0069272	296.9090413	335.9991202	336.0014915	336.0020156	336.0037452	156.0069272	116.9090413	155.9991202	156.0014915	156.0020156	116.9090413	31.6332845	211.6329465
topocentric	143.300	90.0000	23.4393	0.0	refused	refused	refused	refused	refused	refused	refused	refused	refused	refused	refused	refused	refused	refused	refused	refused
topocentric	143.300	90.0000	23.4393	24.0	refused	refused	refused	refused	refused	refused	refused	refused	refused	refused	refused	refused	refused	refused	refused	refused
topocentric	200.000	-89.9990	23.4393	0.0	359.9976377	359.9975762	359.9986905	21.6385041	359.9942221	359.9962863	179.9976377	179.9975762	179.9986905	201.6385041	179.9942221	179.9962863	359.9976377	201.6385041	108.4656467	288.4660276
topocentric	200.000	-89.9990	23.4393	24.0	335.9976377	335.9975762	335.9986905	357.6385041	335.9942221	335.9962863	155.9976377	155.9975762	155.9986905	177.6385041	155.9942221	155.9962863	335.9976377	177.6385041	84.4656467	264.4660276
topocentric	200.000	-80.0000	23.4393	0.0	339.9134840	343.7602241	354.0120903	21.6385041	101.9567142	143.7807092	159.9134840	163.7602241	174.0120903	201.6385041	281.9567142	323.7807092	339.9134840	201.6385041	104.5364229	288.4660276
topocentric	200.000	-80.0000	23.4393	24.0	315.9134840	319.7602241	330.0120903	357.6385041	77.9567142	119.7807092	135.9134840	139.7602241	150.0120903	177.6385041	257.9567142	299.7807092	315.9134840	177.6385041	80.5364229	264.4660276
topocentric	200.000	-66.5617	23.4393	0.0	322.6506922	333.9417421	351.8290985	21.6385041	69.6647661	114.6713675	142.6506922	153.9417421	171.8290985	201.6385041	249.6647661	294.6713675	322.6506922	201.6385041	98.5542613	288.4660276
topocentric	200.000	-66.5617	23.4393	24.0	298.6506922	309.9417421	327.8290985	357.6385041	45.6647661	90.6713675	118.6506922	129.9417421	147.8290985	177.6385041	225.6647661	270.6713675	298.6506922	177.6385041	74.5542613	264.4660276
topocentric	200.000	-66.5597	23.4393	0.0	322.6487228	333.9407358	351.8289036	21.6385041	69.6628425	114.6685568	142.6487228	153.9407358	171.8289036	201.6385041	249.6628425	294.6685568	322.6487228	201.6385041	98.5532778	288.4660276
topocentric	200.000	-66.5597	23.4393	24.0	298.6487228	309.9407358	327.8289036	357.6385041	45.6628425	90.6685568	118.6487228	129.9407358	147.8289036	177.6385041	225.6628425	270.6685568	298.6487228	177.6385041	74.5532778	264.4660276
topocentric	200.000	-60.0000	23.4393	0.0	316.8598438	331.0528355	351.2879370	21.6385041	64.8235139	106.9419146	136.8598438	151.0528355	171.2879370	201.6385041	244.8235139	286.9419146	316.8598438	201.6385041	95.1166445	288.4660276
topocentric	200.000	-60.0000	23.4393	24.0	292.8598438	307.0528355	327.2879370	357.6385041	40.8235139	82.9419146	112.8598438	127.0528355	147.2879370	177.6385041	220.8235139	262.9419146	292.8598438	177.6385041	71.1166445	264.4660276
topocentric	200.000	-30.0000	23.4393	0.0	300.0421617	323.0943380	349.9528994	21.6385041	56.1808053	89.6384459	120.0421617	143.0943380	169.9528994	201.6385041	236.1808053	269.6384459	300.0421617	201.6385041	68.2355982	288.4660276
topocentric	200.000	-30.0000	23.4393	24.0	276.0421617	299.0943380	325.9528994	357.6385041	32.1808053	65.6384459	96.0421617	119.0943380	145.9528994	177.6385041	212.1808053	245.6384459	276.0421617	177.6385041	44.2355982	264.4660276
topocentric	200.000	0.5000	23.4393	0.0	288.2753932	317.4608400	349.1075936	21.6385041	52.3545078	80.6793284	108.2753932	137.4608400	169.1075936	201.6385041	232.3545078	260.6793284	288.2753932	201.6385041	178.8270310	288.4660276
topocentric	200.000	0.5000	23.4393	24.0	264.2753932	293.4608400	325.1075936	357.6385041	28.3545078	56.6793284	84.2753932	113.4608400	145.1075936	177.6385041	208.3545078	236.6793284	264.2753932	177.6385041	154.8270310	264.4660276
topocentric	200.000	17.3000	23.4393	0.0	281.4250878	313.9770825	348.6134738	21.6385041	50.5193461	76.1987391	101.4250878	133.9770825	168.6134738	201.6385041	230.5193461	256.1987391	281.4250878	201.6385041	149.4312502	288.4660276
topocentric	200.000	17.3000	23.4393	24.0	257.4250878	289.9770825	324.6134738	357.6385041	26.5193461	52.1987391	77.4250878	109.9770825	144.6134738	177.6385041	206.5193461	232.1987391	257.4250878	177.6385041	125.4312502	264.4660276
topocentric	200.000	40.0000	23.4393	0.0	268.7821000	306.7684905	347.6377392	21.6385041	47.5384880	68.8073915	88.7821000	126.7684905	167.6377392	201.6385041	227.5384880	248.8073915	268.7821000	201.6385041	129.9768823	288.4660276
topocentric	200.000	40.0000	23.4393	24.0	244.7821000	282.7684905	323.6377392	357.6385041	23.5384880	44.8073915	64.7821000	102.7684905	143.6377392	177.6385041	203.5384880	224.8073915	244.7821000	177.6385041	105.9768823	264.4660276
topocentric	200.000	47.6000	23.4393	0.0	262.6132136	302.6845448	347.1024398	21.6385041	46.1866349	65.4551746	82.6132136	122.6845448	167.1024398	201.6385041	226.1866349	245.4551746	262.6132136	201.6385041	125.7715209	288.4660276
topocentric	200.000	47.6000	23.4393	24.0	238.6132136	278.6845448	323.1024398	357.6385041	22.1866349	41.4551746	58.6132136	98.6845448	143.1024398	177.6385041	202.1866349	221.4551746	238.6132136	177.6385041	101.7715209	264.4660276
topocentric	200.000	60.0000	23.4393	0.0	248.2355982	290.7490558	345.5502765	21.6385041	43.0724302	57.8639417	68.2355982	110.7490558	165.5502765	201.6385041	223.0724302	237.8639417	248.2355982	201.6385041	120.0421617	288.4660276
topocentric	200.000	60.0000	23.4393	24.0	224.2355982	266.7490558	321.5502765	357.6385041	19.0724302	33.8639417	44.2355982	86.7490558	141.5502765	177.6385041	199.0724302	213.8639417	224.2355982	177.6385041	96.0421617	264.4660276
topocentric	200.000	66.5597	23.4393	0.0	237.2840765	278.0759157	343.8007635	21.6385041	40.5430690	51.9448263	57.2840765	98.0759157	163.8007635	201.6385041	220.5430690	231.9448263	237.2840765	201.6385041	117.3602317	288.4660276
topocentric	200.000	66.5597	23.4393	24.0	213.2840765	254.0759157	319.8007635	357.6385041	16.5430690	27.9448263	33.2840765	74.0759157	139.8007635	177.6385041	196.5430690	207.9448263	213.2840765	177.6385041	93.3602317	264.4660276
topocentric	200.000	66.5607	23.4393	0.0	237.2821828	278.0733599	343.8003879	21.6385041	40.5426068	51.9437712	57.2821828	98.0733599	163.8003879	201.6385041	220.5426068	231.9437712	237.2821828	201.6385041	117.3598350	288.4660276
topocentric	200.000	66.5607	23.4393	24.0	213.2821828	254.0733599	319.8003879	357.6385041	16.5426068	27.9437712	33.2821828	74.0733599	139.8003879	177.6385041	196.5426068	207.9437712	213.2821828	177.6385041	93.3598350	264.4660276
topocentric	200.000	66.5617	23.4393	0.0	237.2802890	278.0708038	343.8000123	21.6385041	40.5421446	51.9427160	57.2802890	98.0708038	163.8000123	201.6385041	220.5421446	231.9427160	237.2802890	201.6385041	117.3594383	288.4660276
topocentric	200.000	66.5617	23.4393	24.0	213.2802890	254.0708038	319.8000123	357.6385041	16.5421446	27.9427160	33.2802890	74.0708038	139.8000123	177.6385041	196.5421446	207.9427160	213.2802890	177.6385041	93.3594383	264.4660276
topocentric	200.000	70.0000	23.4393	0.0	230.3383184	267.7053018	342.1504686	21.6385041	38.7626277	47.9619922	50.3383184	87.7053018	162.1504686	201.6385041	218.7626277	227.9619922	230.3383184	201.6385041	116.0126922	288.4660276
topocentric	200.000	70.0000	23.4393	24.0	206.3383184	243.7053018	318.1504686	357.6385041	14.7626277	23.9619922	26.3383184	63.7053018	138.1504686	177.6385041	194.7626277	203.9619922	206.3383184	177.6385041	92.0126922	264.4660276
topocentric	200.000	89.9990	23.4393	0.0	0.0023624	0.0024240	0.0013098	21.6385041	0.0057770	0.0037136	180.0023624	180.0024240	180.0013098	201.6385041	180.0057770	180.0037136	0.0023624	201.6385041	108.4664084	288.4660276
topocentric	200.000	89.9990	23.4393	24.0	336.0023624	336.0024240	336.0013098	357.6385041	336.0057770	336.0037136	156.0023624	156.0024240	156.0013098	177.6385041	156.0057770	156.0037136	336.0023624	177.6385041	84.4664084	264.4660276
topocentric	200.000	90.0000	23.4393	0.0	refused	refused	refused	refused	refused	refused	refused	refused	refused	refused	refused	refused	refused	refused	refused	refused
topocentric	200.000	90.0000	23.4393	24.0	refused	refused	refused	refused	refused	refused	refused	refused	refused	refused	refused	refused	refused	refused	refused	refused
topocentric	280.457	-89.9990	23.4393	0.0	0.0004563	0.0024468	0.0071071	99.6109051	179.9942619	179.9987386	180.0004563	180.0024468	180.0071071	279.6109051	359.9942619	359.9987386	0.0004563	279.6109051	191.3740424	11.3739572
topocentric	280.457	-89.9990	23.4393	24.0	336.0004563	336.0024468	336.0071071	75.6109051	155.9942619	155.9987386	156.0004563	156.0024468	156.0071071	255.6109051	335.9942619	335.9987386	336.0004563	255.6109051	167.3740424	347.3739572
topocentric	280.457	-80.0000	23.4393	0.0	3.2891453	16.4186857	41.6687102	99.6109051	150.5442739	171.9612389	183.2891453	196.4186857	221.6687102	279.6109051	330.5442739	351.9612389	3.2891453	279.6109051	192.3045559	11.3739572
topocentric	280.457	-80.0000	23.4393	24.0	339.2891453	352.4186857	17.6687102	75.6109051	126.5442739	147.9612389	159.2891453	172.4186857	197.6687102	255.6109051	306.5442739	327.9612389	339.2891453	255.6109051	168.3045559	347.3739572
topocentric	280.457	-66.5617	23.4393	0.0	5.6956473	26.3540739	56.9676379	99.6109051	139.8244461	167.2330452	185.6956473	206.3540739	236.9676379	279.6109051	319.8244461	347.2330452	5.6956473	279.6109051	193.9659455	11.3739572
topocentric	280.457	-66.5617	23.4393	24.0	341.6956473	2.3540739	32.9676379	75.6109051	115.8244461	143.2330452	161.6956473	182.3540739	212.9676379	255.6109051	295.8244461	323.2330452	341.6956473	255.6109051	169.9659455	347.3739572
topocentric	280.457	-66.5597	23.4393	0.0	5.6959202	26.3550920	56.9688879	99.6109051	139.8235293	167.2325558	185.6959202	206.3550920	236.9688879	279.6109051	319.8235293	347.2325558	5.6959202	279.6109051	193.9662488	11.3739572
topocentric	280.457	-66.5597	23.4393	24.0	341.6959202	2.3550920	32.9688879	75.6109051	115.8235293	143.2325558	161.6959202	182.3550920	212.9688879	255.6109051	295.8235293	323.2325558	341.6959202	255.6109051	169.9662488	347.3739572
topocentric	280.457	-60.0000	23.4393	0.0	6.5071649	29.2760391	60.3441761	99.6109051	137.3144701	165.8201004	186.5071649	209.2760391	240.3441761	279.6109051	317.3144701	345.8201004	6.5071649	279.6109051	195.1015586	11.3739572
topocentric	280.457	-60.0000	23.4393	24.0	342.5071649	5.2760391	36.3441761	75.6109051	113.3144701	141.8201004	162.5071649	185.2760391	216.3441761	255.6109051	293.3144701	321.8201004	342.5071649	255.6109051	171.1015586	347.3739572
topocentric	280.457	-30.0000	23.4393	0.0	9.1096939	37.3182546	67.8583699	99.6109051	131.4452130	161.8050166	189.1096939	217.3182546	247.8583699	279.6109051	311.4452130	341.8050166	9.1096939	279.6109051	220.3980752	11.3739572
topocentric	280.457	-30.0000	23.4393	24.0	345.1096939	13.3182546	43.8583699	75.6109051	107.4452130	137.8050166	165.1096939	193.3182546	223.8583699	255.6109051	287.4452130	317.8050166	345.1096939	255.6109051	196.3980752	347.3739572
topocentric	280.457	0.5000	23.4393	0.0	11.4167356	43.0018092	72.0246210	99.6109051	127.9860228	158.7973826	191.4167356	223.0018092	252.0246210	279.6109051	307.9860228	338.7973826	11.4167356	279.6109051	180.2237160	11.3739572
topocentric	280.457	0.5000	23.4393	24.0	347.4167356	19.0018092	48.0246210	75.6109051	103.9860228	134.7973826	167.4167356	199.0018092	228.0246210	255.6109051	283.9860228	314.7973826	347.4167356	255.6109051	156.2237160	347.3739572
topocentric	280.457	17.3000	23.4393	0.0	13.1258215	46.5116904	74.2595096	99.6109051	126.0597845	156.8411448	193.1258215	226.5116904	254.2595096	279.6109051	306.0597845	336.8411448	13.1258215	279.6109051	184.7606192	11.3739572
topocentric	280.457	17.3000	23.4393	24.0	349.1258215	22.5116904	50.2595096	75.6109051	102.0597845	132.8411448	169.1258215	202.5116904	230.2595096	255.6109051	282.0597845	312.8411448	349.1258215	255.6109051	160.7606192	347.3739572
topocentric	280.457	40.0000	23.4393	0.0	17.7069435	53.7607508	78.2712753	99.6109051	122.4642318	152.4822474	197.7069435	233.7607508	258.2712753	279.6109051	302.4642318	332.4822474	17.7069435	279.6109051	187.5124678	11.3739572
topocentric	280.457	40.0000	23.4393	24.0	353.7069435	29.7607508	54.2712753	75.6109051	98.4642318	128.4822474	173.7069435	209.7607508	234.2712753	255.6109051	278.4642318	308.4822474	353.7069435	255.6109051	163.5124678	347.3739572
topocentric	280.457	47.6000	23.4393	0.0	21.2540645	57.8587425	80.2635132	99.6109051	120.6075275	149.7765401	201.2540645	237.8587425	260.2635132	279.6109051	300.6075275	329.7765401	21.2540645	279.6109051	188.1619097	11.3739572
topocentric	280.457	47.6000	23.4393	24.0	357.2540645	33.8587425	56.2635132	75.6109051	96.6075275	125.7765401	177.2540645	213.8587425	236.2635132	255.6109051	276.6075275	305.7765401	357.2540645	255.6109051	164.1619097	347.3739572
topocentric	280.457	60.0000	23.4393	0.0	40.3980752	69.7959719	85.3135689	99.6109051	115.6683924	140.4663426	220.3980752	249.7959719	265.3135689	279.6109051	295.6683924	320.4663426	40.3980752	279.6109051	189.1096939	11.3739572
topocentric	280.457	60.0000	23.4393	24.0	16.3980752	45.7959719	61.3135689	75.6109051	91.6683924	116.4663426	196.3980752	225.7959719	241.3135689	255.6109051	271.6683924	296.4663426	16.3980752	255.6109051	165.1096939	347.3739572
topocentric	280.457	66.5597	23.4393	0.0	94.7854057	82.4085319	89.9332399	99.6109051	110.8318585	127.1010878	274.7854057	262.4085319	269.9332399	279.6109051	290.8318585	307.1010878	94.7854057	279.6109051	189.5856940	11.3739572
topocentric	280.457	66.5597	23.4393	24.0	70.7854057	58.4085319	65.9332399	75.6109051	86.8318585	103.1010878	250.7854057	238.4085319	245.9332399	255.6109051	266.8318585	283.1010878	70.7854057	255.6109051	165.5856940	347.3739572
topocentric	280.457	66.5607	23.4393	0.0	94.7991597	82.4110697	89.9341291	99.6109051	110.8308965	127.0979007	274.7991597	262.4110697	269.9341291	279.6109051	290.8308965	307.0979007	94.7991597	279.6109051	189.5857662	11.3739572
topocentric	280.457	66.5607	23.4393	24.0	70.7991597	58.4110697	65.9341291	75.6109051	86.8308965	103.0979007	250.7991597	238.4110697	245.9341291	255.6109051	266.8308965	283.0979007	70.7991597	255.6109051	165.5857662	347.3739572
topocentric	280.457	66.5617	23.4393	0.0	94.8129143	82.4136076	89.9350184	99.6109051	110.8299344	127.0947131	274.8129143	262.4136076	269.9350184	279.6109051	290.8299344	307.0947131	94.8129143	279.6109051	189.5858384	11.3739572
topocentric	280.457	66.5617	23.4393	24.0	70.8129143	58.4136076	65.9350184	75.6109051	86.8299344	103.0947131	250.8129143	238.4136076	245.9350184	255.6109051	266.8299344	283.0947131	70.8129143	255.6109051	165.5858384	347.3739572
topocentric	280.457	70.0000	23.4393	0.0	316.4073609	92.6897255	93.4845457	99.6109051	106.8904454	112.1301281	136.4073609	272.6897255	273.4845457	279.6109051	286.8904454	292.1301281	316.4073609	279.6109051	189.8342845	11.3739572
topocentric	280.457	70.0000	23.4393	24.0	292.4073609	68.6897255	69.4845457	75.6109051	82.8904454	88.1301281	112.4073609	248.6897255	249.4845457	255.6109051	262.8904454	268.1301281	292.4073609	255.6109051	165.8342845	347.3739572
topocentric	280.457	89.9990	23.4393	0.0	359.9995437	359.9975530	359.9928923	99.6109051	180.0057390	180.0012615	179.9995437	179.9975530	179.9928923	279.6109051	0.0057390	0.0012615	359.9995437	279.6109051	191.3738720	11.3739572
topocentric	280.457	89.9990	23.4393	24.0	335.9995437	335.9975530	335.9928923	75.6109051	156.0057390	156.0012615	155.9995437	155.9975530	155.9928923	255.6109051	336.0057390	336.0012615	335.9995437	255.6109051	167.3738720	347.3739572
topocentric	280.457	90.0000	23.4393	0.0	refused	refused	refused	refused	refused	refused	refused	refused	refused	refused	refused	refused	refused	refused	refused	refused
topocentric	280.457	90.0000	23.4393	24.0	refused	refused	refused	refused	refused	refused	refused	refused	refused	refused	refused	refused	refused	refused	refused	refused
topocentric	333.300	-89.9990	23.4393	0.0	0.0022459	180.0037647	180.0063040	151.2692165	180.0004341	180.0020702	180.0022459	0.0037647	0.0063040	331.2692165	0.0004341	0.0020702	0.0022459	331.2692165	245.2296236	65.2292565
topocentric	333.300	-89.9990	23.4393	24.0	336.0022459	156.0037647	156.0063040	127.2692165	156.0004341	156.0020702	156.0022459	336.0037647	336.0063040	307.2692165	336.0004341	336.0020702	336.0022459	307.2692165	221.2296236	41.2292565
topocentric	333.300	-80.0000	23.4393	0.0	18.5119945	34.5271249	73.4575906	151.2692165	181.9766224	193.5919956	198.5119945	214.5271249	253.4575906	331.2692165	1.9766224	13.5919956	18.5119945	331.2692165	249.0464052	65.2292565
topocentric	333.300	-80.0000	23.4393	24.0	354.5119945	10.5271249	49.4575906	127.2692165	157.9766224	169.5919956	174.5119945	190.5271249	229.4575906	307.2692165	337.9766224	349.5919956	354.5119945	307.2692165	225.0464052	41.2292565
topocentric	333.300	-66.5617	23.4393	0.0	33.8941933	60.7599760	103.3194823	151.2692165	182.6974396	201.7158661	213.8941933	240.7599760	283.3194823	331.2692165	2.6974396	21.7158661	33.8941933	331.2692165	254.9751963	65.2292565
topocentric	333.300	-66.5617	23.4393	24.0	9.8941933	36.7599760	79.3194823	127.2692165	158.6974396	177.7158661	189.8941933	216.7599760	259.3194823	307.2692165	338.6974396	357.7158661	9.8941933	307.2692165	230.9751963	41.2292565
topocentric	333.300	-66.5597	23.4393	0.0	33.8959436	60.7625325	103.3213811	151.2692165	182.6975040	201.7167020	213.8959436	240.7625325	283.3213811	331.2692165	2.6975040	21.7167020	33.8959436	331.2692165	254.9761831	65.2292565
topocentric	333.300	-66.5597	23.4393	24.0	9.8959436	36.7625325	79.3213811	127.2692165	158.6975040	177.7167020	189.8959436	216.7625325	259.3213811	307.2692165	338.6975040	357.7167020	9.8959436	307.2692165	230.9761831	41.2292565
topocentric	333.300	-60.0000	23.4393	0.0	39.0510900	67.8450818	108.1543476	151.2692165	182.8765311	204.1209673	219.0510900	247.8450818	288.1543476	331.2692165	2.8765311	24.1209673	39.0510900	331.2692165	258.4490906	65.2292565
topocentric	333.300	-60.0000	23.4393	24.0	15.0510900	43.8450818	84.1543476	127.2692165	158.8765311	180.1209673	195.0510900	223.8450818	264.1543476	307.2692165	338.8765311	0.1209673	15.0510900	307.2692165	234.4490906	41.2292565
topocentric	333.300	-30.0000	23.4393	0.0	54.3022646	84.2634734	117.0707675	151.2692165	183.3193372	210.8287975	234.3022646	264.2634734	297.0707675	331.2692165	3.3193372	30.8287975	54.3022646	331.2692165	287.2107540	65.2292565
topocentric	333.300	-30.0000	23.4393	24.0	30.3022646	60.2634734	93.0707675	127.2692165	159.3193372	186.8287975	210.3022646	240.2634734	273.0707675	307.2692165	339.3193372	6.8287975	30.3022646	307.2692165	263.2107540	41.2292565
topocentric	333.300	0.5000	23.4393	0.0	65.4130769	93.1606491	121.1343882	151.2692165	183.6005906	215.6830249	245.4130769	273.1606491	301.1343882	331.2692165	3.6005906	35.6830249	65.4130769	331.2692165	181.1127773	65.2292565
topocentric	333.300	0.5000	23.4393	24.0	41.4130769	69.1606491	97.1343882	127.2692165	159.6005906	191.6830249	221.4130769	249.1606491	277.1343882	307.2692165	339.6005906	11.6830249	41.4130769	307.2692165	157.1127773	41.2292565
topocentric	333.300	17.3000	23.4393	0.0	72.1117805	97.7241625	123.1077222	151.2692165	183.7653673	218.7428842	252.1117805	277.7241625	303.1077222	331.2692165	3.7653673	38.7428842	72.1117805	331.2692165	207.8709169	65.2292565
topocentric	333.300	17.3000	23.4393	24.0	48.1117805	73.7241625	99.1077222	127.2692165	159.7653673	194.7428842	228.1117805	253.7241625	279.1077222	307.2692165	339.7653673	14.7428842	48.1117805	307.2692165	183.8709169	41.2292565
topocentric	333.300	40.0000	23.4393	0.0	84.9804329	105.4182062	126.3451793	151.2692165	184.0916583	225.2463572	264.9804329	285.4182062	306.3451793	331.2692165	4.0916583	45.2463572	84.9804329	331.2692165	225.2278332	65.2292565
topocentric	333.300	40.0000	23.4393	24.0	60.9804329	81.4182062	102.3451793	127.2692165	160.0916583	201.2463572	240.9804329	261.4182062	282.3451793	307.2692165	340.0916583	21.2463572	60.9804329	307.2692165	201.2278332	41.2292565
topocentric	333.300	47.6000	23.4393	0.0	91.4990950	108.9728942	127.8259767	151.2692165	184.2712285	229.0496433	271.4990950	288.9728942	307.8259767	331.2692165	4.2712285	49.0496433	91.4990950	331.2692165	229.0414226	65.2292565
topocentric	333.300	47.6000	23.4393	24.0	67.4990950	84.9728942	103.8259767	127.2692165	160.2712285	205.0496433	247.4990950	264.9728942	283.8259767	307.2692165	340.2712285	25.0496433	67.4990950	307.2692165	205.0414226	41.2292565
topocentric	333.300	60.0000	23.4393	0.0	107.2107540	117.1568362	131.2651863	151.2692165	184.7944859	240.7454721	287.2107540	297.1568362	311.2651863	331.2692165	4.7944859	60.7454721	107.2107540	331.2692165	234.3022646	65.2292565
topocentric	333.300	60.0000	23.4393	24.0	83.2107540	93.1568362	107.2651863	127.2692165	160.7944859	216.7454721	263.2107540	273.1568362	287.2651863	307.2692165	340.7944859	36.7454721	83.2107540	307.2692165	210.3022646	41.2292565
topocentric	333.300	66.5597	23.4393	0.0	119.4878926	123.6454714	134.0850627	151.2692165	185.3895817	254.2140117	299.4878926	303.6454714	314.0850627	331.2692165	5.3895817	74.2140117	119.4878926	331.2692165	236.7954143	65.2292565
topocentric	333.300	66.5597	23.4393	24.0	95.4878926	99.6454714	110.0850627	127.2692165	161.3895817	230.2140117	275.4878926	279.6454714	290.0850627	307.2692165	341.3895817	50.2140117	95.4878926	307.2692165	212.7954143	41.2292565
topocentric	333.300	66.5607	23.4393	0.0	119.4900247	123.6466348	134.0855800	151.2692165	185.3897102	254.2168384	299.4900247	303.6466348	314.0855800	331.2692165	5.3897102	74.2168384	119.4900247	331.2692165	236.7957846	65.2292565
topocentric	333.300	66.5607	23.4393	24.0	95.4900247	99.6466348	110.0855800	127.2692165	161.3897102	230.2168384	275.4900247	279.6466348	290.0855800	307.2692165	341.3897102	50.2168384	95.4900247	307.2692165	212.7957846	41.2292565
topocentric	333.300	66.5617	23.4393	0.0	119.4921568	123.6477982	134.0860973	151.2692165	185.3898386	254.2196654	299.4921568	303.6477982	314.0860973	331.2692165	5.3898386	74.2196654	119.4921568	331.2692165	236.7961550	65.2292565
topocentric	333.300	66.5617	23.4393	24.0	95.4921568	99.6477982	110.0860973	127.2692165	161.3898386	230.2196654	275.4921568	279.6477982	290.0860973	307.2692165	341.3898386	50.2196654	95.4921568	307.2692165	212.7961550	41.2292565
topocentric	333.300	70.0000	23.4393	0.0	127.3030611	128.0503311	136.0828856	151.2692165	185.9570167	266.0148132	307.3030611	308.0503311	316.0828856	331.2692165	5.9570167	86.0148132	127.3030611	331.2692165	238.0562699	65.2292565
topocentric	333.300	70.0000	23.4393	24.0	103.3030611	104.0503311	112.0828856	127.2692165	161.9570167	242.0148132	283.3030611	284.0503311	292.0828856	307.2692165	341.9570167	62.0148132	103.3030611	307.2692165	214.0562699	41.2292565
topocentric	333.300	89.9990	23.4393	0.0	359.9977541	179.9962353	179.9936968	151.2692165	179.9995658	179.9979296	179.9977541	359.9962353	359.9936968	331.2692165	359.9995658	359.9979296	359.9977541	331.2692165	245.2288894	65.2292565
topocentric	333.300	89.9990	23.4393	24.0	335.9977541	155.9962353	155.9936968	127.2692165	155.9995658	155.9979296	155.9977541	335.9962353	335.9936968	307.2692165	335.9995658	335.9979296	335.9977541	307.2692165	221.2288894	41.2292565
topocentric	333.300	90.0000	23.4393	0.0	refused	refused	refused	refused	refused	refused	refused	refused	refused	refused	refused	refused	refused	refused	refused	refused
topocentric	333.300	90.0000	23.4393	24.0	refused	refused	refused	refused	refused	refused	refused	refused	refused	refused	refused	refused	refused	refused	refused	refused
